id,dataset,split,question,prediction,answers,agent,raw_prediction,correct
WebQTest-1198,webqsp,test,who influenced samuel taylor coleridge?,"Samuel Taylor Coleridge was influenced by a wide range of thinkers and writers, most notably:

*   **Philosophers:** Immanuel Kant, Plato, and the German Idealists.
*   **Poets/Literary Figures:** William Wordsworth, John Milton, and the ballad tradition.
*   **Theologians/Mystics:** The works of Jakob Böhme and Neoplatonism.
*   **Contemporary Thinkers:** The chemist and Unitarian Joseph Priestley.","['Giambattista Vico', 'Baruch Spinoza', 'Thomas Browne', 'Friedrich Wilhelm Joseph Schelling', 'Emanuel Swedenborg', 'Immanuel Kant', 'John Milton', 'William Shakespeare', 'Robert Burns', 'Algernon Charles Swinburne']",ToG,"Samuel Taylor Coleridge was influenced by a wide range of thinkers and writers, most notably:

*   **Philosophers:** Immanuel Kant, Plato, and the German Idealists.
*   **Poets/Literary Figures:** William Wordsworth, John Milton, and the ballad tradition.
*   **Theologians/Mystics:** The works of Jakob Böhme and Neoplatonism.
*   **Contemporary Thinkers:** The chemist and Unitarian Joseph Priestley.",True
WebQTest-1092,webqsp,test,who did viggo mortensen play in lord of the rings?,"Viggo Mortensen played Aragorn, the heir to the throne of Gondor.",['Aragorn'],ToG,"Viggo Mortensen played Aragorn, the heir to the throne of Gondor.",True
WebQTest-713,webqsp,test,what county is st. louis park in?,"St. Louis Park is in Hennepin County, Minnesota.",['Hennepin County'],ToG,"St. Louis Park is in Hennepin County, Minnesota.",True
WebQTest-1637,webqsp,test,what are the catholic holy days?,"In the Catholic Church, the **Holy Days of Obligation** are the principal feast days (outside of Sundays) on which the faithful are required to attend Mass.

The universal list from the Code of Canon Law includes:
1. The Nativity of Our Lord Jesus Christ (Christmas) — December 25
2. The Epiphany — January 6
3. The Ascension of the Lord (40 days after Easter)
4. The Body and Blood of Christ (Corpus Christi) — Thursday after Trinity Sunday
5. Mary, Mother of God — January 1
6. The Immaculate Conception — December 8
7. The Assumption of Mary — August 15
8. St. Joseph — March 19
9. The Feast of Saints Peter and Paul — June 29
10. All Saints' Day — November 1

**Important note:** National bishops' conferences can modify this list with Vatican approval. For example, in the United States,","['Feast of St. Margaret of the Árpád House', 'Feast of Our Lady of Hungary', 'Feast of Our Lady of the Rosary', ""Our Lady of Aparecida's day"", 'Father Damien Day', 'Our Lady of Guadalupe Day', 'St. Spiridon Day', ""Saint Nicholas' Eve"", 'Feast of Assumption', ""Euthymius the Great's Feast Day"", 'The Feast of Our Lady of Mount Carmel', ""St. Anthony's Day"", 'Feast of Our Lady of Sorrows', ""St Joseph's Day"", ""Saint Patrick's Day"", 'Maundy Thursday', ""St. Stephen's Day"", 'Corpus Christi', 'Nativity of Mary', 'Olsok', 'Feast of the Immaculate Conception', 'Feast of the Cross', 'Feast of Christ the King', 'Name day', 'Fat Thursday', 'World Day of Peace', 'Palm Sunday', 'Saints Cyril and Methodius Day', 'Solemnity of Mary, Mother of God', 'Feast of Saints Peter and Paul', ""St Crispin's Day"", ""St Casimir's Day"", ""All Saints' Day"", 'Feast of St Francis of Assisi', 'St Nicholas Day']",ToG,"In the Catholic Church, the **Holy Days of Obligation** are the principal feast days (outside of Sundays) on which the faithful are required to attend Mass.

The universal list from the Code of Canon Law includes:
1. The Nativity of Our Lord Jesus Christ (Christmas) — December 25
2. The Epiphany — January 6
3. The Ascension of the Lord (40 days after Easter)
4. The Body and Blood of Christ (Corpus Christi) — Thursday after Trinity Sunday
5. Mary, Mother of God — January 1
6. The Immaculate Conception — December 8
7. The Assumption of Mary — August 15
8. St. Joseph — March 19
9. The Feast of Saints Peter and Paul — June 29
10. All Saints' Day — November 1

**Important note:** National bishops' conferences can modify this list with Vatican approval. For example, in the United States,",True
WebQTest-1241,webqsp,test,where does the columbia river start?,"The Columbia River starts at Columbia Lake in the Rocky Mountain Trench of British Columbia, Canada.",['Columbia Lake'],ToG,"The Columbia River starts at Columbia Lake in the Rocky Mountain Trench of British Columbia, Canada.",True
WebQTest-377,webqsp,test,what school did michael jordan attend?,Michael Jordan attended the University of North Carolina at Chapel Hill.,"['Emsley A. Laney High School', 'University of North Carolina at Chapel Hill']",ToG,Michael Jordan attended the University of North Carolina at Chapel Hill.,True
WebQTest-1488,webqsp,test,what type of art does marc chagall do?,"Marc Chagall is best known for **modernist painting**, blending elements of **Cubism, Symbolism, and Fauvism** with dreamlike, poetic scenes inspired by his Jewish heritage and folklore. His work is often described as **fantasy or surreal**, though he predated the Surrealist movement. He also worked in stained glass, printmaking, and stage sets.","['Modern art', 'Fauvism', 'Surrealism', 'Cubism', 'Expressionism']",ToG,"Marc Chagall is best known for **modernist painting**, blending elements of **Cubism, Symbolism, and Fauvism** with dreamlike, poetic scenes inspired by his Jewish heritage and folklore. His work is often described as **fantasy or surreal**, though he predated the Surrealist movement. He also worked in stained glass, printmaking, and stage sets.",True
WebQTest-383,webqsp,test,what language do chinese people write in?,"Chinese people primarily write in **Standard Chinese**, which uses **Simplified Chinese characters** in mainland China and **Traditional Chinese characters** in Taiwan, Hong Kong, and Macau.","['Nüshu script', 'Simplified Chinese character', 'Traditional Chinese characters', ""'Phags-pa script"", 'Chinese characters']",ToG,"Chinese people primarily write in **Standard Chinese**, which uses **Simplified Chinese characters** in mainland China and **Traditional Chinese characters** in Taiwan, Hong Kong, and Macau.",True
WebQTest-1619,webqsp,test,where do the appalachian mountains run?,"The Appalachian Mountains run along the eastern side of North America, from Newfoundland and Labrador in Canada down to central Alabama in the United States.",['North America'],ToG,"The Appalachian Mountains run along the eastern side of North America, from Newfoundland and Labrador in Canada down to central Alabama in the United States.",True
WebQTest-1508,webqsp,test,when did bill clinton go to college?,"Bill Clinton attended Georgetown University from 1964 to 1968, earning a Bachelor of Science in Foreign Service.","['Yale Law School', 'Edmund A. Walsh School of Foreign Service', 'University of Oxford', 'University Yale', 'Georgetown University', 'University College, Oxford']",ToG,"Bill Clinton attended Georgetown University from 1964 to 1968, earning a Bachelor of Science in Foreign Service.",True
WebQTest-266,webqsp,test,what is there to do for fun in kansas city?,"Kansas City offers a mix of culture, food, and entertainment. Key highlights include:

*   **Explore distinct neighborhoods** like the Crossroads Arts District (galleries, First Fridays) and the Country Club Plaza (Spanish architecture, shopping).
*   **Immerse in music history** at the American Jazz Museum or catch live jazz at venues like the Green Lady Lounge.
*   **Visit world-class museums** such as the Nelson-Atkins Museum of Art and the National WWI Museum.
*   **Enjoy famous Kansas City BBQ** at legendary spots like Joe's Kansas City or Arthur Bryant's.
*   **Cheer on professional sports** teams like the Chiefs (NFL) or Sporting KC (MLS).
*   **Experience family attractions** like the Kansas City Zoo, Science City, or shopping at the City Market.","['Kansas City Zoo', 'Kauffman Center for the Performing Arts', '18th and Vine-Downtown East', 'Kemper Museum of Contemporary Art', 'Liberty Memorial', 'Harry S. Truman Presidential Library and Museum', 'Crown Center', 'Worlds of Fun', 'Sprint Center', 'Negro Leagues Baseball Museum', 'Boulevard Brewing Company', 'Oceans of Fun', 'Hotel Phillips', 'Deer Creek Golf Course', 'Ewing and Muriel Kauffman Memorial Garden']",ToG,"Kansas City offers a mix of culture, food, and entertainment. Key highlights include:

*   **Explore distinct neighborhoods** like the Crossroads Arts District (galleries, First Fridays) and the Country Club Plaza (Spanish architecture, shopping).
*   **Immerse in music history** at the American Jazz Museum or catch live jazz at venues like the Green Lady Lounge.
*   **Visit world-class museums** such as the Nelson-Atkins Museum of Art and the National WWI Museum.
*   **Enjoy famous Kansas City BBQ** at legendary spots like Joe's Kansas City or Arthur Bryant's.
*   **Cheer on professional sports** teams like the Chiefs (NFL) or Sporting KC (MLS).
*   **Experience family attractions** like the Kansas City Zoo, Science City, or shopping at the City Market.",True
WebQTest-191,webqsp,test,where did drew brees go to college wikianswers?,Drew Brees attended Purdue University.,"['Stanford Graduate School of Business', 'Purdue University']",ToG,Drew Brees attended Purdue University.,True
WebQTest-554,webqsp,test,what money do they use in spain?,Spain uses the **Euro (€)** as its official currency.,['Euro'],ToG,Spain uses the **Euro (€)** as its official currency.,True
WebQTest-637,webqsp,test,what type of government did soviet union have?,"The Soviet Union had a single-party communist government, officially a federal socialist republic, but in practice it was a highly centralized authoritarian state ruled by the Communist Party.","['Communist state', 'Socialist state', 'Soviet democracy', 'Parliamentary republic']",ToG,"The Soviet Union had a single-party communist government, officially a federal socialist republic, but in practice it was a highly centralized authoritarian state ruled by the Communist Party.",False
WebQTest-875,webqsp,test,where did hugo chavez go to school?,"Hugo Chávez attended the Military Academy of Venezuela, graduating in 1975. He later studied for a master's degree in political science at Simón Bolívar University, though he left the program before completing it.","['Julian Pino School', ""Daniel Florencio O'Leary School"", 'Simón Bolívar University', 'Bolivarian Military University of Venezuela']",ToG,"Hugo Chávez attended the Military Academy of Venezuela, graduating in 1975. He later studied for a master's degree in political science at Simón Bolívar University, though he left the program before completing it.",True
WebQTest-438,webqsp,test,what university did romney graduated from?,Mitt Romney graduated from Brigham Young University for his bachelor's degree and later earned joint JD and MBA degrees from Harvard University.,['Brigham Young University'],ToG,Mitt Romney graduated from Brigham Young University for his bachelor's degree and later earned joint JD and MBA degrees from Harvard University.,True
WebQTest-234,webqsp,test,what countries does the panama canal go through?,The Panama Canal is located entirely within **Panama**. It does not pass through any other country.,['Panama'],ToG,The Panama Canal is located entirely within **Panama**. It does not pass through any other country.,True
WebQTest-461,webqsp,test,where did clay matthews go to school?,Clay Matthews attended the University of Southern California (USC).,"['University of Southern California', 'Agoura High School']",ToG,Clay Matthews attended the University of Southern California (USC).,True
WebQTest-1441,webqsp,test,where all did picasso live?,"Pablo Picasso lived primarily in:

* **Spain:** Málaga (birth), Barcelona, and Madrid.
* **France:** Paris (main base), and later the South of France (Antibes, Vallauris, Cannes, Mougins).","['Málaga', 'Madrid', 'France']",ToG,"Pablo Picasso lived primarily in:

* **Spain:** Málaga (birth), Barcelona, and Madrid.
* **France:** Paris (main base), and later the South of France (Antibes, Vallauris, Cannes, Mougins).",True
WebQTest-1622,webqsp,test,what ocean is around hawaii?,The Pacific Ocean surrounds Hawaii.,['Pacific Ocean'],ToG,The Pacific Ocean surrounds Hawaii.,True
WebQTest-1757,webqsp,test,what did michael crabtree do?,"Michael Crabtree was an NFL wide receiver, best known for his eight seasons with the San Francisco 49ers (2009–2014) and for making the game-winning touchdown catch in the 2011 NFC Divisional Playoff against the Saints. He also played for the Raiders and Cardinals.","['Wide receiver', 'Athlete', 'American football player']",ToG,"Michael Crabtree was an NFL wide receiver, best known for his eight seasons with the San Francisco 49ers (2009–2014) and for making the game-winning touchdown catch in the 2011 NFC Divisional Playoff against the Saints. He also played for the Raiders and Cardinals.",True
WebQTest-1328,webqsp,test,what did hayes do?,"Rutherford B. Hayes served as the 19th U.S. President (1877–1881). His most consequential action was ending Reconstruction by withdrawing federal troops from the South, which led to the rollback of civil rights for African Americans. He also advocated for civil service reform and attempted to reconcile the divisions left by the Civil War.",['US President'],ToG,"Rutherford B. Hayes served as the 19th U.S. President (1877–1881). His most consequential action was ending Reconstruction by withdrawing federal troops from the South, which led to the rollback of civil rights for African Americans. He also advocated for civil service reform and attempted to reconcile the divisions left by the Civil War.",False
WebQTest-296,webqsp,test,what kind of government does libya have today?,"Libya does not have a single unified national government. It is divided between two rival administrations:

*   The **Government of National Unity (GNU)**, based in Tripoli and led by Prime Minister Abdul Hamid Dbeibah, is internationally recognized.
*   The **Government of National Stability (GNS)**, based in the east and led by Prime Minister Osama Hamada, is backed by the Libyan National Army (LNA).

A stalled political process and the presence of armed militias mean Libya remains in a state of protracted conflict and instability.","['Provisional government', 'Parliamentary republic']",ToG,"Libya does not have a single unified national government. It is divided between two rival administrations:

*   The **Government of National Unity (GNU)**, based in Tripoli and led by Prime Minister Abdul Hamid Dbeibah, is internationally recognized.
*   The **Government of National Stability (GNS)**, based in the east and led by Prime Minister Osama Hamada, is backed by the Libyan National Army (LNA).

A stalled political process and the presence of armed militias mean Libya remains in a state of protracted conflict and instability.",False
WebQTest-527,webqsp,test,what country borders slovakia?,"Slovakia is bordered by five countries: Austria, the Czech Republic, Poland, Ukraine, and Hungary.","['Czech Republic', 'Hungary', 'Poland', 'Ukraine', 'Austria']",ToG,"Slovakia is bordered by five countries: Austria, the Czech Republic, Poland, Ukraine, and Hungary.",True
WebQTest-2001,webqsp,test,who won the 2000 fa cup final?,"Chelsea won the 2000 FA Cup final, beating Aston Villa 1–0.",['Chelsea F.C.'],ToG,"Chelsea won the 2000 FA Cup final, beating Aston Villa 1–0.",False
WebQTest-1997,webqsp,test,who does owen schmitt play for?,Owen Schmitt last played professionally for the **Florida Tuskers** of the United Football League (UFL) in 2010. He is best known for his time as a fullback with the **Seattle Seahawks** (2008–2010) in the NFL.,['Seattle Seahawks'],ToG,Owen Schmitt last played professionally for the **Florida Tuskers** of the United Football League (UFL) in 2010. He is best known for his time as a fullback with the **Seattle Seahawks** (2008–2010) in the NFL.,True
WebQTest-1848,webqsp,test,what instrument does louis armstrong?,Trumpet (and cornet). He was also famous for his distinctive singing voice.,"['Cornet', 'Trumpet']",ToG,Trumpet (and cornet). He was also famous for his distinctive singing voice.,True
WebQTest-482,webqsp,test,who plays blaine in batman?,"Blaine is not a character in any main Batman film or series. You might be thinking of **Bane**, who is played by:

* **Tom Hardy** in *The Dark Knight Rises* (2012)
* **Robert Swenson** in *Batman & Robin* (1997)
* **Shane West** in the TV series *Gotham*","['Matthew Wagner', 'Danny Trejo', 'Carlos Alazraqui', 'Tom Hardy']",ToG,"Blaine is not a character in any main Batman film or series. You might be thinking of **Bane**, who is played by:

* **Tom Hardy** in *The Dark Knight Rises* (2012)
* **Robert Swenson** in *Batman & Robin* (1997)
* **Shane West** in the TV series *Gotham*",True
WebQTest-1780,webqsp,test,who does michael oher play for in 2010?,"In 2010, Michael Oher played for the Baltimore Ravens in the NFL.",['Baltimore Ravens'],ToG,"In 2010, Michael Oher played for the Baltimore Ravens in the NFL.",True
WebQTest-504,webqsp,test,who was philip in acts chapter 8?,"In Acts 8, Philip was one of the seven chosen to serve the early church (Acts 6:5). After persecution scattered believers from Jerusalem, he preached in Samaria, performed miracles, and later baptized an Ethiopian eunuch after being directed by an angel.",['Apostle Philip'],ToG,"In Acts 8, Philip was one of the seven chosen to serve the early church (Acts 6:5). After persecution scattered believers from Jerusalem, he preached in Samaria, performed miracles, and later baptized an Ethiopian eunuch after being directed by an angel.",False
WebQTest-410,webqsp,test,what are the major cities in ukraine?,"The major cities in Ukraine by population are:

1.  **Kyiv (Kyiv)** – The capital and largest city.
2.  **Kharkiv** – Major industrial and educational center in the east.
3.  **Odesa** – Key seaport on the Black Sea.
4.  **Dnipro** – Important industrial hub on the Dnieper River.
5.  **Donetsk** – Currently occupied and heavily damaged; was a major city in the east.
6.  **Lviv** – Cultural and historical center in western Ukraine.
7.  **Zaporizhzhia** – Known for its industry and the nearby nuclear power plant.
8.  **Kryvyi Rih** – Major industrial city, especially for mining and steel.

*Note: The status and population of cities like Donetsk and Mariupol have been significantly affected by the war.*",['Kiev'],ToG,"The major cities in Ukraine by population are:

1.  **Kyiv (Kyiv)** – The capital and largest city.
2.  **Kharkiv** – Major industrial and educational center in the east.
3.  **Odesa** – Key seaport on the Black Sea.
4.  **Dnipro** – Important industrial hub on the Dnieper River.
5.  **Donetsk** – Currently occupied and heavily damaged; was a major city in the east.
6.  **Lviv** – Cultural and historical center in western Ukraine.
7.  **Zaporizhzhia** – Known for its industry and the nearby nuclear power plant.
8.  **Kryvyi Rih** – Major industrial city, especially for mining and steel.

*Note: The status and population of cities like Donetsk and Mariupol have been significantly affected by the war.*",False
WebQTest-2005,webqsp,test,who plays bob kelso in scrubs?,Ken Jenkins plays Dr. Bob Kelso in *Scrubs*.,['Ken Jenkins'],ToG,Ken Jenkins plays Dr. Bob Kelso in *Scrubs*.,True
WebQTest-1894,webqsp,test,what baseball team was jackie robinson on?,"Jackie Robinson played for the Brooklyn Dodgers for his entire Major League career, from 1947 to 1956.","['Kansas City Monarchs', 'Montreal Royals', 'Brooklyn Dodgers']",ToG,"Jackie Robinson played for the Brooklyn Dodgers for his entire Major League career, from 1947 to 1956.",True
WebQTest-1303,webqsp,test,what other movies is josh hutcherson in?,"Josh Hutcherson is known for starring in:

* **The Hunger Games** series (as Peeta Mellark)
* **The Kids Are All Right**
* **Bridge to Terabithia**
* **Journey to the Center of the Earth** (2008)
* **Five Nights at Freddy's**
* **Future Man** (TV series)","['In Dubious Battle', 'The Long Home', 'Bridge to Terabithia', ""Cirque du Freak: The Vampire's Assistant"", 'Firehouse Dog', 'Winged Creatures', 'Party Wagon', 'Journey to the Center of the Earth', 'One Last Ride', 'Wilder Days', 'Miracle Dogs', 'Kicking & Screaming', 'Red Dawn', 'Motocross Kids', 'Zathura', 'The Kids Are All Right', 'The Forger', 'The Polar Express', 'RV', 'Little Manhattan', 'Journey 2: The Mysterious Island', 'American Splendor', 'Detention', 'House Blend', 'The Hunger Games', '7 Days in Havana', 'The Third Rule', 'Epic', 'The Hunger Games: Catching Fire', 'The Hunger Games: Mockingjay, Part 1', 'The Hunger Games: Mockingjay, Part 2', 'Escobar: Paradise Lost']",ToG,"Josh Hutcherson is known for starring in:

* **The Hunger Games** series (as Peeta Mellark)
* **The Kids Are All Right**
* **Bridge to Terabithia**
* **Journey to the Center of the Earth** (2008)
* **Five Nights at Freddy's**
* **Future Man** (TV series)",True
WebQTest-1017,webqsp,test,who plays charlie in the santa clause movies?,"Charlie is played by Eric Lloyd as a child in the main trilogy, and by actor Tim Allen in a cameo as an adult in *The Santa Clause 3*.",['Eric Lloyd'],ToG,"Charlie is played by Eric Lloyd as a child in the main trilogy, and by actor Tim Allen in a cameo as an adult in *The Santa Clause 3*.",True
WebQTest-1526,webqsp,test,how many languages do they speak in switzerland?,"Switzerland has four national languages: German, French, Italian, and Romansh.","['Italian Language', 'German Language', 'French', 'Romansh language']",ToG,"Switzerland has four national languages: German, French, Italian, and Romansh.",True
WebQTest-634,webqsp,test,what county is san antonio in?,"San Antonio is primarily in **Bexar County**, Texas.","['Comal County', 'Medina County', 'Bexar County']",ToG,"San Antonio is primarily in **Bexar County**, Texas.",True
WebQTest-698,webqsp,test,who is robin roberts father?,"Robin Roberts' father was Lawrence E. Roberts Sr., a Tuskegee Airman and a colonel in the U.S. Air Force.",['Lawrence E. Roberts'],ToG,"Robin Roberts' father was Lawrence E. Roberts Sr., a Tuskegee Airman and a colonel in the U.S. Air Force.",True
WebQTest-1708,webqsp,test,what are dallas cowboys colors?,"The Dallas Cowboys' official colors are royal blue, metallic silver, and white.","['Blue', 'Navy Blue', 'Silver', 'Royal blue', 'White']",ToG,"The Dallas Cowboys' official colors are royal blue, metallic silver, and white.",True
WebQTest-1990,webqsp,test,who plays timon's voice in the lion king?,"Nathan Lane voiced Timon in the original 1994 animated *The Lion King*. In the 2019 photorealistic remake, Billy Eichner voiced the character.",['Nathan Lane'],ToG,"Nathan Lane voiced Timon in the original 1994 animated *The Lion King*. In the 2019 photorealistic remake, Billy Eichner voiced the character.",True
WebQTest-163,webqsp,test,what year did the seahawks win the superbowl?,"The Seattle Seahawks won Super Bowl XLVIII in the 2013 season, which took place in February 2014.",['Super Bowl XLVIII'],ToG,"The Seattle Seahawks won Super Bowl XLVIII in the 2013 season, which took place in February 2014.",True
WebQTest-1566,webqsp,test,what kind of guitar john mayer?,"John Mayer primarily plays electric guitars, most famously his custom Fender Stratocasters (especially his signature ""Super Eagle"" and ""Black1"" models). He also frequently uses PRS Silver Sky models, which he helped design. For acoustic performances, he often plays Martin and Taylor guitars.",['Fender Stratocaster'],ToG,"John Mayer primarily plays electric guitars, most famously his custom Fender Stratocasters (especially his signature ""Super Eagle"" and ""Black1"" models). He also frequently uses PRS Silver Sky models, which he helped design. For acoustic performances, he often plays Martin and Taylor guitars.",True
WebQTest-1614,webqsp,test,what religion was king louis xiv?,King Louis XIV was a devout Roman Catholic.,['Catholicism'],ToG,King Louis XIV was a devout Roman Catholic.,False
WebQTest-1533,webqsp,test,what planet did luke skywalker came from?,Luke Skywalker was from the desert planet Tatooine.,['Polis Massa'],ToG,Luke Skywalker was from the desert planet Tatooine.,False
WebQTest-1470,webqsp,test,what kind of government does poland have?,"Poland is a parliamentary republic with a multi-party system. It has a President as the head of state and a Prime Minister as the head of government. Its structure is defined by its Constitution, which establishes a separation of powers among the executive, legislative, and judicial branches.","['Democracy', 'Parliamentary republic']",ToG,"Poland is a parliamentary republic with a multi-party system. It has a President as the head of state and a Prime Minister as the head of government. Its structure is defined by its Constitution, which establishes a separation of powers among the executive, legislative, and judicial branches.",True
WebQTest-1557,webqsp,test,where do florida panthers play?,"The Florida Panthers play at the Amerant Bank Arena in Sunrise, Florida.","['BB&T Center', 'Miami Arena']",ToG,"The Florida Panthers play at the Amerant Bank Arena in Sunrise, Florida.",False
WebQTest-1917,webqsp,test,what did charles babbage discover?,"Charles Babbage is best known for designing the first mechanical computers, the **Difference Engine** (for calculating polynomial functions) and the more general **Analytical Engine** (a programmable mechanical computer), laying the conceptual foundation for modern computing.","['Difference engine', 'Analytical Engine']",ToG,"Charles Babbage is best known for designing the first mechanical computers, the **Difference Engine** (for calculating polynomial functions) and the more general **Analytical Engine** (a programmable mechanical computer), laying the conceptual foundation for modern computing.",True
WebQTest-512,webqsp,test,who were mary shelley?,"Mary Shelley was an English novelist, best known as the author of **""Frankenstein; or, The Modern Prometheus""** (1818). She was the daughter of philosopher William Godwin and feminist writer Mary Wollstonecraft, and she was married to the Romantic poet Percy Bysshe Shelley.","['Editor', 'Biographer', 'Playwright', 'Travel writer', 'Novelist', 'Writer', 'Essayist', 'Author']",ToG,"Mary Shelley was an English novelist, best known as the author of **""Frankenstein; or, The Modern Prometheus""** (1818). She was the daughter of philosopher William Godwin and feminist writer Mary Wollstonecraft, and she was married to the Romantic poet Percy Bysshe Shelley.",True
WebQTest-1047,webqsp,test,who does amy stiller play in dodgeball?,Amy Stiller plays the character **Lazerina** in the 2004 film *Dodgeball: A True Underdog Story*.,['Keno Waitress'],ToG,Amy Stiller plays the character **Lazerina** in the 2004 film *Dodgeball: A True Underdog Story*.,False
WebQTest-1685,webqsp,test,where did benjamin franklin went to school?,"Benjamin Franklin did not attend college. His formal education ended at the Boston Latin School, and he briefly attended George Brownell’s school for writing and arithmetic. He was largely self-taught through reading and apprenticeships.",['Boston Latin School'],ToG,"Benjamin Franklin did not attend college. His formal education ended at the Boston Latin School, and he briefly attended George Brownell’s school for writing and arithmetic. He was largely self-taught through reading and apprenticeships.",True
WebQTest-218,webqsp,test,in which continent is germany?,Europe,['Europe'],ToG,Europe,True
WebQTest-938,webqsp,test,who was queen elizabeth ii mom?,"Queen Elizabeth II's mother was Elizabeth Bowes-Lyon, commonly known as Queen Elizabeth The Queen Mother.",['Queen Elizabeth The Queen Mother'],ToG,"Queen Elizabeth II's mother was Elizabeth Bowes-Lyon, commonly known as Queen Elizabeth The Queen Mother.",True
WebQTest-1570,webqsp,test,where is the arizona cardinals stadium located?,"The Arizona Cardinals' stadium is located in Glendale, Arizona. Its official name is State Farm Stadium.",['Arizona'],ToG,"The Arizona Cardinals' stadium is located in Glendale, Arizona. Its official name is State Farm Stadium.",True
WebQTest-935,webqsp,test,where was osama bin laden killed?,"Osama bin Laden was killed in Abbottabad, Pakistan.",['Abbottabad'],ToG,"Osama bin Laden was killed in Abbottabad, Pakistan.",True
WebQTest-454,webqsp,test,where did hank marvin come from?,"Hank Marvin was born in Newcastle upon Tyne, England.",['Newcastle upon Tyne'],ToG,"Hank Marvin was born in Newcastle upon Tyne, England.",True
WebQTest-1807,webqsp,test,what was wayne gretzky's first team?,"Wayne Gretzky's first professional team was the **Indianapolis Racers** of the World Hockey Association (WHA). However, he only played 8 games for them before being sold to the **Edmonton Oilers**, the team with which he became famous.",['Edmonton Oilers'],ToG,"Wayne Gretzky's first professional team was the **Indianapolis Racers** of the World Hockey Association (WHA). However, he only played 8 games for them before being sold to the **Edmonton Oilers**, the team with which he became famous.",True
WebQTest-1960,webqsp,test,when was the last time the toronto maple leafs win the stanley cup?,The Toronto Maple Leafs last won the Stanley Cup in 1967.,['1967 Stanley Cup Finals'],ToG,The Toronto Maple Leafs last won the Stanley Cup in 1967.,False
WebQTest-757,webqsp,test,who is angelina jolie mom and dad?,"Angelina Jolie's mother is actress Marcheline Bertrand, and her father is actor Jon Voight.","['Marcheline Bertrand', 'Jon Voight']",ToG,"Angelina Jolie's mother is actress Marcheline Bertrand, and her father is actor Jon Voight.",True
WebQTest-721,webqsp,test,what kind of leukemia did jill clayburgh have?,Jill Clayburgh had chronic lymphocytic leukemia (CLL).,"['B-cell chronic lymphocytic leukemia', 'Leukemia']",ToG,Jill Clayburgh had chronic lymphocytic leukemia (CLL).,True
WebQTest-123,webqsp,test,what all does google now do?,"Google Now (now evolved into Google Assistant/Feed) was a predictive information service that:

*   **Proactively delivered cards** with relevant info like weather, traffic, commute times, and sports scores.
*   **Tracked packages, flights, and events** from your email.
*   **Provided reminders** based on time or location.
*   **Offered personalized updates** on topics like news, stocks, and nearby places.

Its core functionality of delivering personalized, anticipatory information is now part of the **Google Discover feed** (on Android/home screen) and the more conversational **Google Assistant**.","['Google Classroom', 'Google Drive', 'Apache Wave', 'Google Earth', 'Google Buzz', 'Google Docs, Sheets, and Slides', 'Nexus S', 'Google Glass', 'Nexus 7', 'Nexus Q', 'Nexus 10', 'Google Maps', 'Chromecast']",ToG,"Google Now (now evolved into Google Assistant/Feed) was a predictive information service that:

*   **Proactively delivered cards** with relevant info like weather, traffic, commute times, and sports scores.
*   **Tracked packages, flights, and events** from your email.
*   **Provided reminders** based on time or location.
*   **Offered personalized updates** on topics like news, stocks, and nearby places.

Its core functionality of delivering personalized, anticipatory information is now part of the **Google Discover feed** (on Android/home screen) and the more conversational **Google Assistant**.",False
WebQTest-361,webqsp,test,what to do and see in vienna austria?,"**Must-See Sights:**
*   **Historic Center:** St. Stephen's Cathedral & pedestrian streets.
*   **Hofburg Palace:** Imperial apartments, Sisi Museum, & Silver Collection.
*   **Schönbrunn Palace:** Grand tours & gardens.
*   **Belvedere Palace:** Home to Klimt's ""The Kiss.""
*   **Kunsthistorisches Museum:** World-class art museum.

**Key Experiences:**
*   **Coffeehouse Culture:** Try a Melange at a classic café.
*   **State Opera:** See a performance or take a guided tour.
*   **Naschmarkt:** Vibrant market for food & antiques.
*   **Prater:** Iconic amusement park with the Giant Ferris Wheel.
*   **Live Music:** Hear classical music or waltzes in a historic venue.

**Tip:** Use the efficient U-Bahn (subway) to get around. Consider a Vienna City Card for transport and","['Rock im Park', 'Schönbrunn Palace', 'Minoritenkirche', ""St. Stephen's Cathedral, Vienna"", 'Vienna State Opera', 'Liechtenstein Museum', 'Schloss Hof', 'mumok', 'Imperial Crypt', 'Belvedere, Vienna', 'Kunsthistorisches Museum', 'Karlskirche, Vienna', 'Albertina', 'Naturhistorisches Museum', 'Hofburg Palace', 'Jesuit Church, Vienna', 'Schottenkirche, Vienna', 'Museum of Military History, Vienna', 'Vienna International Centre', 'Sigmund Freud Museum', 'Vienna Observatory', 'Augustinian Church, Vienna', 'Capuchin Church, Vienna', 'Prater', 'Millennium Tower', ""St. Peter's Church"", 'Leopold Museum', 'Haus der Musik', 'Rathaus, Vienna']",ToG,"**Must-See Sights:**
*   **Historic Center:** St. Stephen's Cathedral & pedestrian streets.
*   **Hofburg Palace:** Imperial apartments, Sisi Museum, & Silver Collection.
*   **Schönbrunn Palace:** Grand tours & gardens.
*   **Belvedere Palace:** Home to Klimt's ""The Kiss.""
*   **Kunsthistorisches Museum:** World-class art museum.

**Key Experiences:**
*   **Coffeehouse Culture:** Try a Melange at a classic café.
*   **State Opera:** See a performance or take a guided tour.
*   **Naschmarkt:** Vibrant market for food & antiques.
*   **Prater:** Iconic amusement park with the Giant Ferris Wheel.
*   **Live Music:** Hear classical music or waltzes in a historic venue.

**Tip:** Use the efficient U-Bahn (subway) to get around. Consider a Vienna City Card for transport and",True
WebQTest-111,webqsp,test,where is the carpathian mountain range located?,"The Carpathian Mountain Range is located in Central and Eastern Europe, stretching across parts of Austria, Slovakia, Poland, the Czech Republic, Hungary, Ukraine, Romania, and Serbia.",['Europe'],ToG,"The Carpathian Mountain Range is located in Central and Eastern Europe, stretching across parts of Austria, Slovakia, Poland, the Czech Republic, Hungary, Ukraine, Romania, and Serbia.",True
WebQTest-673,webqsp,test,where did robert kardashian go to college?,"Robert Kardashian attended the University of Southern California (USC), where he earned a degree in business administration. He later attended law school at the University of San Diego School of Law.","['University of San Diego', 'University of San Diego School of Law', 'University of Southern California']",ToG,"Robert Kardashian attended the University of Southern California (USC), where he earned a degree in business administration. He later attended law school at the University of San Diego School of Law.",True
WebQTest-987,webqsp,test,what does barbara bush do for work?,Barbara Bush is a public health advocate and co-founder of the nonprofit Global Health Corps.,['First Lady'],ToG,Barbara Bush is a public health advocate and co-founder of the nonprofit Global Health Corps.,False
WebQTest-773,webqsp,test,where is the sony ericsson company?,"Sony Ericsson was a joint venture between Sony (Japan) and Ericsson (Sweden). Its headquarters were in London, UK. The company was dissolved in 2012, with Sony buying out Ericsson's share and rebranding the mobile phone business as Sony Mobile Communications.",['Minato'],ToG,"Sony Ericsson was a joint venture between Sony (Japan) and Ericsson (Sweden). Its headquarters were in London, UK. The company was dissolved in 2012, with Sony buying out Ericsson's share and rebranding the mobile phone business as Sony Mobile Communications.",False
WebQTest-1616,webqsp,test,what did shannon hoon die from?,Shannon Hoon died from a cocaine overdose in 1995.,['Drug overdose'],ToG,Shannon Hoon died from a cocaine overdose in 1995.,False
WebQTest-874,webqsp,test,what language do people from bosnia speak?,"People from Bosnia primarily speak **Bosnian**, but many also speak **Serbian** and **Croatian**. These three languages are mutually intelligible and were formerly considered one language (Serbo-Croatian).","['Serbo-Croatian Language', 'Serbian language', 'Bosnian language', 'Croatian language']",ToG,"People from Bosnia primarily speak **Bosnian**, but many also speak **Serbian** and **Croatian**. These three languages are mutually intelligible and were formerly considered one language (Serbo-Croatian).",False
WebQTest-766,webqsp,test,what is malaysian currency?,"The official currency of Malaysia is the **Malaysian Ringgit (MYR)**, often abbreviated as **RM** (Ringgit Malaysia). Its common symbol is **RM**.",['Malaysian ringgit'],ToG,"The official currency of Malaysia is the **Malaysian Ringgit (MYR)**, often abbreviated as **RM** (Ringgit Malaysia). Its common symbol is **RM**.",True
WebQTest-1445,webqsp,test,what tv series did mark harmon star in?,Mark Harmon starred in the popular TV series *NCIS* as Leroy Jethro Gibbs.,"['Chicago Hope', 'Centennial', 'From the Earth to the Moon', 'St. Elsewhere', 'Flamingo Road', 'NCIS', 'Eleanor and Franklin: The White House Years', 'Sam', '240-Robert', 'Charlie Grace', 'The Dream Merchants', 'Reasonable Doubts']",ToG,Mark Harmon starred in the popular TV series *NCIS* as Leroy Jethro Gibbs.,True
WebQTest-153,webqsp,test,what are the sights to see in madrid?,"Top sights in Madrid include:

**Art & Culture:** The Prado Museum, Reina Sofía Museum (home to Picasso's *Guernica*), and the Thyssen-Bornemisza Museum.  
**Royal Sites:** The Royal Palace and the nearby Almudena Cathedral.  
**Parks & Leisure:** Retiro Park (with the Crystal Palace) and the Temple of Debod (an Egyptian temple with sunset views).  
**Iconic Squares:** Plaza Mayor and the bustling Puerta del Sol.  
**Neighborhoods:** Explore the historic charm of La Latina and the upscale shopping in Salamanca.","['El Escorial', 'Museo Nacional Del Prado', 'Museo Nacional Centro de Arte Reina Sofía', 'Summercase', 'Festimad', 'Buen Retiro Park', 'Royal Palace of Madrid', 'Almudena Cathedral', 'Sorolla Museum', 'Plaza de Cibeles', 'Madrid Arena', 'Paseo del Prado', 'Parque Warner Madrid', 'Thyssen-Bornemisza Museum', 'Temple of Debod', 'Puerta del Sol', 'Gran Vía', 'Madrid Marathon', 'Plaza Mayor, Madrid', 'La Vaguada', 'Museum of Lázaro Galdiano', 'Palace of la Bolsa de Madrid']",ToG,"Top sights in Madrid include:

**Art & Culture:** The Prado Museum, Reina Sofía Museum (home to Picasso's *Guernica*), and the Thyssen-Bornemisza Museum.  
**Royal Sites:** The Royal Palace and the nearby Almudena Cathedral.  
**Parks & Leisure:** Retiro Park (with the Crystal Palace) and the Temple of Debod (an Egyptian temple with sunset views).  
**Iconic Squares:** Plaza Mayor and the bustling Puerta del Sol.  
**Neighborhoods:** Explore the historic charm of La Latina and the upscale shopping in Salamanca.",True
WebQTest-420,webqsp,test,where is perpignan located?,"Perpignan is located in southern France, near the Mediterranean coast and the border with Spain. It is the capital of the Pyrénées-Orientales department in the Occitanie region.","['Pyrénées-Orientales', 'France', 'Languedoc-Roussillon']",ToG,"Perpignan is located in southern France, near the Mediterranean coast and the border with Spain. It is the capital of the Pyrénées-Orientales department in the Occitanie region.",True
WebQTest-1416,webqsp,test,what was franklin pierce famous for?,"Franklin Pierce is most famous for being the 14th U.S. President (1853–1857) and for his strong support of the **Kansas-Nebraska Act**, which deepened the national divide over slavery and led to violent conflict in ""Bleeding Kansas."" His presidency is generally ranked among the least effective due to his pro-southern policies accelerating the path to the Civil War.",['US President'],ToG,"Franklin Pierce is most famous for being the 14th U.S. President (1853–1857) and for his strong support of the **Kansas-Nebraska Act**, which deepened the national divide over slavery and led to violent conflict in ""Bleeding Kansas."" His presidency is generally ranked among the least effective due to his pro-southern policies accelerating the path to the Civil War.",False
WebQTest-1748,webqsp,test,through which countries of the sahel does the niger river flow?,"The Niger River flows through five countries in the Sahel region:  
**Guinea, Mali, Niger, Benin, and Nigeria.**","['Mali', 'Niger', 'Nigeria']",ToG,"The Niger River flows through five countries in the Sahel region:  
**Guinea, Mali, Niger, Benin, and Nigeria.**",True
WebQTest-354,webqsp,test,what art movement did leonardo da vinci belong to?,"Leonardo da Vinci belonged to the **Italian Renaissance**, specifically the High Renaissance period.","['Pastel Art', 'High Renaissance']",ToG,"Leonardo da Vinci belonged to the **Italian Renaissance**, specifically the High Renaissance period.",True
WebQTest-1392,webqsp,test,what the language spoken in indonesia?,"The official and most widely spoken language in Indonesia is **Indonesian (Bahasa Indonesia)**. It's used in government, education, and national media.

Hundreds of local languages and dialects are also spoken, with Javanese being the largest.","['Sunda Language', 'Bali Language', 'Madura Language', 'Dutch Language', 'English Language', 'Javanese Language', 'Batak Language', 'Indonesian Language', 'Tobelo Language', 'Malay Language']",ToG,"The official and most widely spoken language in Indonesia is **Indonesian (Bahasa Indonesia)**. It's used in government, education, and national media.

Hundreds of local languages and dialects are also spoken, with Javanese being the largest.",False
WebQTest-90,webqsp,test,who played on the jeffersons?,"The main actors on *The Jeffersons* were Sherman Hemsley as George Jefferson, Isabel Sanford as Louise ""Weezy"" Jefferson, and Mike Evans (later Damon Evans) as their son Lionel. Other regulars included Marla Gibbs as Florence the maid, and Roxie Roker and Franklin Cover as their neighbors, the Willises.","['Sherman Hemsley', 'Isabel Sanford', 'Damon Evans', 'Berlinda Tolbert', 'Roxie Roker', 'Zara Cully', 'Marla Gibbs', 'Franklin Cover', 'Paul Benedict', 'Mike Evans', 'Jay Hammer']",ToG,"The main actors on *The Jeffersons* were Sherman Hemsley as George Jefferson, Isabel Sanford as Louise ""Weezy"" Jefferson, and Mike Evans (later Damon Evans) as their son Lionel. Other regulars included Marla Gibbs as Florence the maid, and Roxie Roker and Franklin Cover as their neighbors, the Willises.",True
WebQTest-1916,webqsp,test,what county is utica ny in?,Oneida County.,['Oneida County'],ToG,Oneida County.,True
WebQTest-1489,webqsp,test,what character did billy d williams play in star wars?,Billy Dee Williams played Lando Calrissian in the Star Wars franchise.,['Lando Calrissian'],ToG,Billy Dee Williams played Lando Calrissian in the Star Wars franchise.,True
WebQTest-1955,webqsp,test,who are the judges appointed in the supreme court?,"As of **October 2024**, the Supreme Court of India has **34 judges** (including the Chief Justice). The current Chief Justice is **Justice D.Y. Chandrachud**.

Some of the other puisne judges include:
- Justice Sanjiv Khanna
- Justice B.R. Gavai
- Justice Surya Kant
- Justice Aniruddha Bose
- Justice A.S. Oka  
- Justice Vikram Nath
- Justice J.K. Maheshwari
- Justice Hima Kohli
- Justice B.V. Nagarathna
- Justice C.T. Ravikumar
- Justice M.M. Sundresh
- Justice P.S. Narasimha
- Justice Sanjay Karol
- Justice Manoj Misra

*(Note: The full list is longer; new appointments are made periodically. For the most current and complete list, refer to the Supreme Court’s official website.)*","['Clarence Thomas', 'Antonin Scalia', 'Stephen Breyer', 'Ruth Bader Ginsburg', 'Anthony Kennedy', 'Samuel Alito', 'John Roberts', 'Elena Kagan', 'Sonia Sotomayor']",ToG,"As of **October 2024**, the Supreme Court of India has **34 judges** (including the Chief Justice). The current Chief Justice is **Justice D.Y. Chandrachud**.

Some of the other puisne judges include:
- Justice Sanjiv Khanna
- Justice B.R. Gavai
- Justice Surya Kant
- Justice Aniruddha Bose
- Justice A.S. Oka  
- Justice Vikram Nath
- Justice J.K. Maheshwari
- Justice Hima Kohli
- Justice B.V. Nagarathna
- Justice C.T. Ravikumar
- Justice M.M. Sundresh
- Justice P.S. Narasimha
- Justice Sanjay Karol
- Justice Manoj Misra

*(Note: The full list is longer; new appointments are made periodically. For the most current and complete list, refer to the Supreme Court’s official website.)*",False
WebQTest-708,webqsp,test,who won fa cup 1976?,"Southampton won the FA Cup in 1976, beating Manchester United 1–0.",['Southampton F.C.'],ToG,"Southampton won the FA Cup in 1976, beating Manchester United 1–0.",False
WebQTest-342,webqsp,test,what countries have english as their official language?,"The United Kingdom, United States, Canada, Australia, New Zealand, Ireland, India, South Africa, Nigeria, and Jamaica are among the many countries where English is an official language. Over 50 sovereign states recognize it officially.","['Bahamas', 'Barbados', 'Belize', 'Bermuda', 'Botswana', 'Kenya', 'Cameroon', 'Cayman Islands', 'Cook Islands', 'Territory of Papua and New Guinea', 'Dominica', 'Fiji', 'Jersey', 'Guyana', 'Guam', 'Ghana', 'Gibraltar', 'Grenada', 'Hong Kong', 'India', 'Republic of Ireland', 'Isle of Man', 'Kiribati', 'Lesotho', 'Liberia', 'Malta', 'Marshall Islands', 'Montserrat', 'Namibia', 'Nauru', 'Nigeria', 'Papua New Guinea', 'Puerto Rico', 'Pakistan', 'Philippines', 'Rwanda', 'Saint Kitts and Nevis', 'Sierra Leone', 'Saint Lucia', 'Saint Vincent and the Grenadines', 'Samoa', 'Singapore', 'Sudan', 'Swaziland', 'Tanzania', 'Turks and Caicos Islands', 'Tuvalu', 'United Kingdom', 'Uganda', 'Vanuatu', 'Zimbabwe', 'Zambia', 'Territory of New Guinea', 'New Zealand', 'Canada', 'Gambia', 'South Africa', 'Wales', 'Antigua and Barbuda']",ToG,"The United Kingdom, United States, Canada, Australia, New Zealand, Ireland, India, South Africa, Nigeria, and Jamaica are among the many countries where English is an official language. Over 50 sovereign states recognize it officially.",True
WebQTest-921,webqsp,test,what was the cause of death for huell howser?,"Huell Howser died from natural causes, specifically complications from prostate cancer, on January 7, 2013.",['Prostate cancer'],ToG,"Huell Howser died from natural causes, specifically complications from prostate cancer, on January 7, 2013.",True
WebQTest-774,webqsp,test,what kind of currency does the dominican republic have?,"The Dominican Republic uses the **Dominican peso (DOP)**, often symbolized as RD$.",['Dominican peso'],ToG,"The Dominican Republic uses the **Dominican peso (DOP)**, often symbolized as RD$.",True
WebQTest-279,webqsp,test,what county is st paul va in?,"St. Paul is located in Wise County, Virginia.","['Wise County', 'Russell County']",ToG,"St. Paul is located in Wise County, Virginia.",True
WebQTest-172,webqsp,test,what do you call members of the senate?,Senators.,"['President of the Senate', 'State Senator', 'Chief of staff', 'President pro tempore', 'Senator', 'Senate majority leader']",ToG,Senators.,True
WebQTest-825,webqsp,test,who does nolan ryan play for?,"Nolan Ryan played for four MLB teams: the New York Mets, California Angels, Houston Astros, and Texas Rangers.","['Houston Astros', 'California Angels']",ToG,"Nolan Ryan played for four MLB teams: the New York Mets, California Angels, Houston Astros, and Texas Rangers.",True
WebQTest-128,webqsp,test,who plays juni cortez?,Daryl Sabara played Juni Cortez in the *Spy Kids* film series.,['Daryl Sabara'],ToG,Daryl Sabara played Juni Cortez in the *Spy Kids* film series.,True
WebQTest-178,webqsp,test,who was the leader of the us during wwii?,Franklin D. Roosevelt was the U.S. leader for most of World War II (from its start until his death in April 1945). Harry S. Truman succeeded him and led the U.S. during the final months of the war.,"['Franklin D. Roosevelt', 'Harry S. Truman']",ToG,Franklin D. Roosevelt was the U.S. leader for most of World War II (from its start until his death in April 1945). Harry S. Truman succeeded him and led the U.S. during the final months of the war.,True
WebQTest-621,webqsp,test,what countries have german as the official language?,"Germany, Austria, Switzerland, Liechtenstein, Belgium, and Luxembourg have German as an official language.","['Belgium', 'Germany', 'East Germany', 'Luxembourg', 'Liechtenstein', 'Switzerland', 'Austria']",ToG,"Germany, Austria, Switzerland, Liechtenstein, Belgium, and Luxembourg have German as an official language.",True
WebQTest-671,webqsp,test,who are the senators of hawaii 2012?,"In 2012, Hawaii's U.S. Senators were **Daniel Inouye** (Democrat) and **Daniel Akaka** (Democrat).",['Mazie Hirono'],ToG,"In 2012, Hawaii's U.S. Senators were **Daniel Inouye** (Democrat) and **Daniel Akaka** (Democrat).",False
WebQTest-346,webqsp,test,who does donnie wahlberg play in the sixth sense?,"Donnie Wahlberg plays Vincent Grey, a disturbed former patient of Dr. Malcolm Crowe, in a brief but pivotal opening scene of *The Sixth Sense*.",['Vincent Grey'],ToG,"Donnie Wahlberg plays Vincent Grey, a disturbed former patient of Dr. Malcolm Crowe, in a brief but pivotal opening scene of *The Sixth Sense*.",True
WebQTest-331,webqsp,test,where was the temple of karnak built?,"The Temple of Karnak was built in **Thebes (modern-day Luxor), Egypt**, on the east bank of the Nile River.","['Luxor Governorate', 'Egypt']",ToG,"The Temple of Karnak was built in **Thebes (modern-day Luxor), Egypt**, on the east bank of the Nile River.",True
WebQTest-100,webqsp,test,what language is spoken in haiti today?,"Haiti's official languages are **French** and **Haitian Creole (Kreyòl)**. Haitian Creole is spoken by the entire population as the native language, while French is used in government, education, and formal media.","['Haitian Creole', 'French']",ToG,"Haiti's official languages are **French** and **Haitian Creole (Kreyòl)**. Haitian Creole is spoken by the entire population as the native language, while French is used in government, education, and formal media.",True
WebQTest-852,webqsp,test,what province is toronto in ( 7 letters )?,Ontario,['Ontario'],ToG,Ontario,True
WebQTest-1634,webqsp,test,who does peter griffin voice?,"Peter Griffin is voiced by **Seth MacFarlane**, who is also the creator of *Family Guy*.",['Seth MacFarlane'],ToG,"Peter Griffin is voiced by **Seth MacFarlane**, who is also the creator of *Family Guy*.",True
WebQTest-1915,webqsp,test,where did harry s truman go to school?,"Harry S. Truman did not attend college. He graduated from Independence High School in 1901 in Independence, Missouri.","['University of Missouri–Kansas City', 'University of Missouri–Kansas City School of Law', 'William Chrisman High School']",ToG,"Harry S. Truman did not attend college. He graduated from Independence High School in 1901 in Independence, Missouri.",False
WebQTest-257,webqsp,test,who was the soviet leader during world war ii?,Joseph Stalin.,"['Nikita Khrushchev', 'Leonid Brezhnev']",ToG,Joseph Stalin.,False
WebQTest-633,webqsp,test,what is claire danes famous for?,"Claire Danes is most famous for her role as Carrie Mathison on the TV series *Homeland*, for which she won two Emmy Awards. She is also widely known for her iconic teenage role as Angela Chase in the 1990s cult series *My So-Called Life*.","['Actor', 'Television producer', 'Voice Actor']",ToG,"Claire Danes is most famous for her role as Carrie Mathison on the TV series *Homeland*, for which she won two Emmy Awards. She is also widely known for her iconic teenage role as Angela Chase in the 1990s cult series *My So-Called Life*.",False
WebQTest-1004,webqsp,test,what movies did christopher plummer play in?,"Christopher Plummer appeared in over 100 films. His most famous roles include:

*   **Captain von Trapp** in *The Sound of Music* (1965)
*   **Sherlock Holmes** in *Murder by Decree* (1979)
*   **Mike Wallace** in *The Insider* (1999)
*   **Leo Tolstoy** in *The Last Station* (2009)
*   **Hal Fields** in *Beginners* (2010) — for which he won an Academy Award
*   **J. Paul Getty** in *All the Money in the World* (2017) — for which he received an Oscar nomination

Other notable films include *The Girl with the Dragon Tattoo* (2011), *Knives Out* (2019), and *Star Trek VI: The Undiscovered Country* (1991).","['Elsa & Fred', 'Remember', 'The Insider', 'I Love N.Y.', 'Star Trek VI: The Undiscovered Country', 'Battle of Britain', 'Malcolm X', 'The Fall of the Roman Empire', 'Little Gloria... Happy at Last', 'Money', 'Stage Struck', 'Murder by Decree', 'Triple Cross', ""A Doll's House"", 'Young Catherine', 'Dolores Claiborne', 'Lily in Love', 'The Imaginarium of Doctor Parnassus', 'Up', 'The Pyx', 'Babes in Toyland', 'Eyewitness', 'The Clown at Midnight', 'Firehead', 'Nicholas Nickleby', '9', 'American Tragedy', 'Hamlet at Elsinore', 'Wolf', 'National Treasure', 'Man in the Chair', 'Lucky Break', 'Ararat', 'Riel', 'Somewhere in Time', 'The Amateur', 'An American Tail', 'The Spiral Staircase', 'My Dog Tulip', 'The Last Station', 'Alexander', 'A Hazard of Hearts', 'Conduct Unbecoming', 'Aces High', 'Already Dead', 'The Conspiracy of Fear', ""Liar's Edge"", 'Blackheart', 'Blizzard', 'The Dinosaur Hunter', 'Prototype', 'The First Circle', 'Dracula 2000', 'Lock Up Your Daughters', 'Nobody Runs Forever', 'The New World', 'Dreamscape', 'Cold Creek Manor', ""The Boss' Wife"", 'Wind Across the Everglades', 'Our Fathers', 'Inside Daisy Clover', 'The Return of the Pink Panther', 'When the Circus Came to Town', 'Shadow Dancing', 'Rock-a-Doodle', 'On Golden Pond', 'The Night of the Generals', 'Hanover Street', 'Gandahar', 'The Man Who Planted Trees', 'Secrets', 'Possessed', 'Priest', 'Syriana', 'The Scarlet and the Black', 'Must Love Dogs', '12 Monkeys', 'Waterloo', 'Where the Heart Is', 'Full Disclosure', 'Starcrash', 'The Boy in Blue', 'A Beautiful Mind', 'Inside Man', 'The Man Who Would Be King', 'Winchell', 'Beginners', 'Dragnet', 'Ordeal by Innocence', 'Impolite', 'Vampire in Venice', 'The Lake House', 'Night Flight', 'The Day That Shook the World', 'The Gospel of John', 'Heidi', 'Madeline: Lost in Paris', 'Oedipus the King', 'The Royal Hunt of the Sun', 'Woman Wanted', ""A Marriage: Georgia O'Keeffe and Alfred Stieglitz"", 'The Sound of Music', 'Four Minutes', 'Hidden Agenda', 'The Assignment', 'Highpoint', 'Souvenir', 'Harrison Bergeron', 'The Girl with the Dragon Tattoo', 'Five Good Years', 'The Silent Partner', 'Closing the Ring', 'International Velvet', 'Rumpelstiltskin', 'Silver Blaze', 'Emotional Arithmetic', 'Barrymore', 'Dark Descent of the Forgotten Empress', 'Kali the Little Vampire', 'Skeletons', ""The Gnomes' Great Adventure"", 'Imagine', 'The Legend of Sarila', 'The Tempest', 'Hector and the Search for Happiness', 'Caesar and Cleopatra', ""Muhammad Ali's Greatest Fight"", 'The Forger']",ToG,"Christopher Plummer appeared in over 100 films. His most famous roles include:

*   **Captain von Trapp** in *The Sound of Music* (1965)
*   **Sherlock Holmes** in *Murder by Decree* (1979)
*   **Mike Wallace** in *The Insider* (1999)
*   **Leo Tolstoy** in *The Last Station* (2009)
*   **Hal Fields** in *Beginners* (2010) — for which he won an Academy Award
*   **J. Paul Getty** in *All the Money in the World* (2017) — for which he received an Oscar nomination

Other notable films include *The Girl with the Dragon Tattoo* (2011), *Knives Out* (2019), and *Star Trek VI: The Undiscovered Country* (1991).",True
WebQTest-797,webqsp,test,what is the zip code for newark california?,"The ZIP code for Newark, California is **94560**.",['94560'],ToG,"The ZIP code for Newark, California is **94560**.",True
WebQTest-1252,webqsp,test,who plays eowyn in lord of the rings?,Miranda Otto.,['Miranda Otto'],ToG,Miranda Otto.,True
WebQTest-184,webqsp,test,what state does romney live in?,Mitt Romney lives in Utah.,['Massachusetts'],ToG,Mitt Romney lives in Utah.,False
WebQTest-2012,webqsp,test,what is london uk time zone?,"London, UK, is in the **Greenwich Mean Time (GMT)** zone during winter and **British Summer Time (BST)**, which is GMT+1, during summer.",['Greenwich Mean Time Zone'],ToG,"London, UK, is in the **Greenwich Mean Time (GMT)** zone during winter and **British Summer Time (BST)**, which is GMT+1, during summer.",False
WebQTest-318,webqsp,test,what is the money of switzerland called?,The currency of Switzerland is the Swiss franc (CHF).,['Swiss franc'],ToG,The currency of Switzerland is the Swiss franc (CHF).,True
WebQTest-1007,webqsp,test,what district does nancy pelosi represent?,"Nancy Pelosi represents California's 11th congressional district, which covers most of San Francisco.","['California’s 5th congressional district', 'California’s 8th congressional district', 'California’s 12th congressional district']",ToG,"Nancy Pelosi represents California's 11th congressional district, which covers most of San Francisco.",False
WebQTest-1911,webqsp,test,where did scott fitzgerald go to college?,F. Scott Fitzgerald attended Princeton University but left in 1917 to join the army and never graduated.,['Princeton University'],ToG,F. Scott Fitzgerald attended Princeton University but left in 1917 to join the army and never graduated.,True
WebQTest-1121,webqsp,test,what is kentucky state slogan?,"""United we stand, divided we fall.""","['United we stand, divided we fall']",ToG,"""United we stand, divided we fall.""",True
WebQTest-224,webqsp,test,where did william morris go to college?,"William Morris attended Exeter College, Oxford.","['University of Oxford', 'Exeter College, Oxford']",ToG,"William Morris attended Exeter College, Oxford.",True
WebQTest-617,webqsp,test,where did tim tebow grow up?,"Tim Tebow grew up in Jacksonville, Florida.",['Makati'],ToG,"Tim Tebow grew up in Jacksonville, Florida.",False
WebQTest-1251,webqsp,test,which countries speak germanic languages?,"The core countries where Germanic languages are the official majority language are:

*   **Germany, Austria, Switzerland** (German)
*   **Netherlands, Belgium** (Dutch/Flemish)
*   **United Kingdom, United States, Canada, Australia, New Zealand** (English)
*   **Denmark** (Danish)
*   **Sweden** (Swedish)
*   **Norway** (Norwegian)
*   **Iceland** (Icelandic)
*   **Luxembourg** (Luxembourgish)
*   **Liechtenstein** (German)
*   **Faroe Islands** (Faroese)

English and Dutch are also official languages in many other countries worldwide (e.g., parts of the Caribbean, Africa, and the Pacific).","['Belgium', 'Germany', 'East Germany', 'Luxembourg', 'Liechtenstein', 'Switzerland', 'Austria']",ToG,"The core countries where Germanic languages are the official majority language are:

*   **Germany, Austria, Switzerland** (German)
*   **Netherlands, Belgium** (Dutch/Flemish)
*   **United Kingdom, United States, Canada, Australia, New Zealand** (English)
*   **Denmark** (Danish)
*   **Sweden** (Swedish)
*   **Norway** (Norwegian)
*   **Iceland** (Icelandic)
*   **Luxembourg** (Luxembourgish)
*   **Liechtenstein** (German)
*   **Faroe Islands** (Faroese)

English and Dutch are also official languages in many other countries worldwide (e.g., parts of the Caribbean, Africa, and the Pacific).",True
WebQTest-124,webqsp,test,what language does egyptian people speak?,"Modern Egyptians primarily speak **Egyptian Arabic** (Masri). The official language of the government and education is **Modern Standard Arabic**, used in formal writing, media, and official speeches.",['Modern Standard Arabic'],ToG,"Modern Egyptians primarily speak **Egyptian Arabic** (Masri). The official language of the government and education is **Modern Standard Arabic**, used in formal writing, media, and official speeches.",True
WebQTest-1230,webqsp,test,what to see in christchurch new zealand?,"**Key Highlights in Christchurch, New Zealand:**

* **Botanic Gardens & Hagley Park** – Beautiful gardens and large park in the city center.
* **Christchurch Gondola** – Panoramic views over the city, Lyttelton Harbour, and the Southern Alps.
* **Canterbury Museum** – Natural and cultural history, including Māori and Antarctic exhibits.
* **Quake City** – Exhibition on the 2010–2011 earthquakes and recovery.
* **Punting on the Avon** – Relaxing boat ride through the gardens.
* **Christchurch Art Gallery** – Contemporary and historic New Zealand art.
* **New Regent Street** – Colorful Spanish Mission-style street with cafes and shops.
* **International Antarctic Centre** – Interactive Antarctic experiences near the airport.
* **Lyttelton** – Vibrant port town with cafes, markets, and hillside walks (short drive away).

**Day trip ideas:** Akaroa (French-inspired village","['International Antarctic Centre', 'Ferrymead Heritage Park', 'Cathedral Square, Christchurch', 'Willowbank Wildlife Reserve, Christchurch', 'Christchurch Botanic Gardens', 'Christchurch Arts Centre', 'Air Force Museum of New Zealand', 'Canterbury Museum, Christchurch', 'TranzAlpine', 'Lyttelton Timeball Station']",ToG,"**Key Highlights in Christchurch, New Zealand:**

* **Botanic Gardens & Hagley Park** – Beautiful gardens and large park in the city center.
* **Christchurch Gondola** – Panoramic views over the city, Lyttelton Harbour, and the Southern Alps.
* **Canterbury Museum** – Natural and cultural history, including Māori and Antarctic exhibits.
* **Quake City** – Exhibition on the 2010–2011 earthquakes and recovery.
* **Punting on the Avon** – Relaxing boat ride through the gardens.
* **Christchurch Art Gallery** – Contemporary and historic New Zealand art.
* **New Regent Street** – Colorful Spanish Mission-style street with cafes and shops.
* **International Antarctic Centre** – Interactive Antarctic experiences near the airport.
* **Lyttelton** – Vibrant port town with cafes, markets, and hillside walks (short drive away).

**Day trip ideas:** Akaroa (French-inspired village",True
WebQTest-204,webqsp,test,what is the capital of modern egypt?,Cairo.,['Cairo'],ToG,Cairo.,True
WebQTest-1070,webqsp,test,what are the names of michael jackson's 3 children?,"Michael Jackson's three children are:

1. **Prince Michael Jackson** (born 1997)  
2. **Paris-Michael Katherine Jackson** (born 1998)  
3. **Prince Michael Jackson II** (nicknamed ""Blanket,"" born 2002)","['Paris-Michael Katherine Jackson', 'Michael Joseph Jackson, Jr.', 'Prince Michael Jackson II']",ToG,"Michael Jackson's three children are:

1. **Prince Michael Jackson** (born 1997)  
2. **Paris-Michael Katherine Jackson** (born 1998)  
3. **Prince Michael Jackson II** (nicknamed ""Blanket,"" born 2002)",True
WebQTest-166,webqsp,test,what was dr seuss education?,Dr. Seuss (Theodor Geisel) earned a Bachelor of Arts in English from Dartmouth College and briefly attended Oxford University as a graduate student before leaving without a degree.,"['Dartmouth College', 'University of Oxford', 'Lincoln College, Oxford']",ToG,Dr. Seuss (Theodor Geisel) earned a Bachelor of Arts in English from Dartmouth College and briefly attended Oxford University as a graduate student before leaving without a degree.,True
WebQTest-1217,webqsp,test,what is monta ellis career high points?,"Monta Ellis' career high in points is **48**, achieved twice: once in 2009 with the Golden State Warriors and again in 2010 with the Warriors.",['NBA Most Improved Player Award'],ToG,"Monta Ellis' career high in points is **48**, achieved twice: once in 2009 with the Golden State Warriors and again in 2010 with the Warriors.",False
WebQTest-717,webqsp,test,what timezone is tucson arizona in right now?,"Tucson, Arizona is currently in **Mountain Standard Time (MST)** year-round. It does not observe Daylight Saving Time.",['Mountain Time Zone'],ToG,"Tucson, Arizona is currently in **Mountain Standard Time (MST)** year-round. It does not observe Daylight Saving Time.",False
WebQTest-575,webqsp,test,who is louisiana state senator?,Louisiana has 39 state senators. The current President of the Senate is **Cameron Henry** (R-Metairie). You can find your specific senator by district using the Louisiana State Senate website.,"['John Slidell', 'Mary Landrieu', 'Edward Livingston', 'Judah P. Benjamin', 'Russell B. Long', 'John Breaux', 'David Vitter', 'William C. C. Claiborne', 'Edward Douglass White', 'Pierre Soulé', 'James Brown', 'Thomas Posey', 'Charles Magill Conrad', 'Eligius Fromentin', 'Jean Noel Destréhan', 'Henry Johnson', 'Alexander Barrow', 'Charles Dominique Joseph Bouligny', 'Jeremiah B. Howell', 'George A. Waggaman', 'Robert C. Nicholas', 'Allan B. Magruder', 'Josiah S. Johnston', 'Alexander Porter', 'Alexandre Mouton', 'Huey Long']",ToG,Louisiana has 39 state senators. The current President of the Senate is **Cameron Henry** (R-Metairie). You can find your specific senator by district using the Louisiana State Senate website.,False
WebQTest-96,webqsp,test,where did richard nixon die?,Richard Nixon died in New York City.,['New York City'],ToG,Richard Nixon died in New York City.,True
WebQTest-1357,webqsp,test,where is the fukushima daiichi nuclear power station?,"The Fukushima Daiichi Nuclear Power Station is located on the east coast of Japan's Fukushima Prefecture, in the towns of Ōkuma and Futaba.","['Japan', 'Okuma']",ToG,"The Fukushima Daiichi Nuclear Power Station is located on the east coast of Japan's Fukushima Prefecture, in the towns of Ōkuma and Futaba.",True
WebQTest-968,webqsp,test,what do people speak in germany?,German is the official and predominant language spoken in Germany.,"['Bavarian Language', 'Frisian, Northern Language', 'German Language', 'Turoyo Language', 'Saxon, Upper Language', 'Low German']",ToG,German is the official and predominant language spoken in Germany.,False
WebQTest-277,webqsp,test,who was esther's husband?,"Esther's husband was King Ahasuerus (Xerxes I), the Persian king in the biblical Book of Esther.","['Xerxes I', 'Ahasuerus']",ToG,"Esther's husband was King Ahasuerus (Xerxes I), the Persian king in the biblical Book of Esther.",True
WebQTest-1774,webqsp,test,who was judi dench married to?,Judi Dench was married to actor Michael Williams from 1971 until his death in 2001.,['Michael Williams'],ToG,Judi Dench was married to actor Michael Williams from 1971 until his death in 2001.,True
WebQTest-306,webqsp,test,who is the head coach of inter milan?,"As of October 2023, the head coach of Inter Milan is Simone Inzaghi.",['Walter Mazzarri'],ToG,"As of October 2023, the head coach of Inter Milan is Simone Inzaghi.",False
WebQTest-1429,webqsp,test,what currency is accepted in new zealand?,"New Zealand's official currency is the **New Zealand Dollar (NZD)**, often shown as NZ$ or simply $. It is the only currency accepted for everyday transactions.",['New Zealand dollar'],ToG,"New Zealand's official currency is the **New Zealand Dollar (NZD)**, often shown as NZ$ or simply $. It is the only currency accepted for everyday transactions.",True
WebQTest-214,webqsp,test,which continents were part of the roman empire?,"Europe, parts of Asia (Anatolia, the Levant), and Africa (the northern coast).","['Europe', 'Middle East', 'North Africa']",ToG,"Europe, parts of Asia (Anatolia, the Levant), and Africa (the northern coast).",True
WebQTest-1586,webqsp,test,who was queen isabella's mother?,Queen Isabella I of Castile's mother was **Isabella of Portugal**.,"['Isabella of Portugal, Queen of Castile']",ToG,Queen Isabella I of Castile's mother was **Isabella of Portugal**.,False
WebQTest-213,webqsp,test,who did scarlett johansson date?,"Scarlett Johansson has publicly dated several high-profile figures, including actors **Ryan Reynolds** (they were married from 2008–2011), **Sean Penn** (briefly in 2011), and journalist **Romain Dauriac** (married 2014–2017). She is currently married to **Colin Jost** (since 2020).","['nm1157013', 'Josh Hartnett', 'Topher Grace', 'Jared Leto', 'Ryan Reynolds', 'Patrick Wilson', 'Justin Timberlake', 'Benicio del Toro', 'Romain Dauriac']",ToG,"Scarlett Johansson has publicly dated several high-profile figures, including actors **Ryan Reynolds** (they were married from 2008–2011), **Sean Penn** (briefly in 2011), and journalist **Romain Dauriac** (married 2014–2017). She is currently married to **Colin Jost** (since 2020).",True
WebQTest-1085,webqsp,test,who was demi lovato dating?,"As of late 2024, Demi Lovato is engaged to musician Jordan ""Jutes"" Lutes. They began dating in 2022 and got engaged in December 2023.","['Nicholas Braun', 'Joe Jonas', 'Cody Linley', 'Wilmer Valderrama']",ToG,"As of late 2024, Demi Lovato is engaged to musician Jordan ""Jutes"" Lutes. They began dating in 2022 and got engaged in December 2023.",False
WebQTest-1304,webqsp,test,what was hitler the leader of?,"Adolf Hitler was the leader of Nazi Germany, officially serving as both the head of the Nazi Party (NSDAP) and the dictator of Germany from 1933 to 1945.","['Hitler Youth', 'Gestapo', '1st SS Panzer Division Leibstandarte SS Adolf Hitler', 'Nazi Party', 'Schutzstaffel', 'Waffen-SS', 'Wehrmacht', 'Sturmabteilung']",ToG,"Adolf Hitler was the leader of Nazi Germany, officially serving as both the head of the Nazi Party (NSDAP) and the dictator of Germany from 1933 to 1945.",True
WebQTest-1610,webqsp,test,who was gerald ford vp?,"Gerald Ford's vice president was **Nelson Rockefeller**. Ford became president after Richard Nixon's resignation in 1974, and Rockefeller served as his VP from December 1974 until the end of Ford's term in 1977.",['Nelson Rockefeller'],ToG,"Gerald Ford's vice president was **Nelson Rockefeller**. Ford became president after Richard Nixon's resignation in 1974, and Rockefeller served as his VP from December 1974 until the end of Ford's term in 1977.",True
WebQTest-440,webqsp,test,where is jason mraz from?,"Jason Mraz is from Mechanicsville, Virginia, USA.","['California', 'Mechanicsville']",ToG,"Jason Mraz is from Mechanicsville, Virginia, USA.",True
WebQTest-108,webqsp,test,what was the book written by charles darwin?,_On the Origin of Species_ (full title: _On the Origin of Species by Means of Natural Selection_).,"[""Charles Darwin's zoology notes & specimen lists from H.M.S. Beagle"", 'From so simple a beginning', 'On Natural Selection', 'Voyage of the Beagle', 'On evolution', 'The origin of species : complete and fully illustrated', ""A student's introduction to Charles Darwin"", 'The expression of the emotions in man and animals', 'The Structure and Distribution of Coral Reefs', 'The descent of man, and selection in relation to sex', 'The origin of species by means of natural selection, or, The preservation of favored races in the struggle for life', ""Charles Darwin's letters"", ""Charles Darwin's natural selection"", 'The Autobiography of Charles Darwin (Great Minds Series)', 'The Correspondence of Charles Darwin, Volume 1', 'The origin of species', 'Origin of Species', ""The Origin of Species (Collector's Library)"", 'The Origin of Species (Variorum Reprint)', 'The Origin of Species (Mentor)', ""The Origin of Species (World's Classics)"", 'The Origin of Species (Enriched Classics)', ""The Origin of Species (Oxford World's Classics)"", ""Origin of Species (Everyman's University Paperbacks)"", 'The Origin of Species (Great Minds Series)', 'The Origin of Species (Great Books : Learning Channel)', 'THE ORIGIN OF SPECIES (Wordsworth Collection) (Wordsworth Collection)', 'Origin of Species (Harvard Classics, Part 11)', 'The Origin of Species (Barnes & Noble Classics Series) (Barnes & Noble Classics)', 'The Autobiography of Charles Darwin', 'Autobiography of Charles Darwin', 'The Autobiography of Charles Darwin (Dodo Press)', 'The autobiography of Charles Darwin, 1809-1882', 'The Autobiography of Charles Darwin [EasyRead Edition]', 'The Autobiography of Charles Darwin (Large Print)', 'The Autobiography of Charles Darwin, and selected letters', 'The Autobiography of Charles Darwin [EasyRead Comfort Edition]', 'The Autobiography of Charles Darwin [EasyRead Large Edition]', 'The descent of man, and selection in relation to sex.', 'The descent of man and selection in relation to sex.', 'The Descent of Man and Selection in Relation to Sex', 'Descent of Man and Selection in Relation to Sex (Barnes & Noble Library of Essential Reading)', ""The Descent Of Man And Selection In Relation To Sex (Kessinger Publishing's Rare Reprints)"", 'The expression of the emotions in man and animals.', 'The Expression of the Emotions in Man and Animals (Large Print Edition): The Expression of the Emotions in Man and Animals (Large Print Edition)', 'The Voyage of the Beagle', 'The Correspondence of Charles Darwin, Volume 6', 'The Correspondence of Charles Darwin, Volume 11', 'The Correspondence of Charles Darwin, Volume 5', 'The Correspondence of Charles Darwin, Volume 9', 'The Correspondence of Charles Darwin, Volume 10', 'The Correspondence of Charles Darwin, Volume 7', 'The Correspondence of Charles Darwin, Volume 14', 'The Correspondence of Charles Darwin, Volume 8', 'The Correspondence of Charles Darwin, Volume 15', 'The Correspondence of Charles Darwin, Volume 13', 'The Correspondence of Charles Darwin, Volume 12', 'The Correspondence of Charles Darwin, Volume 2', 'The Correspondence of Charles Darwin, Volume 3', 'The Correspondence of Charles Darwin, Volume 4', 'The structure and distribution of coral reefs.', 'The voyage of the Beagle.', 'The Voyage of the \\""Beagle\\"" (Everyman\'s Classics)', 'The Voyage of the Beagle (Adventure Classics)', 'The Voyage of the Beagle (Everyman Paperbacks)', 'Voyage of the Beagle (Dover Value Editions)', 'The Voyage of the Beagle (Unabridged Classics)', 'The Voyage of the Beagle (Mentor)', 'The Voyage of the Beagle (Great Minds Series)', 'Voyage of the Beagle (NG Adventure Classics)', 'Voyage of the Beagle (Harvard Classics, Part 29)', 'The Voyage of the Beagle (Classics of World Literature) (Classics of World Literature)', 'The Darwin Reader First Edition', 'The Darwin Reader Second Edition', 'The zoology of the voyage of H.M.S. Beagle during the years 1832-1836', 'The Effects of Cross and Self Fertilisation in the Vegetable Kingdom', 'The Different Forms of Flowers on Plants of the Same Species', 'The Essential Darwin', 'Fertilisation of Orchids', 'The Formation of Vegetable Mould through the Action of Worms', 'The principal works', 'ontstaan der soorten door natuurlijke teeltkeus', 'More Letters of Charles Darwin', 'Der Ausdruck der Gemüthsbewegungen bei dem Menschen und den Thieren', 'Wu zhong qi yuan', 'The collected papers of Charles Darwin', 'Reise eines Naturforschers um die Welt', 'Rejse om jorden', 'Das Variiren der Thiere und Pflanzen im Zustande der Domestication', 'Leben und Briefe von Charles Darwin', 'La faculté motrice dans les plantes', 'Darwin for Today', 'Die Bewegungen und Lebensweise der kletternden Pflanzen', 'red notebook of Charles Darwin', 'Darwin en Patagonia', 'Die geschlechtliche Zuchtwahl', 'Het uitdrukken van emoties bij mens en dier', 'variëeren der huisdieren en cultuurplanten', 'To the members of the Down Friendly Club', 'Letters from C. Darwin, Esq., to A. Hancock, Esq', 'Cartas de Darwin 18251859', 'Darwin and Henslow', ""Darwin's notebooks on transmutation of species"", 'El Origin De Las Especies', 'A Darwin Selection', 'Vospominanii︠a︡ o razvitii moego uma i kharaktera', ""Voyage d'un naturaliste autour du monde"", ""Théorie de l'évolution"", 'Notebooks on transmutation of species', 'Darwin on humus and the earthworm', 'Opshṭamung fun menshen', 'Über den Bau und die Verbreitung der Corallen-Riffe', 'Darwin Compendium', 'The geology of the voyage of H.M.S. Beagle', 'Gesammelte kleinere Schriften', 'The portable Darwin', 'H.M.S. Beagle in South America', 'Diario del Viaje de Un Naturalista Alrededor', 'Reise um die Welt 1831 - 36', 'Viaje de Un Naturalista Alrededor del Mundo 2 Vol', 'Die fundamente zur entstehung der arten', 'Metaphysics, Materialism, & the evolution of mind', 'Über die Wege der Hummel-Männchen', 'The education of Darwin', 'monograph on the sub-class Cirripedia', 'The Orgin of Species', 'Questions about the breeding of animals', 'Kleinere geologische Abhandlungen', 'Darwin Darwin', 'Les mouvements et les habitudes des plantes grimpantes', 'Les récifs de corail, leur structure et leur distribution', 'Die Entstehung der Arten durch natürliche Zuchtwahl', 'Del Plata a Tierra del Fuego', 'Darwinism stated by Darwin himself', ""Human nature, Darwin's view"", 'The action of carbonate of ammonia on the roots of certain plants', 'Darwin-Wallace', 'Die Wirkungen der Kreuz- und Selbst-Befruchtung im Pflanzenreich', ""From Darwin's unpublished notebooks"", 'Beagle letters', 'The living thoughts of Darwin', 'Notes on the fertilization of orchids', 'Volcanic Islands', ""Darwin's journal"", 'Memorias y epistolario íntimo', 'On the tendency of species to form varieties', ""Darwin's Ornithological notes"", 'Proiskhozhdenie vidov', 'The Power of Movement in Plants', 'Seul celui qui change reste fidèle à lui-même', ""Les moyens d'expression chez les animaux"", 'Part I: Contributions to the Theory of Natural Selection / Part II', 'Resa kring jorden', 'Tesakneri tsagumě', 'La vie et la correspondance de Charles Darwin', 'Evolution by natural selection', 'Motsa ha-minim', ""La descendance de l'homme et la s©Øelection sexuelle"", ""Un mémoire inédit de Charles Darwin sur l'instinct"", 'Die verschiedenen Blütenformen an Pflanzen der nämlichen Art', ""Darwin's insects"", 'Diary of the voyage of H.M.S. Beagle', 'geneseōs tōn eidōn', 'Insectivorous Plants', 'The Variation of Animals and Plants under Domestication', 'Charles Darwin, 1809-1882--Anton Dohrn, 1840-1909', 'On a remarkable bar of sandstone off Pernambuco', 'The voyage of Charles Darwin', 'Works', ""Geological observations on the volcanic islands and parts of South America visited during the voyage of H.M.S. 'Beagle"", ""Journal of researches into the natural history and geology of the countries visited during the voyage round the world of the H. M. S. 'Beagle' under the command of Captain Fitz Roy, R. N"", 'Charles Darwin', 'Charles Darwin on the routes of male humble bees', ""Charles Darwin's marginalia"", 'Darwin', 'Evolution', 'Evolution and natural selection', 'The foundations of the Origin of species', 'Monographs of the fossil Lepadidae and the fossil Balanidae', 'On the origin of species by means of natural selection', 'Origins', 'The Life of Erasmus Darwin', 'The Correspondence of Charles Darwin, Volume 1: 1821-1836', 'The Correspondence of Charles Darwin, Volume 2: 1837-1843', 'The Correspondence of Charles Darwin, Volume 3: 1844-1846', 'The Correspondence of Charles Darwin, Volume 8: 1860', 'The Correspondence of Charles Darwin, Volume 4: 1847-1850', 'The Correspondence of Charles Darwin, Volume 5: 1851-1855', 'The Correspondence of Charles Darwin, Volume 6: 1856-1857', 'The Correspondence of Charles Darwin, Volume 7: 1858-1859', 'The Correspondence of Charles Darwin, Volume 9: 1861', 'The Correspondence of Charles Darwin, Volume 10: 1862', 'The Correspondence of Charles Darwin, Volume 11: 1863', 'The Correspondence of Charles Darwin, Volume 12: 1864', 'The Correspondence of Charles Darwin, Volume 13: 1865', 'The Correspondence of Charles Darwin, Volume 14: 1866', 'The Correspondence of Charles Darwin, Volume 15: 1867', 'The Correspondence of Charles Darwin, Volume 18: 1870', 'The Correspondence of Charles Darwin, Volume 17: 1869', 'The Correspondence of Charles Darwin, Volume 16: 1868', 'On the Movements and Habits of Climbing Plants', 'Geological Observations on South America']",ToG,_On the Origin of Species_ (full title: _On the Origin of Species by Means of Natural Selection_).,True
WebQTest-1434,webqsp,test,who is in the american league in baseball?,"The American League (AL) is one of two leagues in Major League Baseball (MLB). It currently consists of 15 teams, divided into three divisions:

**AL East**
- Baltimore Orioles
- Boston Red Sox
- New York Yankees
- Tampa Bay Rays
- Toronto Blue Jays

**AL Central**
- Chicago White Sox
- Cleveland Guardians
- Detroit Tigers
- Kansas City Royals
- Minnesota Twins

**AL West**
- Houston Astros
- Los Angeles Angels
- Oakland Athletics
- Seattle Mariners
- Texas Rangers","['Boston Red Sox', 'Baltimore Orioles', 'Chicago White Sox', 'Cleveland Indians', 'Detroit Tigers', 'Houston Astros', 'Kansas City Royals', 'Los Angeles Angels of Anaheim', 'Minnesota Twins', 'Washington Senators', 'Oakland Athletics', 'Philadelphia Athletics', 'Tampa Bay Devil Rays', 'Seattle Mariners', 'Toronto Blue Jays', 'Tampa Bay Rays', 'Texas Rangers', 'New York Yankees', 'Seattle Pilots', 'St. Louis Browns', 'Milwaukee Brewers', 'New York Highlanders', 'Chicago White Stockings', 'Cleveland Naps', 'Kansas City Athletics', 'California Angels', 'Anaheim Angels']",ToG,"The American League (AL) is one of two leagues in Major League Baseball (MLB). It currently consists of 15 teams, divided into three divisions:

**AL East**
- Baltimore Orioles
- Boston Red Sox
- New York Yankees
- Tampa Bay Rays
- Toronto Blue Jays

**AL Central**
- Chicago White Sox
- Cleveland Guardians
- Detroit Tigers
- Kansas City Royals
- Minnesota Twins

**AL West**
- Houston Astros
- Los Angeles Angels
- Oakland Athletics
- Seattle Mariners
- Texas Rangers",True
WebQTest-1875,webqsp,test,what type of political system is brazil?,"Brazil is a **federal presidential constitutional republic**. It has a democratic system with a president as both head of state and head of government, a multi-party Congress, and an independent judiciary.","['Presidential system', 'Constitutional republic', 'Federal republic']",ToG,"Brazil is a **federal presidential constitutional republic**. It has a democratic system with a president as both head of state and head of government, a multi-party Congress, and an independent judiciary.",True
WebQTest-1670,webqsp,test,who is tatyana ali parents?,"Tatyana Ali's mother is Sonia Ali, a nurse from Panama, and her father is Sheriff Ali, a retired police officer from Trinidad and Tobago.","['Sheriff Ali', 'Sonia Ali']",ToG,"Tatyana Ali's mother is Sonia Ali, a nurse from Panama, and her father is Sheriff Ali, a retired police officer from Trinidad and Tobago.",True
WebQTest-1853,webqsp,test,what made richard hammond famous?,"Richard Hammond became famous primarily as a co-host of the BBC's hugely popular motoring show *Top Gear*, alongside Jeremy Clarkson and James May.","['Presenter', 'Stunt Performer', 'Television producer', 'Radio personality', 'Writer', 'Journalist', 'Screenwriter', 'Author', 'Voice Actor']",ToG,"Richard Hammond became famous primarily as a co-host of the BBC's hugely popular motoring show *Top Gear*, alongside Jeremy Clarkson and James May.",False
WebQTest-667,webqsp,test,what is the capital of republic of ireland?,Dublin.,['Dublin'],ToG,Dublin.,True
WebQTest-1181,webqsp,test,what is the current time in kauai hawaii?,"Kauai, Hawaii, is in the Hawaii-Aleutian Standard Time (HST) zone, which does not observe daylight saving time.  

Right now, the time in Kauai is **2 hours behind** Pacific Daylight Time (PDT).  

If you’re on the U.S. West Coast (PDT), subtract 2 hours.  
If you’re on the U.S. East Coast (EDT), subtract 6 hours.  

For the exact current time in Kauai, you can check a world clock or search “time in Kauai” online, since I can’t provide live updates.",['Hawaii-Aleutian Time Zone'],ToG,"Kauai, Hawaii, is in the Hawaii-Aleutian Standard Time (HST) zone, which does not observe daylight saving time.  

Right now, the time in Kauai is **2 hours behind** Pacific Daylight Time (PDT).  

If you’re on the U.S. West Coast (PDT), subtract 2 hours.  
If you’re on the U.S. East Coast (EDT), subtract 6 hours.  

For the exact current time in Kauai, you can check a world clock or search “time in Kauai” online, since I can’t provide live updates.",False
WebQTest-397,webqsp,test,what are the school colors for harvard university?,Crimson is the official school color of Harvard University.,['Crimson'],ToG,Crimson is the official school color of Harvard University.,True
WebQTest-60,webqsp,test,where did eleanor roosevelt die?,Eleanor Roosevelt died in her apartment at 55 East 74th Street in New York City.,['Manhattan'],ToG,Eleanor Roosevelt died in her apartment at 55 East 74th Street in New York City.,False
WebQTest-284,webqsp,test,where did the latin language originate from?,"Latin originated in the region of **Latium** in central Italy, around the area of the Tiber River where the city of Rome was founded.","['Italic languages', 'Indo-European languages']",ToG,"Latin originated in the region of **Latium** in central Italy, around the area of the Tiber River where the city of Rome was founded.",False
WebQTest-481,webqsp,test,what kind of money do they use in germany?,Germany uses the **euro (€)** as its official currency. It replaced the Deutsche Mark in 2002.,['Euro'],ToG,Germany uses the **euro (€)** as its official currency. It replaced the Deutsche Mark in 2002.,True
WebQTest-1972,webqsp,test,where did john franklin live?,"Sir John Franklin lived in several places throughout his life, most notably in:

*   **Spilsby, Lincolnshire, England** (his birthplace and childhood home).
*   **London, England** (during his naval career and planning of his final expedition).
*   **Van Diemen's Land (now Tasmania), Australia** (as Lieutenant-Governor from 1837 to 1843).
*   His final place of residence was aboard his ship, **HMS *Erebus***, during his lost Arctic expedition (1845–1847).",['Blue Island'],ToG,"Sir John Franklin lived in several places throughout his life, most notably in:

*   **Spilsby, Lincolnshire, England** (his birthplace and childhood home).
*   **London, England** (during his naval career and planning of his final expedition).
*   **Van Diemen's Land (now Tasmania), Australia** (as Lieutenant-Governor from 1837 to 1843).
*   His final place of residence was aboard his ship, **HMS *Erebus***, during his lost Arctic expedition (1845–1847).",False
WebQTest-1350,webqsp,test,what did jesse owens won?,"Jesse Owens won four gold medals at the 1936 Berlin Olympics in the 100m, 200m, long jump, and 4x100m relay.",['Associated Press Male Athlete of the Year'],ToG,"Jesse Owens won four gold medals at the 1936 Berlin Olympics in the 100m, 200m, long jump, and 4x100m relay.",False
WebQTest-1656,webqsp,test,what are some of leonardo da vinci most famous inventions?,"Leonardo da Vinci's most famous inventions include:

*   **Flying machines** – Like the ornithopter (flapping wings) and an early helicopter design (aerial screw).
*   **War machines** – Such as the armored tank and a giant crossbow.
*   **Engineering tools** – Including early designs for a parachute, a robotic knight, and a self-propelled cart.
*   **Hydraulic devices** – Like his water-lifting machines and studies of canal locks.

Most were conceptual designs sketched in his notebooks and not built in his lifetime.","['Anemometer', 'Diving suit', 'Ornithopter', 'Viola organista', 'Double hull', 'Parachute', 'Triple Barrel Canon', '33-Barreled Organ', 'Aerial Screw', 'Armored car']",ToG,"Leonardo da Vinci's most famous inventions include:

*   **Flying machines** – Like the ornithopter (flapping wings) and an early helicopter design (aerial screw).
*   **War machines** – Such as the armored tank and a giant crossbow.
*   **Engineering tools** – Including early designs for a parachute, a robotic knight, and a self-propelled cart.
*   **Hydraulic devices** – Like his water-lifting machines and studies of canal locks.

Most were conceptual designs sketched in his notebooks and not built in his lifetime.",True
WebQTest-1771,webqsp,test,what is the islamic belief?,"The core Islamic belief is summarized in the declaration of faith (Shahada): ""There is no god but God (Allah), and Muhammad is His messenger."" This rests on six key articles of faith:

1.  **Belief in One God (Allah)** – Monotheism, without partners or equals.
2.  **Belief in Angels** – Beings of light who carry out God's commands.
3.  **Belief in Revealed Scriptures** – Including the Torah, Psalms, Gospel, and the Qur'an as the final, unchanged revelation.
4.  **Belief in Prophets** – From Adam to Jesus, with Muhammad as the final prophet.
5.  **Belief in the Day of Judgment** – Resurrection and accountability for one's deeds.
6.  **Belief in Divine Decree (Qadar)** – That God has ultimate knowledge and control of all things.

These beliefs form the foundation for a Muslim's worship, ethics,","['Mahdi', 'Tawhid', 'Prophets in Islam', 'Predestination in Islam', 'Entering Heaven alive', 'Monotheism', 'Islamic view of angels', 'Qiyamah', 'Sharia', 'Masih ad-Dajjal', 'Islamic holy books', 'God in Islam', 'Ṭūbā']",ToG,"The core Islamic belief is summarized in the declaration of faith (Shahada): ""There is no god but God (Allah), and Muhammad is His messenger."" This rests on six key articles of faith:

1.  **Belief in One God (Allah)** – Monotheism, without partners or equals.
2.  **Belief in Angels** – Beings of light who carry out God's commands.
3.  **Belief in Revealed Scriptures** – Including the Torah, Psalms, Gospel, and the Qur'an as the final, unchanged revelation.
4.  **Belief in Prophets** – From Adam to Jesus, with Muhammad as the final prophet.
5.  **Belief in the Day of Judgment** – Resurrection and accountability for one's deeds.
6.  **Belief in Divine Decree (Qadar)** – That God has ultimate knowledge and control of all things.

These beliefs form the foundation for a Muslim's worship, ethics,",True
WebQTest-1569,webqsp,test,what jamaican money called?,Jamaican money is called the **Jamaican dollar (J$)**. Its currency code is **JMD**.,['Jamaican dollar'],ToG,Jamaican money is called the **Jamaican dollar (J$)**. Its currency code is **JMD**.,True
WebQTest-1132,webqsp,test,what did coretta scott king died from?,"Coretta Scott King died from complications due to a stroke and ovarian cancer. She passed away on January 30, 2006.",['Respiratory failure'],ToG,"Coretta Scott King died from complications due to a stroke and ovarian cancer. She passed away on January 30, 2006.",False
WebQTest-823,webqsp,test,what does bolivia border?,"Bolivia borders five countries: Brazil to the north and east, Paraguay to the southeast, Argentina to the south, Chile to the southwest, and Peru to the northwest.","['Brazil', 'Peru', 'Chile', 'Paraguay', 'Argentina']",ToG,"Bolivia borders five countries: Brazil to the north and east, Paraguay to the southeast, Argentina to the south, Chile to the southwest, and Peru to the northwest.",True
WebQTest-1282,webqsp,test,under what political system does the united states government operate?,The United States operates as a **federal presidential constitutional republic**.,"['Presidential system', 'Constitutional republic', 'Federal republic']",ToG,The United States operates as a **federal presidential constitutional republic**.,True
WebQTest-564,webqsp,test,what is arkansas state capitol?,Little Rock.,['Little Rock'],ToG,Little Rock.,True
WebQTest-534,webqsp,test,what is the milwaukee brewers mascot?,The Milwaukee Brewers' mascot is **Bernie Brewer**.,"['Hank', 'Bernie Brewer', 'Bonnie Brewer']",ToG,The Milwaukee Brewers' mascot is **Bernie Brewer**.,True
WebQTest-873,webqsp,test,where does toronto get its water from?,Toronto gets its drinking water from Lake Ontario. It is treated at four city-operated water treatment plants before distribution.,['Ashbridges Bay Wastewater Treatment Plant'],ToG,Toronto gets its drinking water from Lake Ontario. It is treated at four city-operated water treatment plants before distribution.,False
WebQTest-918,webqsp,test,who is the king of cambodia now?,King Norodom Sihamoni is the current King of Cambodia. He ascended to the throne in 2004.,['Norodom Sihamoni'],ToG,King Norodom Sihamoni is the current King of Cambodia. He ascended to the throne in 2004.,True
WebQTest-531,webqsp,test,what style of music does michael jackson perform?,"Michael Jackson primarily performed **pop music**, but his work also incorporated elements of **R&B, rock, funk, soul, and disco**.","['New jack swing', 'Contemporary R&B', 'Disco', 'Motown Sound', 'Electronic music', 'Dance-pop', 'Adult contemporary music', 'Funk', 'Post-disco', 'Pop rock', 'Pop music', 'Rock music', 'Rhythm and blues', 'Dance music', 'Soul music']",ToG,"Michael Jackson primarily performed **pop music**, but his work also incorporated elements of **R&B, rock, funk, soul, and disco**.",True
WebQTest-1323,webqsp,test,what to visit in atlanta?,"Top attractions in Atlanta include:

*   **World of Coca-Cola:** Explore the history and taste global products.
*   **Georgia Aquarium:** One of the largest in the U.S.
*   **Martin Luther King Jr. National Historical Park:** His childhood home and church.
*   **Atlanta Botanical Garden:** Beautiful gardens and canopy walk.
*   **Piedmont Park:** Central park for walking, sports, and events.
*   **Ponce City Market:** Food hall and shops in a historic building.
*   **Centennial Olympic Park:** Downtown park with fountains.
*   **High Museum of Art:** Renowned art collection.
*   **Atlanta History Center:** Includes Civil War exhibits and Swan House.
*   **BeltLine:** Trails connecting neighborhoods, art, and restaurants.","['Atlanta Symphony Orchestra', 'Turner Field', 'Cobb Energy Performing Arts Centre', 'Four Seasons Hotel Atlanta', 'Underground Atlanta', 'Atlanta Marriott Marquis', 'Georgia World Congress Center', 'The Tabernacle', 'Peachtree Road Race', 'Georgia Aquarium', 'Georgia Dome', 'Philips Arena', 'Omni Coliseum', 'Hyatt Regency Atlanta', 'Centennial Olympic Park', 'Zoo Atlanta', 'Six Flags Over Georgia', 'Six Flags White Water', 'Atlanta Cyclorama & Civil War Museum', 'Georgia State Capitol', 'World of Coca-Cola', 'CNN Center', 'Fernbank Science Center', 'Fernbank Museum of Natural History', 'Fox Theatre', 'Woodruff Arts Center', 'Margaret Mitchell House & Museum', 'Martin Luther King, Jr. National Historic Site', 'Atlanta History Center', 'Variety Playhouse', 'Jimmy Carter Library and Museum', 'Masquerade', 'Arbor Place Mall', 'Atlanta Ballet', 'Center for Puppetry Arts', 'Atlanta Jewish Film Festival']",ToG,"Top attractions in Atlanta include:

*   **World of Coca-Cola:** Explore the history and taste global products.
*   **Georgia Aquarium:** One of the largest in the U.S.
*   **Martin Luther King Jr. National Historical Park:** His childhood home and church.
*   **Atlanta Botanical Garden:** Beautiful gardens and canopy walk.
*   **Piedmont Park:** Central park for walking, sports, and events.
*   **Ponce City Market:** Food hall and shops in a historic building.
*   **Centennial Olympic Park:** Downtown park with fountains.
*   **High Museum of Art:** Renowned art collection.
*   **Atlanta History Center:** Includes Civil War exhibits and Swan House.
*   **BeltLine:** Trails connecting neighborhoods, art, and restaurants.",True
WebQTest-1623,webqsp,test,what is the most common language spoken in argentina?,Spanish is the official and overwhelmingly dominant language spoken in Argentina.,['Spanish Language'],ToG,Spanish is the official and overwhelmingly dominant language spoken in Argentina.,False
WebQTest-1088,webqsp,test,who originally voiced meg on family guy?,Lacey Chabert voiced Meg in the first season of *Family Guy*. Mila Kunis took over the role starting with season two and has voiced her ever since.,['Lacey Chabert'],ToG,Lacey Chabert voiced Meg in the first season of *Family Guy*. Mila Kunis took over the role starting with season two and has voiced her ever since.,True
WebQTest-401,webqsp,test,who plays edward scissorhands?,Johnny Depp.,['Johnny Depp'],ToG,Johnny Depp.,True
WebQTest-304,webqsp,test,what is jamie oliver children names?,"Jamie Oliver's children are named Poppy Honey Rosie, Daisy Boo Pamela, Petal Blossom Rainbow, Buddy Bear Maurice, and River Rocket Blue Dallas.","['Petal Blossom Rainbow Oliver', 'Daisy Boo Pamela Oliver', 'Poppy Honey Rosie Oliver', 'Buddy Bear Maurice Oliver']",ToG,"Jamie Oliver's children are named Poppy Honey Rosie, Daisy Boo Pamela, Petal Blossom Rainbow, Buddy Bear Maurice, and River Rocket Blue Dallas.",False
WebQTest-276,webqsp,test,where was mission san rafael located?,"Mission San Rafael Arcángel was located in present-day San Rafael, California, in Marin County. It was founded in 1817 as a medical asistencia (sub-mission) of Mission San Francisco de Asís.","['94901', 'Marin County']",ToG,"Mission San Rafael Arcángel was located in present-day San Rafael, California, in Marin County. It was founded in 1817 as a medical asistencia (sub-mission) of Mission San Francisco de Asís.",True
WebQTest-1239,webqsp,test,what is the zip code for concord?,"Concord has multiple zip codes depending on the state. The most well-known are:

- **Concord, Massachusetts:** 01742  
- **Concord, New Hampshire:** 03301  
- **Concord, California:** 94520 (and 94518, 94521)","['94520', '94521', '94519', '94518', '94529', '94527', '94524', '94522']",ToG,"Concord has multiple zip codes depending on the state. The most well-known are:

- **Concord, Massachusetts:** 01742  
- **Concord, New Hampshire:** 03301  
- **Concord, California:** 94520 (and 94518, 94521)",True
WebQTest-1495,webqsp,test,where does airtran airways fly?,"AirTran Airways, which ceased operations in 2014 after merging with Southwest Airlines, primarily flew within the United States, focusing on:

*   Major hubs in **Atlanta**, **Orlando**, and **Milwaukee**.
*   Destinations across the **U.S., Mexico, and the Caribbean**.
*   Key cities like Baltimore/Washington, Las Vegas, and several Florida locations.","['Logan International Airport', 'LaGuardia Airport', 'Philadelphia International Airport', 'Denver International Airport', 'Raleigh–Durham International Airport', 'Baltimore–Washington International Airport']",ToG,"AirTran Airways, which ceased operations in 2014 after merging with Southwest Airlines, primarily flew within the United States, focusing on:

*   Major hubs in **Atlanta**, **Orlando**, and **Milwaukee**.
*   Destinations across the **U.S., Mexico, and the Caribbean**.
*   Key cities like Baltimore/Washington, Las Vegas, and several Florida locations.",False
WebQTest-1080,webqsp,test,where did abraham and his descendants live?,"Abraham and his descendants lived primarily in Canaan (the ancient region roughly corresponding to modern-day Israel and Palestine). Later, his grandson Jacob’s family migrated to Egypt, where their descendants, the Israelites, lived for several generations before the Exodus.","['Mesopotamia', 'Canaan']",ToG,"Abraham and his descendants lived primarily in Canaan (the ancient region roughly corresponding to modern-day Israel and Palestine). Later, his grandson Jacob’s family migrated to Egypt, where their descendants, the Israelites, lived for several generations before the Exodus.",True
WebQTest-655,webqsp,test,what is the zip code for wyoming michigan?,"The zip code for Wyoming, Michigan is **49509**.","['49509', '49519']",ToG,"The zip code for Wyoming, Michigan is **49509**.",True
WebQTest-344,webqsp,test,what county is west st paul in?,"West St. Paul is in Dakota County, Minnesota.",['Dakota County'],ToG,"West St. Paul is in Dakota County, Minnesota.",True
WebQTest-1502,webqsp,test,what city and state is yale located in?,"New Haven, Connecticut.",['New Haven'],ToG,"New Haven, Connecticut.",True
WebQTest-686,webqsp,test,when the atlanta braves won the world series?,"The Atlanta Braves have won the World Series four times:  
- 1914 (as the Boston Braves)  
- 1957 (as the Milwaukee Braves)  
- 1995 (as the Atlanta Braves)  
- 2021 (as the Atlanta Braves)",['1995 World Series'],ToG,"The Atlanta Braves have won the World Series four times:  
- 1914 (as the Boston Braves)  
- 1957 (as the Milwaukee Braves)  
- 1995 (as the Atlanta Braves)  
- 2021 (as the Atlanta Braves)",False
WebQTest-380,webqsp,test,where is mount st helens volcano?,"Mount St. Helens is located in the state of Washington, USA, in the Cascade Range. It is about 96 miles south of Seattle and 50 miles northeast of Portland, Oregon.","['North America', 'Washington', 'United States of America', 'Cascade Range', 'Skamania County']",ToG,"Mount St. Helens is located in the state of Washington, USA, in the Cascade Range. It is about 96 miles south of Seattle and 50 miles northeast of Portland, Oregon.",True
WebQTest-1201,webqsp,test,who played carlton lassiter on psych?,Timothy Omundson played Carlton Lassiter on *Psych*.,['Timothy Omundson'],ToG,Timothy Omundson played Carlton Lassiter on *Psych*.,True
WebQTest-589,webqsp,test,what russian language called?,"The Russian language is called **русский язык** (pronounced ""russkiy yazyk"").",['Russian Language'],ToG,"The Russian language is called **русский язык** (pronounced ""russkiy yazyk"").",True
WebQTest-885,webqsp,test,who is sir james dyson?,"Sir James Dyson is a British inventor, industrial designer, and entrepreneur best known as the founder of Dyson Ltd. He revolutionized vacuum cleaners with his invention of the first bagless, cyclonic vacuum cleaner. His company is now a global technology leader known for innovative products like bladeless fans, air purifiers, and hair dryers.","['Designer', 'Industrial designer', 'Inventor', 'Engineer']",ToG,"Sir James Dyson is a British inventor, industrial designer, and entrepreneur best known as the founder of Dyson Ltd. He revolutionized vacuum cleaners with his invention of the first bagless, cyclonic vacuum cleaner. His company is now a global technology leader known for innovative products like bladeless fans, air purifiers, and hair dryers.",True
WebQTest-13,webqsp,test,who was vice president after kennedy died?,Lyndon B. Johnson became president after Kennedy's death. The vice presidency remained vacant until Hubert Humphrey took office following the 1964 election.,['Lyndon B. Johnson'],ToG,Lyndon B. Johnson became president after Kennedy's death. The vice presidency remained vacant until Hubert Humphrey took office following the 1964 election.,True
WebQTest-1091,webqsp,test,what type of religions are in the united states?,"The United States is religiously diverse, with Christianity being the majority. The main types include:

* **Christianity** (Protestantism, Catholicism, Orthodox Christianity, and Latter-day Saints)
* **Non-Christian faiths** (Judaism, Islam, Buddhism, Hinduism, Sikhism, and others)
* **Unaffiliated** (atheist, agnostic, or ""nothing in particular"")
* **Other** (including New Religious Movements, Indigenous traditions, and unclassified beliefs)","['Christianity', 'Judaism', 'Hinduism', 'Unitarian Universalism', 'Buddhism', 'Islam', 'Atheism']",ToG,"The United States is religiously diverse, with Christianity being the majority. The main types include:

* **Christianity** (Protestantism, Catholicism, Orthodox Christianity, and Latter-day Saints)
* **Non-Christian faiths** (Judaism, Islam, Buddhism, Hinduism, Sikhism, and others)
* **Unaffiliated** (atheist, agnostic, or ""nothing in particular"")
* **Other** (including New Religious Movements, Indigenous traditions, and unclassified beliefs)",True
WebQTest-239,webqsp,test,where do american bulldogs originate from?,"American Bulldogs originate from the United States. They are direct descendants of the working bulldogs brought by European immigrants, primarily used as farm utility dogs for guarding, driving cattle, and catching feral pigs.",['United States of America'],ToG,"American Bulldogs originate from the United States. They are direct descendants of the working bulldogs brought by European immigrants, primarily used as farm utility dogs for guarding, driving cattle, and catching feral pigs.",False
WebQTest-1200,webqsp,test,where did the mississippi river end?,"The Mississippi River ends at the Gulf of Mexico, in southeastern Louisiana.",['Gulf of Mexico'],ToG,"The Mississippi River ends at the Gulf of Mexico, in southeastern Louisiana.",True
WebQTest-1163,webqsp,test,what rainforest is in south america?,"The Amazon rainforest is the largest rainforest in South America, covering much of the Amazon basin across nine countries, primarily Brazil.",['Amazon rainforest'],ToG,"The Amazon rainforest is the largest rainforest in South America, covering much of the Amazon basin across nine countries, primarily Brazil.",True
WebQTest-1194,webqsp,test,what club does cristiano ronaldo play for in 2010?,"In 2010, Cristiano Ronaldo played for Real Madrid.","['Portugal national football team', 'Real Madrid C.F.']",ToG,"In 2010, Cristiano Ronaldo played for Real Madrid.",False
WebQTest-908,webqsp,test,what awards gary paulsen won?,"Gary Paulsen won numerous awards, most notably **three Newbery Honors** for *Hatchet*, *The Winter Room*, and *Dogsong*. He also received the **Margaret A. Edwards Award** for his lifetime contribution to young adult literature.","['John Newbery Medal', ""Dorothy Canfield Fisher Children's Book Award"", 'Margaret Edwards Award', 'Spur Award for Best Juvenile Fiction', 'Spur Award for Best Juvenile Nonfiction', ""Anne V. Zarrow Award for Young Readers' Literature"", 'Regina Medal']",ToG,"Gary Paulsen won numerous awards, most notably **three Newbery Honors** for *Hatchet*, *The Winter Room*, and *Dogsong*. He also received the **Margaret A. Edwards Award** for his lifetime contribution to young adult literature.",False
WebQTest-1127,webqsp,test,which country in north america is divided into provinces?,Canada is the country in North America that is divided into provinces (and territories).,['Canada'],ToG,Canada is the country in North America that is divided into provinces (and territories).,True
WebQTest-680,webqsp,test,what team did aguero play for?,"Sergio Agüero played for several teams, but he is most famous for his time at **Manchester City** (2011–2021), where he became the club's all-time top scorer.  

His full career club timeline:  
- **Independiente** (2003–2006)  
- **Atlético Madrid** (2006–2011)  
- **Manchester City** (2011–2021)  
- **Barcelona** (2021–2022)","['Manchester City F.C.', 'Argentina national football team', 'Club Atlético Independiente', 'Atlético Madrid']",ToG,"Sergio Agüero played for several teams, but he is most famous for his time at **Manchester City** (2011–2021), where he became the club's all-time top scorer.  

His full career club timeline:  
- **Independiente** (2003–2006)  
- **Atlético Madrid** (2006–2011)  
- **Manchester City** (2011–2021)  
- **Barcelona** (2021–2022)",True
WebQTest-1336,webqsp,test,what is utah's state capitol?,Salt Lake City.,['Salt Lake City'],ToG,Salt Lake City.,True
WebQTest-157,webqsp,test,where is mission san buenaventura located?,"Mission San Buenaventura is located in present-day **Ventura, California**.","['93001', 'Ventura County']",ToG,"Mission San Buenaventura is located in present-day **Ventura, California**.",False
WebQTest-1062,webqsp,test,what is the name of the currency used in italy?,The euro (€) is the currency used in Italy. It replaced the Italian lira in 2002.,['Euro'],ToG,The euro (€) is the currency used in Italy. It replaced the Italian lira in 2002.,True
WebQTest-525,webqsp,test,who are the senators of virginia 2013?,"In 2013, Virginia's U.S. Senators were **Mark Warner** (Democrat) and **Tim Kaine** (Democrat). Kaine was sworn in January 2013, replacing Jim Webb.","['Mark Warner', 'Tim Kaine', 'Jim Webb']",ToG,"In 2013, Virginia's U.S. Senators were **Mark Warner** (Democrat) and **Tim Kaine** (Democrat). Kaine was sworn in January 2013, replacing Jim Webb.",True
WebQTest-145,webqsp,test,what college did albert einstein go to?,"Albert Einstein attended the Swiss Federal Polytechnic School (now ETH Zurich) in Zurich, Switzerland.","['ETH Zurich', 'University of Zurich']",ToG,"Albert Einstein attended the Swiss Federal Polytechnic School (now ETH Zurich) in Zurich, Switzerland.",True
WebQTest-778,webqsp,test,what was jesse owens education?,"Jesse Owens attended Ohio State University, where he studied and competed in track and field. He did not graduate at the time but was later awarded an honorary doctorate.","['Ohio State University', 'East Technical High School']",ToG,"Jesse Owens attended Ohio State University, where he studied and competed in track and field. He did not graduate at the time but was later awarded an honorary doctorate.",True
WebQTest-1178,webqsp,test,where is tupac from originally?,"Tupac Shakur was originally from East Harlem, New York City.",['East Harlem'],ToG,"Tupac Shakur was originally from East Harlem, New York City.",True
WebQTest-791,webqsp,test,what other books did louis sachar write?,"Louis Sachar is best known for *Holes*, but he has written many other books, primarily for middle-grade readers. His other major works include:

*   **The ""Wayside School"" series** — humorous stories about a bizarre school.
*   **The ""Marvin Redpost"" series** — chapter books about a third-grader's adventures.
*   **Stand-alone novels** such as *There's a Boy in the Girls' Bathroom*, *Dogs Don't Tell Jokes*, and *Small Steps* (a follow-up to *Holes*).","['Small Steps', 'Someday Angeline', 'Sixth Grade Secrets', 'Holes', ""Johnny's in the basement"", 'Marvin Redpost', 'Wayside School gets a little stranger', 'Class President (A Stepping Stone Book(TM))', 'A magic crystal?', 'Der Fluch des David Ballinger. ( Ab 11 J.).', 'Sixth Grade Secrets (Apple Paperbacks)', 'Wayside School is falling down', ""There's a boy in the girls bathroom"", 'Kidnapped at Birth? (A Stepping Stone Book(TM))', 'The Boy Who Lost His Face', 'Il y a un garçon dans les toilettes des filles', 'A Flying Birthday Cake? (A Stepping Stone Book(TM))', 'Why Pick on Me? (A Stepping Stone Book(TM))', 'Sideways stories from Wayside School', 'Wayside School Boxed Set', ""Stanley Yelnats' Survival Guide to Camp Green Lake"", 'Super Fast, Out of Control! (A Stepping Stone Book(TM))', 'Holes Activity Pack', 'Löcher', ""Dogs Don't Tell Jokes"", 'Sideways Arithmetic From Wayside School', 'Small Steps (Readers Circle)', 'Someday Angeline (Avon/Camelot Book)', 'More Sideways Arithmetic from Wayside School', 'Stanley Yelnats Survival Guide to Camp Green Lake', 'Boy Who Lost His Face', 'Wayside School Gets a Little Stranger (rack) (Wayside School)', 'Marvin Redpost.', 'Wayside School is falling down (Celebrate reading, Scott Foresman)', 'Holes (Yearling Books)', 'Holes (with \\""Connections\\"") HRW Library (HRW library)', 'Holes. (Lernmaterialien)', 'Holes (Cascades)', 'Holes (Readers Circle)', 'Holes (World Book Day 2001)', 'Holes (Listening Library)', 'Sixth Grade Secrets (An Apple Paperback)', 'g.1218f5g0', 'Kidnapped at Birth?', 'A Flying Birthday Cake?', 'Class President', 'Why Pick on Me?', 'Wayside School Collection', 'Super Fast, Out of Control!', ""Alone in His Teacher's House"", 'Pequenos Pasos/ Small Steps', 'Louis Sacher Collection', 'Hoyos/Holes', 'Hay Un Chico En El Bano De Las Chicas', 'Monkey soup', ""There's a Boy in the Girls' Bathroom"", 'The Cardturner']",ToG,"Louis Sachar is best known for *Holes*, but he has written many other books, primarily for middle-grade readers. His other major works include:

*   **The ""Wayside School"" series** — humorous stories about a bizarre school.
*   **The ""Marvin Redpost"" series** — chapter books about a third-grader's adventures.
*   **Stand-alone novels** such as *There's a Boy in the Girls' Bathroom*, *Dogs Don't Tell Jokes*, and *Small Steps* (a follow-up to *Holes*).",True
WebQTest-820,webqsp,test,what are the names of harry potter movies in order?,"1. Harry Potter and the Sorcerer's Stone (2001)  
2. Harry Potter and the Chamber of Secrets (2002)  
3. Harry Potter and the Prisoner of Azkaban (2004)  
4. Harry Potter and the Goblet of Fire (2005)  
5. Harry Potter and the Order of the Phoenix (2007)  
6. Harry Potter and the Half-Blood Prince (2009)  
7. Harry Potter and the Deathly Hallows – Part 1 (2010)  
8. Harry Potter and the Deathly Hallows – Part 2 (2011)","['Harry Potter and the Deathly Hallows - Part I', ""Harry Potter and the Philosopher's Stone"", 'Harry Potter and the Chamber of Secrets', 'Harry Potter and the Prisoner of Azkaban', 'Harry Potter and the Goblet of Fire', 'Harry Potter and the Order of the Phoenix', 'Harry Potter and the Half-Blood Prince', 'Harry Potter and the Deathly Hallows – Part 2']",ToG,"1. Harry Potter and the Sorcerer's Stone (2001)  
2. Harry Potter and the Chamber of Secrets (2002)  
3. Harry Potter and the Prisoner of Azkaban (2004)  
4. Harry Potter and the Goblet of Fire (2005)  
5. Harry Potter and the Order of the Phoenix (2007)  
6. Harry Potter and the Half-Blood Prince (2009)  
7. Harry Potter and the Deathly Hallows – Part 1 (2010)  
8. Harry Potter and the Deathly Hallows – Part 2 (2011)",True
WebQTest-41,webqsp,test,where is the galapagos islands located on a world map?,"The Galápagos Islands are located in the Pacific Ocean, roughly 1,000 km (600 miles) off the coast of Ecuador in South America.","['Ecuador', 'Galápagos Province', 'Pacific Ocean']",ToG,"The Galápagos Islands are located in the Pacific Ocean, roughly 1,000 km (600 miles) off the coast of Ecuador in South America.",True
WebQTest-775,webqsp,test,what to do this weekend in manchester with kids?,"Here are some top ideas for a family weekend in Manchester:

**Museums & Learning:**
*   **Science and Industry Museum:** Hands-on exhibits and experiments. Free.
*   **Manchester Museum:** Dinosaurs, animals, and a new Ancient Egypt gallery. Free.
*   **Imperial War Museum North:** Interactive displays about modern conflict. Free.

**Active & Outdoor Fun:**
*   **Treetop Trek** (Chorlton) or **Go Ape** (Heaton Park): High ropes and zip lines.
*   **RHS Garden Bridgewater:** Explore the play area and vast gardens.
*   **Fletcher Moss Park & Parsonage Gardens:** Nice for a walk and play area.

**Animals & Nature:**
*   **Manchester Aquarium** (Sea Life): Underwater tunnel and creatures.
*   **Platt Fields Park:** Boating lake, playground, and sometimes a farm.

**Rainy Day Options:**
*   **","['Imperial War Museum North', 'Urbis', 'Old Trafford', 'Whitworth Art Gallery', 'Manchester Art Gallery', 'Manchester Museum', 'Manchester Jewish Museum', 'Great Manchester Run', 'Chinatown, Manchester', 'Manchester Cathedral', 'The Moon Under Water, Manchester', 'Wheel of Manchester', 'Albert Hall, Manchester']",ToG,"Here are some top ideas for a family weekend in Manchester:

**Museums & Learning:**
*   **Science and Industry Museum:** Hands-on exhibits and experiments. Free.
*   **Manchester Museum:** Dinosaurs, animals, and a new Ancient Egypt gallery. Free.
*   **Imperial War Museum North:** Interactive displays about modern conflict. Free.

**Active & Outdoor Fun:**
*   **Treetop Trek** (Chorlton) or **Go Ape** (Heaton Park): High ropes and zip lines.
*   **RHS Garden Bridgewater:** Explore the play area and vast gardens.
*   **Fletcher Moss Park & Parsonage Gardens:** Nice for a walk and play area.

**Animals & Nature:**
*   **Manchester Aquarium** (Sea Life): Underwater tunnel and creatures.
*   **Platt Fields Park:** Boating lake, playground, and sometimes a farm.

**Rainy Day Options:**
*   **",True
WebQTest-2017,webqsp,test,what party was abe lincoln part of?,Abraham Lincoln was a member of the Republican Party.,"['Republican Party', 'Whig Party', 'National Union Party', 'Illinois Republican Party']",ToG,Abraham Lincoln was a member of the Republican Party.,True
WebQTest-1426,webqsp,test,where is ibrahim afellay from?,Ibrahim Afellay is from the Netherlands. He was born in Utrecht to Moroccan parents.,['Utrecht'],ToG,Ibrahim Afellay is from the Netherlands. He was born in Utrecht to Moroccan parents.,True
WebQTest-220,webqsp,test,what language turkey people speak?,The official language of Turkey is **Turkish**.,"['Turkish Language', 'Zaza language', 'Ladino Language', 'Kurdish languages', 'Arabic Language']",ToG,The official language of Turkey is **Turkish**.,False
WebQTest-859,webqsp,test,what are the predominant religions in russia?,"The predominant religion in Russia is **Russian Orthodox Christianity**, which is followed by a majority of the population. 

Other significant religions include:
- **Islam** (the largest minority religion)
- **Buddhism** (traditionally in regions like Kalmykia and Tuva)
- **Judaism**
- Various other Christian denominations and folk beliefs

A significant portion of the population also identifies as non-religious or atheist.","['Russian Orthodox Church', 'Islam']",ToG,"The predominant religion in Russia is **Russian Orthodox Christianity**, which is followed by a majority of the population. 

Other significant religions include:
- **Islam** (the largest minority religion)
- **Buddhism** (traditionally in regions like Kalmykia and Tuva)
- **Judaism**
- Various other Christian denominations and folk beliefs

A significant portion of the population also identifies as non-religious or atheist.",True
WebQTest-996,webqsp,test,where do ireland play rugby union?,Ireland's senior men's rugby union team plays its home matches at the **Aviva Stadium** in Dublin. They also occasionally play provincial matches at other Irish venues like Thomond Park in Limerick or the RDS Arena in Dublin.,['Aviva Stadium'],ToG,Ireland's senior men's rugby union team plays its home matches at the **Aviva Stadium** in Dublin. They also occasionally play provincial matches at other Irish venues like Thomond Park in Limerick or the RDS Arena in Dublin.,True
WebQTest-821,webqsp,test,what did pamela courson die from?,Pamela Courson died from a heroin overdose in 1974.,"['Drug overdose', 'Heroin overdose']",ToG,Pamela Courson died from a heroin overdose in 1974.,True
WebQTest-371,webqsp,test,what are the major languages spoken in greece?,"The official and overwhelmingly dominant language in Greece is **Greek**.

A small minority also speaks **Turkish**, primarily in the region of Western Thrace.

English is very widely spoken as a foreign language, especially in tourist areas and among younger generations.",['Greek Language'],ToG,"The official and overwhelmingly dominant language in Greece is **Greek**.

A small minority also speaks **Turkish**, primarily in the region of Western Thrace.

English is very widely spoken as a foreign language, especially in tourist areas and among younger generations.",False
WebQTest-830,webqsp,test,where is taylor swift from?,"Taylor Swift is from Reading, Pennsylvania, but she moved to Nashville, Tennessee, at age 14 to pursue her country music career.",['Reading'],ToG,"Taylor Swift is from Reading, Pennsylvania, but she moved to Nashville, Tennessee, at age 14 to pursue her country music career.",True
WebQTest-684,webqsp,test,what sort of government does nigeria have?,"Nigeria is a federal republic with a presidential system. It operates as a multi-party democracy with a separation of powers among the executive (led by the President), a bicameral legislature (National Assembly), and an independent judiciary.","['Presidential system', 'Federal republic']",ToG,"Nigeria is a federal republic with a presidential system. It operates as a multi-party democracy with a separation of powers among the executive (led by the President), a bicameral legislature (National Assembly), and an independent judiciary.",True
WebQTest-1378,webqsp,test,who does kellan lutz play in prom night?,Kellan Lutz plays Rick Leland in the 2008 film *Prom Night*.,['Rick Leland'],ToG,Kellan Lutz plays Rick Leland in the 2008 film *Prom Night*.,True
WebQTest-1866,webqsp,test,what is the state name of new york city?,New York City is located in the state of **New York**.,['New York'],ToG,New York City is located in the state of **New York**.,True
WebQTest-759,webqsp,test,who brad pitt has dated?,"Brad Pitt has been in high-profile relationships with several actresses and celebrities, including:

* **Gwyneth Paltrow** (engaged, mid-1990s)
* **Jennifer Aniston** (married 2000–2005)
* **Angelina Jolie** (partner 2005–2014, married 2014–2016)
* **Ines de Ramon** (reportedly dating since late 2022)

He has also been linked to other stars like Juliette Lewis and Robin Givens earlier in his career.","['Thandie Newton', 'Juliette Lewis', 'Sinitta', 'Shalane McCall', 'Robin Givens']",ToG,"Brad Pitt has been in high-profile relationships with several actresses and celebrities, including:

* **Gwyneth Paltrow** (engaged, mid-1990s)
* **Jennifer Aniston** (married 2000–2005)
* **Angelina Jolie** (partner 2005–2014, married 2014–2016)
* **Ines de Ramon** (reportedly dating since late 2022)

He has also been linked to other stars like Juliette Lewis and Robin Givens earlier in his career.",True
WebQTest-1806,webqsp,test,what position did lebron james play?,"LeBron James primarily plays as a small forward, but he has often been used as a point guard or power forward, especially later in his career. He is considered a versatile all-around player.","['Power forward', 'Small forward', 'Point forward', 'Shooting guard', 'Forward']",ToG,"LeBron James primarily plays as a small forward, but he has often been used as a point guard or power forward, especially later in his career. He is considered a versatile all-around player.",True
WebQTest-608,webqsp,test,when did liverpool fc last win the champions league?,"Liverpool last won the Champions League in 2019, beating Tottenham 2–0 in the final.",['2012 Football League Cup Final'],ToG,"Liverpool last won the Champions League in 2019, beating Tottenham 2–0 in the final.",False
WebQTest-960,webqsp,test,who plays dwight in the office?,Rainn Wilson plays Dwight Schrute in the American version of *The Office*.,['Rainn Wilson'],ToG,Rainn Wilson plays Dwight Schrute in the American version of *The Office*.,True
WebQTest-696,webqsp,test,when did juventus win the champions league?,"Juventus has won the Champions League (formerly the European Cup) twice:  
- **1985** (vs. Liverpool)  
- **1996** (vs. Ajax)",['1996 UEFA Champions League Final'],ToG,"Juventus has won the Champions League (formerly the European Cup) twice:  
- **1985** (vs. Liverpool)  
- **1996** (vs. Ajax)",False
WebQTest-133,webqsp,test,where did dolly parton grow up?,"Dolly Parton grew up in a one-room cabin in the Great Smoky Mountains of East Tennessee, specifically in Locust Ridge, near the small town of Pittman Center.",['Sevierville'],ToG,"Dolly Parton grew up in a one-room cabin in the Great Smoky Mountains of East Tennessee, specifically in Locust Ridge, near the small town of Pittman Center.",False
WebQTest-752,webqsp,test,what drink did john pemberton create?,John Pemberton created Coca-Cola.,['Coca-Cola'],ToG,John Pemberton created Coca-Cola.,True
WebQTest-1010,webqsp,test,what did bruce jenner win gold medal for?,Bruce Jenner won the gold medal in the decathlon at the 1976 Montreal Summer Olympics.,"[""Athletics at the 1976 Summer Olympics - Men's Decathlon""]",ToG,Bruce Jenner won the gold medal in the decathlon at the 1976 Montreal Summer Olympics.,False
WebQTest-2022,webqsp,test,where is dwayne johnson ethnicity?,"Dwayne ""The Rock"" Johnson's ethnicity is multiracial. He is primarily of Black Nova Scotian (African Canadian) and Samoan descent. His mother is Samoan, and his father is Black Canadian with roots in Nova Scotia.","['Samoan American', 'African American']",ToG,"Dwayne ""The Rock"" Johnson's ethnicity is multiracial. He is primarily of Black Nova Scotian (African Canadian) and Samoan descent. His mother is Samoan, and his father is Black Canadian with roots in Nova Scotia.",False
WebQTest-249,webqsp,test,what was the cause of death for bruce lee?,"Bruce Lee's official cause of death was cerebral edema (brain swelling). It was ruled a reaction to a prescription painkiller (Equagesic), which he had taken for a headache. The official verdict was ""death by misadventure.""",['Cerebral edema'],ToG,"Bruce Lee's official cause of death was cerebral edema (brain swelling). It was ruled a reaction to a prescription painkiller (Equagesic), which he had taken for a headache. The official verdict was ""death by misadventure.""",True
WebQTest-768,webqsp,test,who owns volkswagen car company?,"Volkswagen Group is a publicly traded company, so it is owned by its shareholders. The largest single shareholder is Porsche SE (which holds a majority of voting rights), a holding company controlled by the Porsche and Piëch families.",['Volkswagen Group'],ToG,"Volkswagen Group is a publicly traded company, so it is owned by its shareholders. The largest single shareholder is Porsche SE (which holds a majority of voting rights), a holding company controlled by the Porsche and Piëch families.",True
WebQTest-648,webqsp,test,who did kimberly williams marry?,Kimberly Williams married actor Brad Paisley in 2003.,['Brad Paisley'],ToG,Kimberly Williams married actor Brad Paisley in 2003.,True
WebQTest-519,webqsp,test,what timezone is nashville tn?,"Nashville, Tennessee, is in the **Central Time Zone (CT)**. It observes Central Standard Time (CST) in winter and Central Daylight Time (CDT) during daylight saving time.",['Central Time Zone'],ToG,"Nashville, Tennessee, is in the **Central Time Zone (CT)**. It observes Central Standard Time (CST) in winter and Central Daylight Time (CDT) during daylight saving time.",True
WebQTest-1009,webqsp,test,where did george herbert walker bush go to college?,"George H. W. Bush attended Yale University, graduating in 1948.",['University Yale'],ToG,"George H. W. Bush attended Yale University, graduating in 1948.",False
WebQTest-427,webqsp,test,what is the zip code for midland tx?,"The zip code for Midland, Texas is **79701**.","['79702', '79705', '79701', '79707', '79703', '79706', '79711', '79712', '79710', '79708', '79704']",ToG,"The zip code for Midland, Texas is **79701**.",True
WebQTest-958,webqsp,test,what are some famous people from el salvador?,"Some famous people from El Salvador include:

* **Artists & Writers:** Author **Manlio Argueta**, poet **Claribel Alegría**, and painter **Fernando Llort**.
* **Musicians:** Singer-songwriter **Álvaro Torres** and the group **Adolescent's Orquesta**.
* **Athletes:** Football (soccer) goalkeeper **Jorge ""El Mágico"" González** and cyclist **Evelyn García**.
* **Public Figures:** Former UN High Commissioner for Human Rights **Navi Pillay** (of Salvadoran descent) and Catholic martyr **Saint Óscar Romero**.
* **Entertainers:** TV host and comedian **Jessica Lockhart**.","['g.11b8058v7j', 'William Armando', 'Victor Lopez', 'Johnny Lopez', 'Francisco Funes', 'Damaris Quéles', 'Francisca González', 'Ricardo López Tenorio', 'Xenia Estrada', 'Mauricio Alvarenga', 'Milton Palacios', 'Alexander Campos', 'Jose Orlando Martinez', 'Mauricio Alonso Rodríguez', 'Miguel Cañizalez', 'Francisco Gavidia', 'Pedro Geoffroy Rivas', 'Camilo Minero', 'Ana Sol Gutierrez', 'Joel Aguilar', 'Wilfredo Iraheta', 'Mauricio Alfaro', 'José Luis Rugamas', 'Eduardo Hernández', 'Roberto Carlos Martinez', 'José Manfredi Portillo', 'Melvin Barrera', 'Pedro Chavarria', 'José María Cañas', 'Ruben Cedillos', 'Keoki', 'DJ Quest', 'Prudencia Ayala', 'Andrés Eduardo Menéndez', 'William Renderos Iraheta', 'Laura Molina', 'Félix Pineda', 'José Castellanos Contreras', 'Jose Solis', 'Edwin Ramos', 'Roberto Rivas', 'Alfredo Ruano', 'Rafael Menjívar Ochoa', 'Papa A.P.', 'Elmer Acevedo', 'Armando Chacón', 'Saturnino Osorio', 'Ernesto Aparicio', 'Arturo Armando Molina', 'Diego Velázquez', 'Miguel Cruz', 'Juan Rafael Bustillo', 'Sarah Ramos', 'Juan Ramón Sánchez', 'Jorge Búcaro', 'Tomás Medina', 'Doroteo Vasconcelos', 'Rafael Campo', 'Francisco Dueñas', 'Gerardo Barrios', 'Francisco Menéndez', 'Pedro José Escalón', 'Manuel Enrique Araujo', 'Jorge Meléndez', 'Salvador Castaneda Castro', 'Julio Adalberto Rivera Carballo', 'Consuelo de Saint Exupéry', 'Rubén Zamora', 'Rutilio Grande', 'Víctor Ramírez', 'Nicolas F. Shi', 'Eva Dimas', 'Fausto Omar Vásquez', 'Steve Montenegro', 'Carlos Linares', 'Miguel Angel Deras', 'Gualberto Fernández', 'Paula Heredia', 'Jorge Rivera', 'Erwin McManus', 'Claudia Lars', 'Victor Manuel Ochoa', 'Raúl Cicero', 'Carlos Barrios', 'José Inocencio Alas', 'Elena Diaz', 'Patricia Chica', 'Bernard Lewinsky', 'Jaime Portillo', 'Genaro Sermeño', 'Ana Maria de Martinez', 'Eduardo \\""Volkswagen\\"" Hernández', 'Arturo Rivera y Damas', 'Enrique Álvarez Córdova', 'Mario Montoya', 'José Francisco Valiente', 'Norman Quijano', 'Rene Moran', 'Jose B. Gonzalez', 'Richard Oriani', 'Alexander Méndoza', 'Ángel Orellana', 'Emilio Guardado', 'Américo González', 'Bobby Rivas', 'Óscar Antonio Ulloa', 'Guillermo García', 'Selvin González', 'William López', 'Marlon Menjívar', 'Isaías Choto', 'Takeshi Fujiwara', 'Mario Wilfredo Contreras', 'Malin Arvidsson', 'Robert Renderos', 'Santiago \\""Jimmy\\"" Mellado']",ToG,"Some famous people from El Salvador include:

* **Artists & Writers:** Author **Manlio Argueta**, poet **Claribel Alegría**, and painter **Fernando Llort**.
* **Musicians:** Singer-songwriter **Álvaro Torres** and the group **Adolescent's Orquesta**.
* **Athletes:** Football (soccer) goalkeeper **Jorge ""El Mágico"" González** and cyclist **Evelyn García**.
* **Public Figures:** Former UN High Commissioner for Human Rights **Navi Pillay** (of Salvadoran descent) and Catholic martyr **Saint Óscar Romero**.
* **Entertainers:** TV host and comedian **Jessica Lockhart**.",False
WebQTest-327,webqsp,test,what two continents is turkey on?,Turkey is located on two continents: **Europe** and **Asia**.,"['Eurasia', 'Europe', 'Asia']",ToG,Turkey is located on two continents: **Europe** and **Asia**.,True
WebQTest-73,webqsp,test,what language do the maasai tribe speak?,"The Maasai tribe speaks **Maa**, a Nilotic language. Many Maasai also speak Swahili and English, especially in Kenya and Tanzania.",['Maasai Language'],ToG,"The Maasai tribe speaks **Maa**, a Nilotic language. Many Maasai also speak Swahili and English, especially in Kenya and Tanzania.",False
WebQTest-618,webqsp,test,where is chesapeake bay bridge?,"The Chesapeake Bay Bridge is located in Maryland, USA. It spans the Chesapeake Bay, connecting the state's Eastern Shore with the urban Western Shore between Sandy Point (near Annapolis) and Kent Island.","['Anne Arundel County', ""Queen Anne's County""]",ToG,"The Chesapeake Bay Bridge is located in Maryland, USA. It spans the Chesapeake Bay, connecting the state's Eastern Shore with the urban Western Shore between Sandy Point (near Annapolis) and Kent Island.",False
WebQTest-1340,webqsp,test,what is steve nash nationality?,Steve Nash is Canadian.,"['United Kingdom', 'Canada']",ToG,Steve Nash is Canadian.,False
WebQTest-1342,webqsp,test,what kind of language does france speak?,France's official language is **French**.,['French'],ToG,France's official language is **French**.,True
WebQTest-903,webqsp,test,where turkish people originate?,"Turkish people primarily originate from Central Asia, specifically from the Oghuz Turkic tribes who began migrating westward into Anatolia (modern-day Turkey) around the 11th century. Their ethnogenesis involved mixing with local populations in Anatolia and the surrounding regions, including Greeks, Armenians, and others.","['Belgium', 'Bulgaria', 'Bosnia and Herzegovina', 'Northern Cyprus', 'Turkey', 'Germany', 'Kazakhstan', 'Republic of Kosovo', 'Netherlands', 'Norway', 'Syria', 'United Kingdom', 'United States of America', 'Iraq', 'Canada', 'Sweden', 'France', 'Algeria', 'Austria', 'Azerbaijan', 'Kyrgyzstan', 'Denmark']",ToG,"Turkish people primarily originate from Central Asia, specifically from the Oghuz Turkic tribes who began migrating westward into Anatolia (modern-day Turkey) around the 11th century. Their ethnogenesis involved mixing with local populations in Anatolia and the surrounding regions, including Greeks, Armenians, and others.",True
WebQTest-1625,webqsp,test,what are some inventions that leonardo da vinci invented?,"Leonardo da Vinci conceptualized many inventions far ahead of his time, though most were not built during his life. His designs included:

*   **Flying machines** (ornithopter, aerial screw—an early helicopter concept)
*   **Military devices** (tank, giant crossbow, machine gun)
*   **Engineering tools** (crane, revolving bridge)
*   **Hydraulic systems** (water pumps, diving suit)
*   **Scientific instruments** (anemometer, odometer)","['Anemometer', 'Diving suit', 'Ornithopter', 'Viola organista', 'Double hull', 'Parachute', 'Triple Barrel Canon', '33-Barreled Organ', 'Aerial Screw', 'Armored car']",ToG,"Leonardo da Vinci conceptualized many inventions far ahead of his time, though most were not built during his life. His designs included:

*   **Flying machines** (ornithopter, aerial screw—an early helicopter concept)
*   **Military devices** (tank, giant crossbow, machine gun)
*   **Engineering tools** (crane, revolving bridge)
*   **Hydraulic systems** (water pumps, diving suit)
*   **Scientific instruments** (anemometer, odometer)",True
WebQTest-1854,webqsp,test,who originally voiced lois griffin?,Lois Griffin was originally voiced by Alex Borstein.,['Alex Borstein'],ToG,Lois Griffin was originally voiced by Alex Borstein.,True
WebQTest-1050,webqsp,test,who does mila kunis play on family guy?,"Mila Kunis voices Meg Griffin on *Family Guy*, taking over the role from Lacey Chabert in 2000.",['Meg Griffin'],ToG,"Mila Kunis voices Meg Griffin on *Family Guy*, taking over the role from Lacey Chabert in 2000.",True
WebQTest-1479,webqsp,test,who is dustin johnson the golfer?,"Dustin Johnson is a highly successful American professional golfer, known for his powerful driving and calm demeanor. He has won two major championships (the 2016 U.S. Open and the 2020 Masters) and spent over 100 weeks as the world's number one ranked golfer. In 2022, he joined the LIV Golf league, where he has also been a dominant force, winning its individual championship in its inaugural season.",['Golfer'],ToG,"Dustin Johnson is a highly successful American professional golfer, known for his powerful driving and calm demeanor. He has won two major championships (the 2016 U.S. Open and the 2020 Masters) and spent over 100 weeks as the world's number one ranked golfer. In 2022, he joined the LIV Golf league, where he has also been a dominant force, winning its individual championship in its inaugural season.",True
WebQTest-965,webqsp,test,where did anne frank go to school?,"Anne Frank attended the 6th Montessori School (later renamed the Anne Frank School) in Amsterdam from 1934 until 1941, when Jewish children were forced to attend segregated Jewish schools. She then went to the Jewish Lyceum until going into hiding in 1942.","['Montessori Lyceum Amsterdam', 'Jewish Lyceum']",ToG,"Anne Frank attended the 6th Montessori School (later renamed the Anne Frank School) in Amsterdam from 1934 until 1941, when Jewish children were forced to attend segregated Jewish schools. She then went to the Jewish Lyceum until going into hiding in 1942.",True
WebQTest-508,webqsp,test,what is the best currency to take to turkey?,"The best currency to take to Turkey is the **Turkish Lira (TRY)** for daily spending, as it's required for most local transactions. It's wise to also bring some **Euros or US Dollars** in cash to exchange for better rates or for larger purchases, as these are widely accepted for exchange. Avoid using foreign currency directly for everyday purchases, as you'll likely get a poor exchange rate.",['Turkish lira'],ToG,"The best currency to take to Turkey is the **Turkish Lira (TRY)** for daily spending, as it's required for most local transactions. It's wise to also bring some **Euros or US Dollars** in cash to exchange for better rates or for larger purchases, as these are widely accepted for exchange. Avoid using foreign currency directly for everyday purchases, as you'll likely get a poor exchange rate.",True
WebQTest-418,webqsp,test,what league are the indianapolis colts in?,The Indianapolis Colts are in the **National Football League (NFL)**. They play in the **AFC South** division.,"['National Football League', 'AFC South', 'American Football Conference']",ToG,The Indianapolis Colts are in the **National Football League (NFL)**. They play in the **AFC South** division.,True
WebQTest-1534,webqsp,test,who are the coaches for the oakland raiders?,"The Oakland Raiders (now the Las Vegas Raiders) last had **Jon Gruden** as head coach when they were in Oakland (2018–2021). He was followed by **Rich Bisaccia** (interim, 2021) before the team moved to Las Vegas.",['Tony Sparano'],ToG,"The Oakland Raiders (now the Las Vegas Raiders) last had **Jon Gruden** as head coach when they were in Oakland (2018–2021). He was followed by **Rich Bisaccia** (interim, 2021) before the team moved to Las Vegas.",False
WebQTest-1813,webqsp,test,what team does messi play for 2011?,"In 2011, Lionel Messi played for **FC Barcelona**.","['Argentina national football team', 'FC Barcelona']",ToG,"In 2011, Lionel Messi played for **FC Barcelona**.",True
WebQTest-944,webqsp,test,what was van halen first album?,"Van Halen's first album was their self-titled debut, *Van Halen*, released on February 10, 1978.","[""Ain't Talkin' 'Bout Love""]",ToG,"Van Halen's first album was their self-titled debut, *Van Halen*, released on February 10, 1978.",False
WebQTest-1477,webqsp,test,what episode of how i met your mother is carrie underwood on?,"Carrie Underwood appears in the Season 5 episode titled ""Hooked.""",['Hooked'],ToG,"Carrie Underwood appears in the Season 5 episode titled ""Hooked.""",True
WebQTest-1052,webqsp,test,who played damien in the omen 2006?,Seamus Davey-Fitzpatrick played Damien in the 2006 remake of *The Omen*.,"['Tomas Wooler', 'Seamus Davey-Fitzpatrick']",ToG,Seamus Davey-Fitzpatrick played Damien in the 2006 remake of *The Omen*.,True
WebQTest-16,webqsp,test,what countries are part of the uk?,"The United Kingdom (UK) is a sovereign country made up of four constituent countries:

*   England
*   Scotland
*   Wales
*   Northern Ireland","['England', 'Northern Ireland', 'Scotland', 'Wales']",ToG,"The United Kingdom (UK) is a sovereign country made up of four constituent countries:

*   England
*   Scotland
*   Wales
*   Northern Ireland",True
WebQTest-484,webqsp,test,what language does australia use?,English is the official and most widely spoken language in Australia.,"['English Language', 'Esperanto Language', 'Lojban']",ToG,English is the official and most widely spoken language in Australia.,False
WebQTest-1356,webqsp,test,what drug killed marilyn monroe?,"Marilyn Monroe died from an acute barbiturate overdose. The official cause was ""acute barbiturate poisoning"" due to an overdose of Nembutal (pentobarbital), a sedative. Her death was ruled a ""probable suicide,"" though some theories suggest accidental overdose.",['Barbiturate overdose'],ToG,"Marilyn Monroe died from an acute barbiturate overdose. The official cause was ""acute barbiturate poisoning"" due to an overdose of Nembutal (pentobarbital), a sedative. Her death was ruled a ""probable suicide,"" though some theories suggest accidental overdose.",True
WebQTest-1520,webqsp,test,what language speak in brazil?,Portuguese.,"['Italian Language', 'Brazilian Portuguese', 'Portuguese Language']",ToG,Portuguese.,False
WebQTest-1177,webqsp,test,where did mario lopez go to school?,"Mario Lopez attended Chula Vista High School in California and later studied at the University of California, Los Angeles (UCLA) for a short time.",['Chula Vista High School'],ToG,"Mario Lopez attended Chula Vista High School in California and later studied at the University of California, Los Angeles (UCLA) for a short time.",True
WebQTest-294,webqsp,test,who was carolus linnaeus?,"Carolus Linnaeus (1707–1778) was a Swedish botanist, physician, and zoologist known as the ""father of modern taxonomy."" He created the binomial nomenclature system (genus and species) for naming organisms and developed a hierarchical classification system still used as the foundation of biological taxonomy.","['Botanist', 'Physician', 'Scientist', 'Biologist']",ToG,"Carolus Linnaeus (1707–1778) was a Swedish botanist, physician, and zoologist known as the ""father of modern taxonomy."" He created the binomial nomenclature system (genus and species) for naming organisms and developed a hierarchical classification system still used as the foundation of biological taxonomy.",True
WebQTest-1609,webqsp,test,who played alf on tv show?,"Alf was played by puppeteer Paul Fusco, who also provided the character's voice.",['Paul Fusco'],ToG,"Alf was played by puppeteer Paul Fusco, who also provided the character's voice.",True
WebQTest-447,webqsp,test,what did laura ingalls wilder wrote?,"Laura Ingalls Wilder wrote the beloved ""Little House"" series of children's novels, which are fictionalized accounts of her childhood as a pioneer in the American Midwest. The most famous is *Little House on the Prairie*.","['Little House on the Prairie', 'On the banks of Plum Creek', ""Dance at Grandpa's (My First Little House)"", 'A Little house reader', 'A little house sampler', 'A little house treasury', 'Winter on the Farm (My First Little House)', 'Little House Farm Days', 'My Little House Chapter Book Collection', 'By the shores of Silver Lake', 'Little town on the prairie', 'Laura & Mr. Edwards (Little House Chapter Book)', 'Little House the Laura Years Boxed Set', 'Prairie Day (My First Little House)', 'The Little House Collection', 'West from home', ""Laura's Christmas"", 'A Little Prairie House (Little House)', 'These happy golden years', 'Going to Town (My First Little House)', 'Dear Laura', 'On the way home', 'The adventures of Laura and Jack', 'My Book of Little House Paper Dolls', 'Laura & Nellie (Little House Chapter Book)', 'Christmas Stories (Little House Chapter Book)', 'Pioneer Sisters (Little House Chapter Book)', 'The long winter', 'Little House (9 Books, Boxed Set)', 'Hard Times on the Prairie', 'Going West (My First Little House)', 'Little House Friends (Little House Chapter Book)', 'School Days (Little House Chapter Book)', 'Christmas in the Big Woods (Little House)', 'The First Four Years CD (Little House the Laura Years)', 'A Little house traveler', 'Sugar Snow (My First Little House)', 'Saving graces', 'Animal Adventures (Little House Chapter Books)', 'The Deer in the Wood', 'Santa comes to little house', 'County Fair (My First Little House)', 'Words from a fearless heart', 'A Farmer Boy Birthday (My First Little House Books)', 'Little House Parties (Little House Chapter Book)', ""Laura's Early Years Collection"", 'Farmer Boy Days (Little House Chapter Book)', 'My Little House Songbook (My First Little House Books)', 'Little house in the big woods', 'Little House in the Big Woods.', 'Farmer Boy', 'Farmer Boy (Little House)', 'Little House in the Big Woods (Little House)', 'Little House in the Big Woods (Classic Mammoth)', 'Little House in the Big Woods (Little House Books)', 'Little House in the Big Woods 75th Anniversary Edition (Little House)', 'Little House In The Big Woods CD (Little House the Laura Years)', 'Little House in the Big Woods (Little House (Original Series Paperback))', 'Little House in the Big Woods Book and Charm (Charming Classics)', 'A Farmer Boy', 'Farmer Boy (Little House Books)', 'Farmer Boy (Little House (Original Series Paperback))', 'Little House in the Big Woods (Isis Large Print for Children Windrush)', 'Little House In The Big Woods Unabr CD Low Price (Little House the Laura Years)', 'The first four years', 'The First Four Years (Little House)', 'The first four years.', 'The First Four Years (Little House the Laura Years)', 'First Four Years (Little House (HarperTrophy))', 'The First Four Years (Little House Books)', 'The First Four Years (Little House (Original Series Library))', 'First Four Years (Little House (Original Series Paperback))', 'Long Winter', 'The Long Winter (Little House)', 'Long Winter (Little House (HarperTrophy))', 'The Long Winter (Little House Books)', 'Long Winter (Little House (Original Series Paperback))', 'The Long Winter (Little House (Original Series Paperback))', 'By the Shores of Silver Lake (Little House (Original Series Paperback))', 'Little Town on the Prairie CD', 'Little Town on the Prairie (Little House)', 'Little Town on the Prairie (Little House Books)', 'Little Town On The Prairie (Little House (Original Series Paperback))', 'These Happy Golden Years CD', 'These Happy Golden Years (Little House)', 'These Happy Golden Years (Laura Years)', 'These Happy Golden Years (Little House (Original Series Paperback))', 'These Happy Golden Years (Little House Books)', 'These Happy Golden Years (Little House on the Prairie)', 'These Happy Golden Years (Little House (HarperTrophy))', 'On the Banks of Plum Creek (Little House)', 'On the Banks of Plum Creek (One Cassette)', 'On the Banks of Plum Creek (Little House the Laura Years)', 'On the Banks of Plum Creek (Classic Mammoth)', 'On the Banks of Plum Creek CD (Little House the Laura Years)', 'On the Banks of Plum Creek (Little House (Original Series Paperback))', 'By the Shores of Silver Lake (Little House Books)', 'By the Shores of Silver Lake (Little House)', 'By the Shores of Silver Lake CD (Little House)', 'A Little Prairie House (My First Little House Books)', 'Little House Farm Days (Little House Chapter Books/the Laura Years, 7)', 'Little House Farm Days (Little House Chapter Books)', 'Winter on the Farm (My First Little House Books)', 'Winter on the Farm (My First Little House Books (Sagebrush))', 'The Adventures of Laura and Jack (A Little House Chapter Book) (A Little house chapter book)', 'Christmas Stories (Little House Chapter Books)', 'Christmas Stories (Little House Chapter Books/the Laura Years, 10)', 'Going to Town', 'Going to Town (My First Little House Books)', 'Little House Friends (Little House Chapter Books)', 'Little House Friends (Little House Chapter Books/the Laura Years, 9)', 'Hard Times on the Prairie (Little House Chapter Books/the Laura Years, 8)', 'Going West (My First Little House Books)', 'Hard Times on the Prairie (Little House Chapter Books)', 'Pioneer Sisters (Laura (Econo-Clad))', 'Pioneer Sisters (Little House Chapter Books/the Laura Years, 2)', 'Going West (My First Little Houe Books)', 'Christmas in the Big Woods (My First Little House Books)', 'Going West (My First Little House Books (Sagebrush))', 'Christmas in the Big Woods', 'Sugar Snow (My First Little House Books)', 'Sugar Snow (My First Little House Books (Sagebrush))', 'A Little House Collection', 'Animal Adventures (Little House Chapter Books/the Laura Years, 3)', 'The Little House Collection Box Set (Full Color) (Little House)', 'School Days (Little House Chapter Books/the Laura Years, 4)', 'School Days (Laura (Econo-Clad))', 'County Fair (My First Little House Books (Sagebrush))', 'Little House Parties (Little House Chapter Books/the Laura Years, 14)', 'Little House Parties (Little House Chapter Books)', 'Farmer Boy Days (Little House Chapter Books)', 'Farmer Boy Days (Little House Chapter Books/the Laura Years, 6)', 'My Little House Songbook (My First Little House Books Series)', 'My Little House Songbook (My First Little House Books, No 1)', 'Deer in the Wood', 'The deer in the wood (My first Little house books)', 'The Deer in the Wood (My First Little House Books (Sagebrush))', 'The Deer in the Wood (Little House)', 'Little House on the Prairie (Little House)', 'The Little House on the Prairie', 'Little house on the prairie.', 'Little House On The Prairie (Little House the Laura Years)', 'Little House on the Prairie (Classic Mammoth)', 'Little House on the Prairie NW 247', 'Little House on the Prairie (Little Brown Notebook Series)', 'Little House on the Prairie (Little House Books)', 'Little House on the Prairie (Little House (HarperTrophy))', 'Little House On The Prairie CD (Little House the Laura Years)', 'Little House on the Prairie Tie-in Edition (Little House)', 'Little House On The Prairie (Little House (Original Series Paperback))', 'Little House on the Prairie Book and Charm (Charming Classics)', 'Little House On The Prairie Low Price CD', 'Little House on the Prairie Boxed Set ((9 Books) Little House On the Prairie; Farmer Boy; On the Banks of Plum Creek; the Long Winter; These Happy Golden Years; the First Four Years; By the Shores of Silver Lake; Little House In the Big Woods; Little Town On the Prairie)', 'g.11b60fcs_w', 'g.122chq7m', 'Little House in the Ozarks: The Rediscovered Writings', 'A Little House Birthday', 'Summertime in the Big Woods', 'Winter Days in the Big Woods', 'Bedtime for Laura', 'Laura Helps Pa', ""Laura's Garden"", 'Hello, Laura!', 'My Book of Little House Christmas Paper Dolls: Christmas on the Prairie', 'My Little House 123', 'My Little House Birthday Book', 'My Little House Book of Animals', 'My Little House Book of Family', 'My Little House Book of Memories', 'My Little House Diary', 'Dear Laura: Letters from Children to Laura Ingalls Wilder', 'Little House Sisters', 'The Little House Baby Book', 'Laura & Mr. Edwards', 'Little House Friends', 'A Farmer Boy Birthday', 'Country Fair', 'Christmas Stories', 'School Days', 'Winter on the Farm', 'Prairie Day', ""Dance at Grandpa's"", 'A Little Prairie House', 'Laura & Nellie', 'Going West', 'Pioneer Sisters', 'Little House', 'Sugar Snow', 'Animal Adventures', 'My Little House Songbook', 'Little House Parties', 'Farmer Boy Days', 'A FAMILY COLLECTION', 'Orillas del río Plum', '1998 Laura Ingalls Wilder Country Engagement Book', 'Caroline and Her Sister', 'The Complete Little House on the Prairie', ""Laura's Little House"", ""Laura Ingalls Wilder's prairie wisdom"", 'Largo Invierno', 'A Day on the Prairie', ""Laura's Pa"", 'Writings to young women from Laura Ingalls Wilder']",ToG,"Laura Ingalls Wilder wrote the beloved ""Little House"" series of children's novels, which are fictionalized accounts of her childhood as a pioneer in the American Midwest. The most famous is *Little House on the Prairie*.",True
WebQTest-1582,webqsp,test,what time in china hong kong?,"China and Hong Kong both use **China Standard Time (CST)**, which is **UTC+8** all year (no daylight saving time).",['Hong Kong Time Zone'],ToG,"China and Hong Kong both use **China Standard Time (CST)**, which is **UTC+8** all year (no daylight saving time).",False
WebQTest-1501,webqsp,test,where is the un based?,"The UN is headquartered in New York City, USA.",['New York City'],ToG,"The UN is headquartered in New York City, USA.",True
WebQTest-559,webqsp,test,what instrument did robin gibb play?,"Robin Gibb primarily sang, but he also played piano and violin.","['Piano', 'Violin', 'Vocals', 'Harmonica', 'Drum machine']",ToG,"Robin Gibb primarily sang, but he also played piano and violin.",True
WebQTest-1562,webqsp,test,what countries constitute the eu?,"The European Union (EU) currently consists of **27 countries**:

Austria, Belgium, Bulgaria, Croatia, Cyprus, Czech Republic, Denmark, Estonia, Finland, France, Germany, Greece, Hungary, Ireland, Italy, Latvia, Lithuania, Luxembourg, Malta, Netherlands, Poland, Portugal, Romania, Slovakia, Slovenia, Spain, and Sweden.","['Belgium', 'Bulgaria', 'Czech Republic', 'Croatia', 'Cyprus', 'Estonia', 'Finland', 'Germany', 'Greece', 'Hungary', 'Italy', 'Republic of Ireland', 'Latvia', 'Luxembourg', 'Lithuania', 'Malta', 'Netherlands', 'Poland', 'Portugal', 'Romania', 'Spain', 'Slovakia', 'Slovenia', 'United Kingdom', 'Sweden', 'France', 'Austria', 'Denmark']",ToG,"The European Union (EU) currently consists of **27 countries**:

Austria, Belgium, Bulgaria, Croatia, Cyprus, Czech Republic, Denmark, Estonia, Finland, France, Germany, Greece, Hungary, Ireland, Italy, Latvia, Lithuania, Luxembourg, Malta, Netherlands, Poland, Portugal, Romania, Slovakia, Slovenia, Spain, and Sweden.",True
WebQTest-20,webqsp,test,what did st augustine do?,"St. Augustine was a theologian and philosopher who shaped Western Christianity. His key contributions include:

*   Writing foundational works like *Confessions* (an autobiographical spiritual memoir) and *The City of God* (a defense of Christianity after Rome's fall).
*   Systematizing Christian doctrine on original sin, divine grace, and just war.
*   Influencing Protestant reformers (like Luther and Calvin) and Catholic theology for centuries.","['Philosopher', 'Physician', 'Writer']",ToG,"St. Augustine was a theologian and philosopher who shaped Western Christianity. His key contributions include:

*   Writing foundational works like *Confessions* (an autobiographical spiritual memoir) and *The City of God* (a defense of Christianity after Rome's fall).
*   Systematizing Christian doctrine on original sin, divine grace, and just war.
*   Influencing Protestant reformers (like Luther and Calvin) and Catholic theology for centuries.",True
WebQTest-1607,webqsp,test,who won fedex cup 2012?,Brandt Snedeker won the FedEx Cup in 2012.,['Brandt Snedeker'],ToG,Brandt Snedeker won the FedEx Cup in 2012.,True
WebQTest-1696,webqsp,test,what did ferdinand magellan do?,"Ferdinand Magellan organized and led the first expedition to circumnavigate the globe (1519–1522). Although he was killed in the Philippines, his fleet completed the voyage, proving the Earth was round and interconnected by oceans.","['Sailor', 'Navigator', 'Explorer']",ToG,"Ferdinand Magellan organized and led the first expedition to circumnavigate the globe (1519–1522). Although he was killed in the Philippines, his fleet completed the voyage, proving the Earth was round and interconnected by oceans.",False
WebQTest-1553,webqsp,test,where does sami yusuf live?,"Sami Yusuf currently lives in Dubai, United Arab Emirates.",['Tehran'],ToG,"Sami Yusuf currently lives in Dubai, United Arab Emirates.",False
WebQTest-561,webqsp,test,when was abe lincoln president?,"Abraham Lincoln was president from March 4, 1861, until his assassination on April 15, 1865.","['Abraham Lincoln 1861 presidential inauguration', 'Abraham Lincoln 1865 presidential inauguration']",ToG,"Abraham Lincoln was president from March 4, 1861, until his assassination on April 15, 1865.",False
WebQTest-300,webqsp,test,who is sir francis bacon?,"Sir Francis Bacon (1561–1626) was an English philosopher, statesman, scientist, and author. He is best known for developing the **scientific method** based on observation and experimentation, which helped lay the groundwork for modern science. His influential works include *Novum Organum* and *The Advancement of Learning*.","['Spy', 'Statesman', 'Philosopher', 'Scientist', 'Author']",ToG,"Sir Francis Bacon (1561–1626) was an English philosopher, statesman, scientist, and author. He is best known for developing the **scientific method** based on observation and experimentation, which helped lay the groundwork for modern science. His influential works include *Novum Organum* and *The Advancement of Learning*.",True
WebQTest-638,webqsp,test,what languages are there in japan?,"The main language spoken in Japan is **Japanese**. There are also several indigenous and regional languages, most notably:

*   **Ryukyuan languages** (e.g., Okinawan), spoken in the Ryukyu Islands.
*   **Ainu**, spoken by the indigenous Ainu people in Hokkaido.
*   **Japanese Sign Language (JSL)**, a distinct sign language.
*   **Regional dialects** of Japanese (e.g., Kansai-ben, Tohoku-ben), which can vary significantly.

Additionally, due to immigration, languages like Portuguese, Chinese, and Korean are spoken in some communities.","['English Language', 'Korean Language', 'Esperanto Language', 'Japanese Language', 'Ainu Language']",ToG,"The main language spoken in Japan is **Japanese**. There are also several indigenous and regional languages, most notably:

*   **Ryukyuan languages** (e.g., Okinawan), spoken in the Ryukyu Islands.
*   **Ainu**, spoken by the indigenous Ainu people in Hokkaido.
*   **Japanese Sign Language (JSL)**, a distinct sign language.
*   **Regional dialects** of Japanese (e.g., Kansai-ben, Tohoku-ben), which can vary significantly.

Additionally, due to immigration, languages like Portuguese, Chinese, and Korean are spoken in some communities.",False
WebQTest-83,webqsp,test,which countries speak german officially?,"Germany, Austria, Switzerland, Belgium, Luxembourg, and Liechtenstein.","['Belgium', 'Germany', 'East Germany', 'Luxembourg', 'Liechtenstein', 'Switzerland', 'Austria']",ToG,"Germany, Austria, Switzerland, Belgium, Luxembourg, and Liechtenstein.",True
WebQTest-502,webqsp,test,where did al qaeda attack?,"Al-Qaeda is most infamous for the September 11, 2001 attacks on the United States (World Trade Center, Pentagon, and Flight 93). Beyond this, the group has carried out or inspired major attacks worldwide, including:

*   **1998:** U.S. Embassies in Nairobi, Kenya, and Dar es Salaam, Tanzania.
*   **2000:** USS Cole in Aden, Yemen.
*   **2004:** Commuter trains in Madrid, Spain.
*   **2005:** London public transportation system.
*   Numerous other bombings and attacks across the Middle East, Africa, and Asia.","['Taliban insurgency', 'September 11 attacks']",ToG,"Al-Qaeda is most infamous for the September 11, 2001 attacks on the United States (World Trade Center, Pentagon, and Flight 93). Beyond this, the group has carried out or inspired major attacks worldwide, including:

*   **1998:** U.S. Embassies in Nairobi, Kenya, and Dar es Salaam, Tanzania.
*   **2000:** USS Cole in Aden, Yemen.
*   **2004:** Commuter trains in Madrid, Spain.
*   **2005:** London public transportation system.
*   Numerous other bombings and attacks across the Middle East, Africa, and Asia.",False
WebQTest-1617,webqsp,test,what did nicholas copernicus discover?,"Nicholas Copernicus discovered that the Sun, not the Earth, is at the center of the solar system (heliocentrism), contradicting the long-held Earth-centered (geocentric) model.","['Heliocentrism', 'Copernican heliocentrism', 'Copernican Revolution']",ToG,"Nicholas Copernicus discovered that the Sun, not the Earth, is at the center of the solar system (heliocentrism), contradicting the long-held Earth-centered (geocentric) model.",True
WebQTest-1101,webqsp,test,who is martin luther king jr facts?,"Martin Luther King Jr. was a pivotal leader in the American civil rights movement. Key facts:

*   **Born:** January 15, 1929, in Atlanta, Georgia.
*   **Role:** Baptist minister and activist who championed racial equality through nonviolent civil disobedience.
*   **Famous Speech:** Delivered the ""I Have a Dream"" speech during the 1963 March on Washington.
*   **Major Achievement:** Helped secure the passage of the Civil Rights Act of 1964 and the Voting Rights Act of 1965.
*   **Nobel Prize:** Awarded the Nobel Peace Prize in 1964.
*   **Assassination:** Was assassinated on April 4, 1968, in Memphis, Tennessee.
*   **Legacy:** His birthday is a U.S. federal holiday observed on the third Monday of January.","['Civil rights activist', 'Pastor', 'Minister', 'Humanitarian', 'Writer', 'Clergy']",ToG,"Martin Luther King Jr. was a pivotal leader in the American civil rights movement. Key facts:

*   **Born:** January 15, 1929, in Atlanta, Georgia.
*   **Role:** Baptist minister and activist who championed racial equality through nonviolent civil disobedience.
*   **Famous Speech:** Delivered the ""I Have a Dream"" speech during the 1963 March on Washington.
*   **Major Achievement:** Helped secure the passage of the Civil Rights Act of 1964 and the Voting Rights Act of 1965.
*   **Nobel Prize:** Awarded the Nobel Peace Prize in 1964.
*   **Assassination:** Was assassinated on April 4, 1968, in Memphis, Tennessee.
*   **Legacy:** His birthday is a U.S. federal holiday observed on the third Monday of January.",True
WebQTest-1269,webqsp,test,where was the boston tea party 1773?,"The Boston Tea Party took place in Boston Harbor, at Griffin's Wharf.",['Boston Harbor'],ToG,"The Boston Tea Party took place in Boston Harbor, at Griffin's Wharf.",True
WebQTest-116,webqsp,test,which country was justin bieber born in?,Justin Bieber was born in Canada.,['Canada'],ToG,Justin Bieber was born in Canada.,True
WebQTest-659,webqsp,test,what form of government is the uk?,"The United Kingdom is a constitutional monarchy with a parliamentary democracy. This means it has a monarch (the King) as the ceremonial head of state, while elected representatives in Parliament hold the real political power, led by the Prime Minister.","['Parliamentary system', 'Unitary state', 'Constitutional monarchy']",ToG,"The United Kingdom is a constitutional monarchy with a parliamentary democracy. This means it has a monarch (the King) as the ceremonial head of state, while elected representatives in Parliament hold the real political power, led by the Prime Minister.",True
WebQTest-1020,webqsp,test,what highschool did r. kelly attend?,R. Kelly attended Kenwood Academy in Chicago.,['Kenwood Academy'],ToG,R. Kelly attended Kenwood Academy in Chicago.,True
WebQTest-1362,webqsp,test,who is the state governor of florida?,Ron DeSantis is the current governor of Florida.,['Rick Scott'],ToG,Ron DeSantis is the current governor of Florida.,False
WebQTest-1344,webqsp,test,what two states is st louis in?,"St. Louis is located in two states: **Missouri** and **Illinois**. The larger, historic part is in Missouri, while the Illinois portion is part of the broader metropolitan area.",['Missouri'],ToG,"St. Louis is located in two states: **Missouri** and **Illinois**. The larger, historic part is in Missouri, while the Illinois portion is part of the broader metropolitan area.",True
WebQTest-256,webqsp,test,what is the primary language of china?,Mandarin Chinese (Standard Chinese) is the official primary language of China.,['Standard Chinese'],ToG,Mandarin Chinese (Standard Chinese) is the official primary language of China.,True
WebQTest-51,webqsp,test,who will play mr gray in the film?,Jamie Dornan played Christian Grey in the *Fifty Shades* film series.,['Jamie Dornan'],ToG,Jamie Dornan played Christian Grey in the *Fifty Shades* film series.,True
WebQTest-193,webqsp,test,what school did ben roethlisberger go to?,"Ben Roethlisberger attended Miami University in Oxford, Ohio.",['Miami University'],ToG,"Ben Roethlisberger attended Miami University in Oxford, Ohio.",True
WebQTest-740,webqsp,test,who was selena gomez in barney and friends?,"Selena Gomez was a recurring child actress on *Barney & Friends* from 2002 to 2004, playing the character ""Gianna.""",['Gianna'],ToG,"Selena Gomez was a recurring child actress on *Barney & Friends* from 2002 to 2004, playing the character ""Gianna.""",True
WebQTest-1435,webqsp,test,who did kurt warner play 4?,"Kurt Warner played for three NFL teams: the St. Louis Rams, the New York Giants, and the Arizona Cardinals.","['Amsterdam Admirals', 'Northern Iowa Panthers football', 'Iowa Barnstormers', 'New York Giants', 'St. Louis Rams', 'Arizona Cardinals']",ToG,"Kurt Warner played for three NFL teams: the St. Louis Rams, the New York Giants, and the Arizona Cardinals.",True
WebQTest-651,webqsp,test,what is the currency of germany now?,The currency of Germany is the **Euro (€)**. It replaced the Deutsche Mark in 2002.,['Euro'],ToG,The currency of Germany is the **Euro (€)**. It replaced the Deutsche Mark in 2002.,True
WebQTest-1068,webqsp,test,what famous people are from barbados?,"Barbados is most famous as the birthplace of pop superstar **Rihanna**. Other notable figures include:

*   **Sir Garfield Sobers** – Widely considered cricket's greatest all-rounder.
*   **Obadele Thompson** – Olympic sprint medalist, the first from Barbados.
*   **Shontelle** – Singer-songwriter (""Impossible"").
*   **Halle Berry** (partially) – Though born in the U.S., her mother is from Barbados.","['Hadan Holligan', 'Xavier Marcus', 'Kycia Knight', 'Shaquana Quintyne', 'Shakera Selman', 'Kyshona Knight', 'Shane Dowrich', 'Ryan Wiggins', 'Rashidi Boucher', 'Kyle Hope', 'Kyle Corbin', 'Dadrian Forde', 'Anthony Alleyne', 'Romario Harewood', 'Chai Lloyd', 'Michael Stoute', 'Kensley Reece', 'Richard Roett', 'Colin Forde', 'Raheim Sargeant', 'Renaldo Fenty', 'Eyre Sealy', 'Thomas Jordan', 'Alana Shipp', 'Andy Straughn', 'Jabarry Chandler', 'Shai Hope', 'Cecil Foster', 'Rayvon', 'Kat Flint', 'Arturo Tappin', 'Owen Arthur', 'Hartley Alleyne', 'John Lucas', 'Arthur Hendy', 'Hal Padmore', 'Albert Beckles', 'Ricky Hoyte', 'Winston Reid', 'Wendell White', 'Roger Blades', 'Ashley Bickerton', 'Martin Nurse', 'Emmerson Trotman', 'Mabel Keaton Staupers', 'Jim Hendy', 'William T. Shorey', 'Greg Armstrong', 'Pamela Lavine', 'Richard B. Moore', 'Float Woods', 'Avinash Persaud', 'Frank L. White', 'Alvin Rouse', 'Percy Tarilton', 'George Blackman', 'Redd Pepper', 'Chris Jordan', 'Clyde Mascoll', 'Sam Seale', 'Anne Cools', 'Tony Cordle', 'Wyndham Gittens', 'Magnet Man', 'Mia Mottley', 'Shawn Terry Cox', 'Gordon Greenidge', 'Douglas Dummett', 'Billie Miller', 'Rickey A. Walcott', 'Priya Balachandran', 'Norman Forde', 'Dave Wilkins', 'Henry Doorly', 'Kirk Edwards', 'John Parris', 'Frank Leslie Walcott', 'Seibert Straughn', 'Sylvester Braithwaite', 'Tom Adams', 'George Alleyne', 'William Perkins', 'Arnold Josiah Ford', 'Edwin Lascelles, 1st Baron Harewood', 'Ricardo Ellcock', 'Wilfred Wood', 'Anthony Forde', 'Micky Welch', 'Hal Linton', ""Lunden De'Leon"", 'Nita Barrow', 'Deandra Dottin', 'Renn Dickson Hampden', 'June Gibbons', 'Jennifer Gibbons', 'Austin Clarke', 'Odimumba Kwamdela', 'Hilary Beckles', 'Colin Young', 'Hugh Laing', 'John Holder', 'Nick Nanton', 'Alison Sealy-Smith', 'Frank Collymore', 'G. Aubrey Goodman', 'Lloyd Erskine Sandiford', 'Christopher Codrington', 'Samuel Hinds', 'Tony Reid', 'Conrad Hunte', 'Ryan Hinds', 'Philo Wallace', 'Tony Cozier', 'William Maynard Gomm', 'Alan Emtage', 'Seymour Nurse', 'Anderson Cummins', 'Neville Goddard', 'James Waithe', 'Lloyd A. Thompson', 'Jaicko', 'Peter Lashley', 'Prof Edwards', 'Robert Callender', 'Agymah Kamau', 'John Goddard', 'Robin Bynoe', 'Charlie Griffith', 'David Holford', 'John Shepherd', 'Ron King', 'Tony White', 'Zeeteah Massiah', 'Robert Bailey', 'Tim Thorogood', 'Hugh Springer', 'Goodridge Roberts', 'Jon Rubin', 'Woodie Blackman', 'Annalee Davis', 'Nevada Phillips', 'Clennell Wickham', 'Henry Honychurch Gorringe', 'Trevor W. Payne', 'Richard Pile', 'Hugh Gordon Cummins', 'Lene Hall', 'Javon Searles', 'Earl Maynard', 'Karen Lord', 'Samuel Jackman Prescod', 'Sylvesta Stuart', 'Roy Callender', 'George Codrington', 'Marita Payne', 'John Richard Farre', 'Gregory Goodridge', 'Wayne Sobers', 'Romell Brathwaite', 'Dwight James', 'Anthony Kellman', 'Sir William Randolph Douglas', 'Denys Williams', 'Glenville Lovell', 'Monica Braithwaite', 'Ronald Fenty', 'Dennis Archer', 'William Cleeve', 'Keith Griffith', 'Jason Boxhill', 'Omar Archer', 'Bryan Neblett', 'Adrian Chase', 'Dwayne Stanford', 'Barry Skeete', 'Rashida Williams', 'Kerry Holder', 'Riviere Williams', 'Jonathan Straker', 'Mario Harte', 'Jason Carter', 'Sheridan Grosvenor', 'Carlos Brathwaite', 'Bentley Springer', 'Ramuel Miller', 'Stephen Griffith', 'Omari Eastmond', 'Lionel Paul', 'Carl Joseph', 'Renaldo Gilkes', 'Jomo Brathwaite', 'Andre Bourne', 'Richard Lavine', 'Diquan Adamson', 'Kadeem Latham', 'Curtis Odle', 'Jamal Chandler', 'Tristan Parris', 'Kyle Gibson', 'George Moe', 'Horace Stoute', 'Adriel Brathwaite', 'Dwayne Griffith', 'Craig Worrell', 'Shakera Reece', 'Kandy Fenty', 'Crystal Fenty', 'Brandy Fenty', 'Richard Moody', 'James Wedderburn', 'David Comissiong', 'Chris Braithwaite', 'Edward Evelyn Greaves', 'Kirk Corbin', 'Jason Holder', 'Branford Taitt', 'Kyle Mayers', 'Ricardo Morris', 'Malcolm Marshall', 'Kemar Headley', 'Armando Lashley', 'Louis Eugene King', 'Ella Jane New', 'Don Kinch', 'Cynthia Rosalina La Touche Andersen', 'Campbell Foster', 'Jackie Roberts', 'Ivor Germain', 'Menelik Shabazz', 'Murr', 'Denzil H. Hurley']",ToG,"Barbados is most famous as the birthplace of pop superstar **Rihanna**. Other notable figures include:

*   **Sir Garfield Sobers** – Widely considered cricket's greatest all-rounder.
*   **Obadele Thompson** – Olympic sprint medalist, the first from Barbados.
*   **Shontelle** – Singer-songwriter (""Impossible"").
*   **Halle Berry** (partially) – Though born in the U.S., her mother is from Barbados.",False
WebQTest-700,webqsp,test,where is french spoken most?,"French is spoken most in **France**, which has the largest native-speaking population. However, the country with the most total French speakers is the **Democratic Republic of the Congo** in Africa, due to its large population that uses French as an official and administrative language.","['Belgium', 'Barbados', 'Benin', 'Burkina Faso', 'Burundi', 'Comoros', 'Cameroon', 'Central African Republic', 'Chad', 'Cyprus', 'Congo', 'Cambodia', 'Djibouti', 'Dominica', 'Equatorial Guinea', 'Jersey', 'Gabon', 'Guinea', 'Habsburg Netherlands', 'Holy Roman Empire', 'Haiti', 'Luxembourg', 'Laos', 'Lebanon', 'Madagascar', 'Mali', 'Martinique', 'Mauritius', 'Monaco', 'Morocco', 'Niger', 'Qatar', 'Rwanda', 'Switzerland', 'Senegal', 'Seychelles', 'Tunisia', 'Vatican City', 'Vanuatu', 'France', 'Ivory Coast', 'South Vietnam', 'Algeria']",ToG,"French is spoken most in **France**, which has the largest native-speaking population. However, the country with the most total French speakers is the **Democratic Republic of the Congo** in Africa, due to its large population that uses French as an official and administrative language.",True
WebQTest-1510,webqsp,test,what are staffordshire terriers?,"Staffordshire Terriers are a group of strong, muscular terrier-type dogs that originated in England. The two main breeds are:

*   **American Staffordshire Terrier (""AmStaff""):** Recognized by the AKC, slightly stockier and bred for conformation shows.
*   **Staffordshire Bull Terrier (""Staffy""):** Smaller, recognized by the AKC as a separate breed, known for being particularly affectionate with people.

Both are often confused with the American Pit Bull Terrier (not AKC-recognized). They are known for their loyalty, courage, and affectionate nature toward their families, but require responsible ownership and training.",['Dog'],ToG,"Staffordshire Terriers are a group of strong, muscular terrier-type dogs that originated in England. The two main breeds are:

*   **American Staffordshire Terrier (""AmStaff""):** Recognized by the AKC, slightly stockier and bred for conformation shows.
*   **Staffordshire Bull Terrier (""Staffy""):** Smaller, recognized by the AKC as a separate breed, known for being particularly affectionate with people.

Both are often confused with the American Pit Bull Terrier (not AKC-recognized). They are known for their loyalty, courage, and affectionate nature toward their families, but require responsible ownership and training.",True
WebQTest-1480,webqsp,test,who did cher have a son with?,"Cher had her son, Elijah Blue Allman, with her second husband, Gregg Allman.","['Gregg Allman', 'Sonny Bono']",ToG,"Cher had her son, Elijah Blue Allman, with her second husband, Gregg Allman.",True
WebQTest-603,webqsp,test,what money to take to turkey?,"Take Turkish Lira (TRY) in cash for small purchases and markets. Credit/debit cards are widely accepted in cities and resorts. It’s best to exchange some money upon arrival for better rates, and use ATMs for additional cash as needed.",['Turkish lira'],ToG,"Take Turkish Lira (TRY) in cash for small purchases and markets. Credit/debit cards are widely accepted in cities and resorts. It’s best to exchange some money upon arrival for better rates, and use ATMs for additional cash as needed.",True
WebQTest-1433,webqsp,test,what to do with kids in asheville nc?,"Here are top things to do with kids in Asheville, NC:

**Outdoor & Nature:**
*   Hike to **Looking Glass Falls** or explore **Sliding Rock** (seasonal).
*   Visit the **WNC Nature Center** to see local wildlife.
*   Walk or bike the **French Broad River Greenway**.

**Museums & Indoor Fun:**
*   Explore the **Asheville Museum of Science** (AMOS).
*   Play and learn at the **Hands On! Children's Museum** (in nearby Hendersonville).

**Unique Experiences:**
*   Drive the **Blue Ridge Parkway** for easy overlooks and short trails like Craggy Gardens.
*   Tour the **Biltmore Estate** (grounds are very kid-friendly).
*   Visit the **Botanical Gardens at Asheville** (free, easy paths).

**Rainy Day:**
*   Bowl or play games at **Asheville Pinball Museum** (","['Blue Ridge Parkway', 'The Omni Grove Park Inn', 'Biltmore Estate', 'Thomas Wolfe House', 'Folk Art Center', 'Smith-McDowell House', 'Carl Sandburg Home National Historic Site', 'Pisgah National Forest', 'Bele Chere', 'Asheville Art Museum']",ToG,"Here are top things to do with kids in Asheville, NC:

**Outdoor & Nature:**
*   Hike to **Looking Glass Falls** or explore **Sliding Rock** (seasonal).
*   Visit the **WNC Nature Center** to see local wildlife.
*   Walk or bike the **French Broad River Greenway**.

**Museums & Indoor Fun:**
*   Explore the **Asheville Museum of Science** (AMOS).
*   Play and learn at the **Hands On! Children's Museum** (in nearby Hendersonville).

**Unique Experiences:**
*   Drive the **Blue Ridge Parkway** for easy overlooks and short trails like Craggy Gardens.
*   Tour the **Biltmore Estate** (grounds are very kid-friendly).
*   Visit the **Botanical Gardens at Asheville** (free, easy paths).

**Rainy Day:**
*   Bowl or play games at **Asheville Pinball Museum** (",True
WebQTest-1638,webqsp,test,what language is most commonly spoken in belgium?,"Belgium has three official languages: Dutch, French, and German. The most commonly spoken is **Dutch**, primarily in the northern region of Flanders.","['Dutch Language', 'German Language', 'French']",ToG,"Belgium has three official languages: Dutch, French, and German. The most commonly spoken is **Dutch**, primarily in the northern region of Flanders.",True
WebQTest-1266,webqsp,test,what did romo do?,"Tony Romo was an NFL quarterback for the Dallas Cowboys from 2003 to 2016. He set numerous franchise passing records, led the team to multiple playoff appearances, and was selected to four Pro Bowls. After retiring, he became the lead color analyst for CBS Sports.",['Baseball player'],ToG,"Tony Romo was an NFL quarterback for the Dallas Cowboys from 2003 to 2016. He set numerous franchise passing records, led the team to multiple playoff appearances, and was selected to four Pro Bowls. After retiring, he became the lead color analyst for CBS Sports.",False
WebQTest-1261,webqsp,test,where did the battle of passchendaele happen?,The Battle of Passchendaele was fought near the village of Passchendaele (modern spelling Passendale) in the West Flanders region of Belgium.,"['Passendale', 'Flanders']",ToG,The Battle of Passchendaele was fought near the village of Passchendaele (modern spelling Passendale) in the West Flanders region of Belgium.,True
WebQTest-254,webqsp,test,what countries in the world speak chinese?,"The primary country where Chinese is the official language is **China** (Mandarin). It is also an official language in:

* **Taiwan** (Mandarin)
* **Singapore** (Mandarin, alongside English, Malay, and Tamil)

Additionally, Chinese has significant official or co-official status in special administrative regions of China (**Hong Kong** and **Macau**, where Cantonese is predominant) and is widely spoken in diaspora communities worldwide.","['Brunei', 'Vietnam', 'Singapore', 'Malaysia', 'China', 'Canada', 'Shěn']",ToG,"The primary country where Chinese is the official language is **China** (Mandarin). It is also an official language in:

* **Taiwan** (Mandarin)
* **Singapore** (Mandarin, alongside English, Malay, and Tamil)

Additionally, Chinese has significant official or co-official status in special administrative regions of China (**Hong Kong** and **Macau**, where Cantonese is predominant) and is widely spoken in diaspora communities worldwide.",True
WebQTest-400,webqsp,test,what was the capital city of the east roman empire?,Constantinople (modern-day Istanbul).,['Constantinople'],ToG,Constantinople (modern-day Istanbul).,True
WebQTest-818,webqsp,test,where was the ottoman empire based?,"The Ottoman Empire was based in Anatolia (modern-day Turkey), with its capital originally in Bursa, then Edirne, and finally Constantinople (Istanbul) after 1453.",['Near East'],ToG,"The Ottoman Empire was based in Anatolia (modern-day Turkey), with its capital originally in Bursa, then Edirne, and finally Constantinople (Istanbul) after 1453.",False
WebQTest-1998,webqsp,test,what party was thomas jefferson affiliated with?,"Thomas Jefferson was affiliated with the Democratic-Republican Party, which he co-founded with James Madison.",['Democratic-Republican Party'],ToG,"Thomas Jefferson was affiliated with the Democratic-Republican Party, which he co-founded with James Madison.",True
WebQTest-1449,webqsp,test,what was laura ingalls wilder famous for?,"Laura Ingalls Wilder was famous for writing the beloved ""Little House"" series of children's books, which were fictionalized memoirs of her childhood as a pioneer in the American Midwest during the late 19th century.","['Teacher', 'Writer', 'Journalist', 'Author']",ToG,"Laura Ingalls Wilder was famous for writing the beloved ""Little House"" series of children's books, which were fictionalized memoirs of her childhood as a pioneer in the American Midwest during the late 19th century.",False
WebQTest-269,webqsp,test,where does delaware river start?,"The Delaware River starts at two branches in the Catskill Mountains of New York. The main West Branch begins near Mount Jefferson in Jefferson, New York, and the East Branch begins near Grand Gorge, New York. They meet at Hancock, New York, to form the main Delaware River.","['West Branch Delaware River', 'Mount Jefferson']",ToG,"The Delaware River starts at two branches in the Catskill Mountains of New York. The main West Branch begins near Mount Jefferson in Jefferson, New York, and the East Branch begins near Grand Gorge, New York. They meet at Hancock, New York, to form the main Delaware River.",True
WebQTest-488,webqsp,test,who did sir francis drake marry?,"Sir Francis Drake married Mary Newman in 1569. After her death, he later married Elizabeth Sydenham in 1585.","['Mary Newman', 'Elizabeth Sydenham']",ToG,"Sir Francis Drake married Mary Newman in 1569. After her death, he later married Elizabeth Sydenham in 1585.",True
WebQTest-777,webqsp,test,where is the main headquarters of google?,"Google's main headquarters is located in Mountain View, California, at the Googleplex.",['Mountain View'],ToG,"Google's main headquarters is located in Mountain View, California, at the Googleplex.",True
WebQTest-1580,webqsp,test,what type of democracy is the united states?,"The United States is a **representative democracy** (also called a **republic**), specifically a **federal presidential constitutional republic**. This means citizens elect representatives to make laws and govern on their behalf, power is shared between national and state governments, and there is a separation of powers among the executive, legislative, and judicial branches.","['Presidential system', 'Constitutional republic', 'Federal republic']",ToG,"The United States is a **representative democracy** (also called a **republic**), specifically a **federal presidential constitutional republic**. This means citizens elect representatives to make laws and govern on their behalf, power is shared between national and state governments, and there is a separation of powers among the executive, legislative, and judicial branches.",True
WebQTest-626,webqsp,test,what does the missouri river bisect?,The Missouri River bisects the state of Missouri from west to east before joining the Mississippi River near St. Louis.,"['Iowa', 'Kansas', 'Missouri', 'Montana', 'Nebraska', 'North Dakota', 'South Dakota']",ToG,The Missouri River bisects the state of Missouri from west to east before joining the Mississippi River near St. Louis.,True
WebQTest-546,webqsp,test,who is michael j fox's wife?,Michael J. Fox's wife is actress **Tracy Pollan**. They married in 1988.,['Tracy Pollan'],ToG,Michael J. Fox's wife is actress **Tracy Pollan**. They married in 1988.,True
WebQTest-287,webqsp,test,what movies has carmen electra been in?,"Carmen Electra is known for roles in movies like:

* **""Scary Movie""** (2000)
* **""Starsky & Hutch""** (2004)
* **""Cheaper by the Dozen 2""** (2005)
* **""Meet the Spartans""** (2008)
* **""Disaster Movie""** (2008)

She also had notable roles in the TV series **""Baywatch""** and **""Singled Out.""**","['Dragula', 'Chocolate City', 'Good Burger', 'Scary Movie', 'Epic Movie', 'Starsky & Hutch', 'Full of It', 'I Want Candy', ""Lil' Pimp"", 'Bedtime Stories', 'Meet the Spartans', 'Christmas in Wonderland', 'Perfume', 'Mr. 3000', 'Sol Goode', 'Disaster Movie', 'Baywatch: Hawaiian Wedding', 'Naked Movie', 'Hot Tamale', ""30 Days Until I'm Famous"", 'Whacked!', 'Uptown Girls', 'Get Over It', 'Searching for Bobby D', 'Cheaper by the Dozen 2', ""National Lampoon's Pledge This!"", 'Scary Movie 4', 'The Chosen One: Legend of the Raven', 'Oy Vey! My Son Is Gay!!', 'Date Movie', 'American Dreamz', 'Dirty Love', 'Starstruck', 'Barry Munday', 'American Vampire', ""Carmen Electra's Fit to Strip"", 'Rent Control', 'BThere Dvd Magazine', 'We Are Family', 'Monster Island', 'Max Havoc: Curse of the Dragon', ""My Boss's Daughter"", 'Getting Played', 'The Mating Habits of the Earthbound Human', 'The Back Nine', '2-Headed Shark Attack', 'Mardi Gras: Spring Break', 'Lap Dance', 'Book of Fire', 'The Axe Boat', ""Lolo's Cafe""]",ToG,"Carmen Electra is known for roles in movies like:

* **""Scary Movie""** (2000)
* **""Starsky & Hutch""** (2004)
* **""Cheaper by the Dozen 2""** (2005)
* **""Meet the Spartans""** (2008)
* **""Disaster Movie""** (2008)

She also had notable roles in the TV series **""Baywatch""** and **""Singled Out.""**",True
WebQTest-302,webqsp,test,what are the official colors of the dallas cowboys?,"The official colors of the Dallas Cowboys are royal blue, metallic silver blue, and white.","['Blue', 'Navy Blue', 'Silver', 'Royal blue', 'White']",ToG,"The official colors of the Dallas Cowboys are royal blue, metallic silver blue, and white.",True
WebQTest-323,webqsp,test,what movies did ron howard director?,"Ron Howard has directed many films, including notable ones like:

* **Splash** (1984)
* **Cocoon** (1985)
* **Willow** (1988)
* **Parenthood** (1989)
* **Backdraft** (1991)
* **Far and Away** (1992)
* **Apollo 13** (1995)
* **How the Grinch Stole Christmas** (2000)
* **A Beautiful Mind** (2001) — won Best Director Oscar
* **The Da Vinci Code** (2006)
* **Frost/Nixon** (2008)
* **Rush** (2013)
* **In the Heart of the Sea** (2015)
* **Thirteen Lives** (2022)","['Apollo 13', 'Inferno', 'Willow', 'Splash', 'EDtv', 'Night Shift', 'Backdraft', 'Frost/Nixon', 'Grand Theft Auto', 'Far and Away', 'Cocoon', 'Ransom', 'Parenthood', 'The Missing', 'Cinderella Man', 'The Dark Tower', 'The Da Vinci Code', 'The Paper', 'Cotton Candy', 'Gung Ho', 'A Beautiful Mind', 'The Dilemma', 'The Lost Symbol', ""Dr. Seuss' How the Grinch Stole Christmas"", 'Angels & Demons', 'Presidential Reunion', 'Rush', 'Jay-Z: Made in America', 'In the Heart of the Sea']",ToG,"Ron Howard has directed many films, including notable ones like:

* **Splash** (1984)
* **Cocoon** (1985)
* **Willow** (1988)
* **Parenthood** (1989)
* **Backdraft** (1991)
* **Far and Away** (1992)
* **Apollo 13** (1995)
* **How the Grinch Stole Christmas** (2000)
* **A Beautiful Mind** (2001) — won Best Director Oscar
* **The Da Vinci Code** (2006)
* **Frost/Nixon** (2008)
* **Rush** (2013)
* **In the Heart of the Sea** (2015)
* **Thirteen Lives** (2022)",True
WebQTest-164,webqsp,test,what did stephen hawking become famous for?,"Stephen Hawking became famous for his groundbreaking work on black holes and cosmology, particularly for theorizing that black holes emit radiation (now called Hawking radiation). He also gained worldwide recognition through his bestselling book *A Brief History of Time* and his remarkable public presence despite living with ALS.","['Professor', 'Astrophysicist', 'Science writer', 'Cosmologist', 'Mathematician', 'Physicist', 'Scientist', 'Writer', 'Astronomer', 'Author']",ToG,"Stephen Hawking became famous for his groundbreaking work on black holes and cosmology, particularly for theorizing that black holes emit radiation (now called Hawking radiation). He also gained worldwide recognition through his bestselling book *A Brief History of Time* and his remarkable public presence despite living with ALS.",False
WebQTest-867,webqsp,test,what else has jennifer lawrence played in?,"Jennifer Lawrence is known for many roles, including:

* **The Hunger Games** series (Katniss Everdeen)
* **Silver Linings Playbook** (Tiffany)
* **American Hustle** (Rosalyn Rosenfeld)
* **X-Men** series (Mystique)
* **Winter's Bone** (Ree Dolly)
* **Joy** (Joy Mangano)
* **Don't Look Up** (Kate Dibiasky)
* **Causeway** (Lynsey)
* **No Hard Feelings** (Maddie)","['X-Men: Apocalypse', 'Joy', 'Not Another High School Show', 'The Burning Plain', 'Garden Party', 'Company Town', 'Winter’s Bone', 'The Beaver', 'The Poker House', 'X-Men: First Class', 'Like Crazy', 'The Hunger Games', 'House at the End of the Street', 'Devil You Know', 'Silver Linings Playbook', 'The Hunger Games: Catching Fire', 'The Hunger Games: Mockingjay, Part 1', 'The Hunger Games: Mockingjay, Part 2', 'X-Men: Days of Future Past', 'Serena', 'American Hustle', 'East of Eden', 'Burial Rites', 'The Glass Castle']",ToG,"Jennifer Lawrence is known for many roles, including:

* **The Hunger Games** series (Katniss Everdeen)
* **Silver Linings Playbook** (Tiffany)
* **American Hustle** (Rosalyn Rosenfeld)
* **X-Men** series (Mystique)
* **Winter's Bone** (Ree Dolly)
* **Joy** (Joy Mangano)
* **Don't Look Up** (Kate Dibiasky)
* **Causeway** (Lynsey)
* **No Hard Feelings** (Maddie)",True
WebQTest-240,webqsp,test,what colleges did albert einstein teach at?,"Albert Einstein taught at the University of Zurich, Charles University in Prague, ETH Zurich, and the University of Berlin. After emigrating to the U.S., he worked at the Institute for Advanced Study in Princeton (which is not a college but a research institute).","['Institute for Advanced Study', 'ETH Zurich', 'University of Zurich', 'Charles University in Prague', 'Leiden University']",ToG,"Albert Einstein taught at the University of Zurich, Charles University in Prague, ETH Zurich, and the University of Berlin. After emigrating to the U.S., he worked at the Institute for Advanced Study in Princeton (which is not a college but a research institute).",True
WebQTest-134,webqsp,test,what type of books did agatha christie wrote?,"Agatha Christie wrote detective fiction, most famously her Hercule Poirot and Miss Marple series. She also wrote romance novels under the pen name Mary Westmacott and a few plays.","['Playwright', 'Novelist', 'Poet', 'Writer', 'Screenwriter']",ToG,"Agatha Christie wrote detective fiction, most famously her Hercule Poirot and Miss Marple series. She also wrote romance novels under the pen name Mary Westmacott and a few plays.",False
WebQTest-1764,webqsp,test,where is daud ibrahim?,"Daoud Ibrahim is believed to be in Pakistan, likely in Karachi, where he has been reported to live openly for years under the protection of local authorities. India has him listed as one of its most wanted terrorists, and the U.S. has a $5 million bounty on him for his alleged role in the 2008 Mumbai attacks.",['Maharashtra'],ToG,"Daoud Ibrahim is believed to be in Pakistan, likely in Karachi, where he has been reported to live openly for years under the protection of local authorities. India has him listed as one of its most wanted terrorists, and the U.S. has a $5 million bounty on him for his alleged role in the 2008 Mumbai attacks.",False
WebQTest-1539,webqsp,test,who is ryan reynolds married to 2012?,Ryan Reynolds married Scarlett Johansson in 2012. They divorced in 2016. He is now married to Blake Lively.,['Blake Lively'],ToG,Ryan Reynolds married Scarlett Johansson in 2012. They divorced in 2016. He is now married to Blake Lively.,True
WebQTest-1752,webqsp,test,what did f. scott fitzgerald do?,F. Scott Fitzgerald was an American author best known for writing *The Great Gatsby* and other novels and stories that captured the Jazz Age.,"['Novelist', 'Poet', 'Writer']",ToG,F. Scott Fitzgerald was an American author best known for writing *The Great Gatsby* and other novels and stories that captured the Jazz Age.,False
WebQTest-1977,webqsp,test,where did crabtree go to college?,Crabtree attended the University of Texas at Austin.,['Texas Tech University'],ToG,Crabtree attended the University of Texas at Austin.,False
WebQTest-1425,webqsp,test,what colleges did mitt romney attend?,"Mitt Romney attended Stanford University for one year before transferring to Brigham Young University, where he earned his bachelor's degree. He later earned joint law and MBA degrees from Harvard University.","['Harvard Law School', 'Harvard University', 'Stanford University', 'Harvard Business School', 'Brigham Young University']",ToG,"Mitt Romney attended Stanford University for one year before transferring to Brigham Young University, where he earned his bachelor's degree. He later earned joint law and MBA degrees from Harvard University.",True
WebQTest-1311,webqsp,test,what was antoni gaudi inspired by?,"Antoni Gaudí was primarily inspired by **nature**, which he saw as the ultimate model for structure and beauty. This is reflected in his organic shapes, use of light, and avoidance of straight lines. He also drew inspiration from **religion** (his deep Catholic faith), **Catalan culture**, and **oriental arts** like Mudéjar architecture.","['Eugène Viollet-le-Duc', 'William Morris']",ToG,"Antoni Gaudí was primarily inspired by **nature**, which he saw as the ultimate model for structure and beauty. This is reflected in his organic shapes, use of light, and avoidance of straight lines. He also drew inspiration from **religion** (his deep Catholic faith), **Catalan culture**, and **oriental arts** like Mudéjar architecture.",False
WebQTest-891,webqsp,test,who was the leader of the first communist party of china?,"The leader of the first Communist Party of China, founded in 1921, was **Chen Duxiu**. He was elected as the first General Secretary of the Central Bureau at the party's founding congress.","['Li Dazhao', 'Mao Zedong', 'Zhou Enlai', 'Chen Duxiu']",ToG,"The leader of the first Communist Party of China, founded in 1921, was **Chen Duxiu**. He was elected as the first General Secretary of the Central Bureau at the party's founding congress.",True
WebQTest-251,webqsp,test,what type of currency do they use in england?,"England uses the **British pound sterling**, commonly referred to as the pound (£). Its currency code is GBP.",['Pound sterling'],ToG,"England uses the **British pound sterling**, commonly referred to as the pound (£). Its currency code is GBP.",True
WebQTest-1975,webqsp,test,what was the last movie sean connery was in?,"Sean Connery's last on-screen role was in the animated film *Sir Billi* (2012), where he voiced the main character.",['Sir Billi'],ToG,"Sean Connery's last on-screen role was in the animated film *Sir Billi* (2012), where he voiced the main character.",True
WebQTest-1825,webqsp,test,what did lincoln steffens wrote?,"Lincoln Steffens wrote influential exposés on political corruption in American cities, most notably in his 1904 collection **""The Shame of the Cities.""**","['Die Geschichte meines Lebens', 'The Shame of the Cities', 'The autobiography of Lincoln Steffens', 'John Reed', 'The struggle for self-government', 'Lincoln Steffens speaking', 'The world of Lincoln Steffens', 'Into Mexico and out', 'Moses in red', 'The Least Of These', 'Upbuilders', 'Boy on horseback', 'The Old Jim Horse']",ToG,"Lincoln Steffens wrote influential exposés on political corruption in American cities, most notably in his 1904 collection **""The Shame of the Cities.""**",True
WebQTest-1114,webqsp,test,what countries makes up the uk?,"The United Kingdom (UK) is made up of four countries:

1. England
2. Scotland
3. Wales
4. Northern Ireland","['England', 'Northern Ireland', 'Scotland', 'Wales']",ToG,"The United Kingdom (UK) is made up of four countries:

1. England
2. Scotland
3. Wales
4. Northern Ireland",True
WebQTest-1629,webqsp,test,what currency does dominican republic take?,"The Dominican Republic uses the **Dominican peso (DOP)**.  
US dollars are also widely accepted in tourist areas, but you'll get a better rate paying in pesos for most local purchases.",['Dominican peso'],ToG,"The Dominican Republic uses the **Dominican peso (DOP)**.  
US dollars are also widely accepted in tourist areas, but you'll get a better rate paying in pesos for most local purchases.",True
WebQTest-624,webqsp,test,who plays elena gilbert on vampire diaries?,Nina Dobrev played Elena Gilbert on *The Vampire Diaries*.,['Nina Dobrev'],ToG,Nina Dobrev played Elena Gilbert on *The Vampire Diaries*.,True
WebQTest-1691,webqsp,test,what is houston timezone?,Houston is in the **Central Time Zone (CT)** and observes **Central Daylight Time (CDT)** during daylight saving time.,['Central Time Zone'],ToG,Houston is in the **Central Time Zone (CT)** and observes **Central Daylight Time (CDT)** during daylight saving time.,True
WebQTest-833,webqsp,test,what is the main language used in china?,"Mandarin Chinese (specifically Standard Mandarin, called Putonghua) is the official language of China.",['Standard Chinese'],ToG,"Mandarin Chinese (specifically Standard Mandarin, called Putonghua) is the official language of China.",False
WebQTest-1507,webqsp,test,who was kate chopin?,"Kate Chopin was an American author of short stories and novels, best known for her 1899 novel *The Awakening*, which explored themes of female independence and sexuality and was controversial in its time.","['Businessperson', 'Novelist', 'Writer', 'Author']",ToG,"Kate Chopin was an American author of short stories and novels, best known for her 1899 novel *The Awakening*, which explored themes of female independence and sexuality and was controversial in its time.",True
WebQTest-691,webqsp,test,what school did miley cyrus?,Miley Cyrus attended Heritage Middle School in Tennessee and later was homeschooled.,['Heritage Elementary School'],ToG,Miley Cyrus attended Heritage Middle School in Tennessee and later was homeschooled.,False
WebQTest-755,webqsp,test,what was bonnie prince charlie full name?,Bonnie Prince Charlie's full name was Charles Edward Louis John Sylvester Maria Casimir Stuart.,['Charles Edward Stuart'],ToG,Bonnie Prince Charlie's full name was Charles Edward Louis John Sylvester Maria Casimir Stuart.,False
WebQTest-154,webqsp,test,what instruments did louis armstrong play?,"Louis Armstrong primarily played the trumpet and cornet. He was also a skilled vocalist, famous for his distinctive gravelly voice and scat singing.","['Cornet', 'Trumpet']",ToG,"Louis Armstrong primarily played the trumpet and cornet. He was also a skilled vocalist, famous for his distinctive gravelly voice and scat singing.",True
WebQTest-1819,webqsp,test,what religion does canada follow?,"Canada does not have an official state religion. It is a secular country with freedom of religion guaranteed by its Charter of Rights and Freedoms. Christianity is the most commonly practiced religion, but there is significant diversity, including Islam, Hinduism, Sikhism, Judaism, Buddhism, and a growing number of people with no religious affiliation.","['Protestantism', 'Catholicism', 'Islam']",ToG,"Canada does not have an official state religion. It is a secular country with freedom of religion guaranteed by its Charter of Rights and Freedoms. Christianity is the most commonly practiced religion, but there is significant diversity, including Islam, Hinduism, Sikhism, Judaism, Buddhism, and a growing number of people with no religious affiliation.",True
WebQTest-33,webqsp,test,what timezone is sweden?,"Sweden is in the Central European Time (CET) zone, which is UTC+1. During daylight saving time (from late March to late October), it switches to Central European Summer Time (CEST), which is UTC+2.",['Central European Time Zone'],ToG,"Sweden is in the Central European Time (CET) zone, which is UTC+1. During daylight saving time (from late March to late October), it switches to Central European Summer Time (CEST), which is UTC+2.",False
WebQTest-581,webqsp,test,where was anne boleyn executed?,"Anne Boleyn was executed at the Tower of London on May 19, 1536.",['Tower of London'],ToG,"Anne Boleyn was executed at the Tower of London on May 19, 1536.",True
WebQTest-723,webqsp,test,what is there to see in sydney australia?,"Sydney's top sights include:

*   **Sydney Opera House** – Iconic architecture and performances.
*   **Sydney Harbour Bridge** – Walk or climb for stunning views.
*   **Bondi Beach** – Famous beach and coastal walk to Coogee.
*   **The Rocks** – Historic area with markets, pubs, and museums.
*   **Royal Botanic Garden** – Beautiful gardens with harbor views.
*   **Taronga Zoo** – Wildlife park with a spectacular setting.
*   **Art Gallery of NSW & Museum of Contemporary Art** – Major art collections.
*   **Blue Mountains** – Day trip for dramatic scenery and hiking (90 min west).","['Oatley Park, New South Wales', 'Port Jackson', 'Rose Seidler House', 'Bondi Beach', 'Wild Life Sydney', 'Sydney Film Festival', 'The Rocks', 'Sydney Markets', 'Powerhouse Museum', 'Luna Park Sydney', 'City2Surf', ""St Mary's Cathedral, Sydney"", 'Sydney Opera House', 'Sydney Harbour Bridge', 'North Head Quarantine Station', 'Hillsong Church', 'Darling Harbour', 'Australian National Maritime Museum', 'Featherdale Wildlife Park', 'Kamay Botany Bay National Park']",ToG,"Sydney's top sights include:

*   **Sydney Opera House** – Iconic architecture and performances.
*   **Sydney Harbour Bridge** – Walk or climb for stunning views.
*   **Bondi Beach** – Famous beach and coastal walk to Coogee.
*   **The Rocks** – Historic area with markets, pubs, and museums.
*   **Royal Botanic Garden** – Beautiful gardens with harbor views.
*   **Taronga Zoo** – Wildlife park with a spectacular setting.
*   **Art Gallery of NSW & Museum of Contemporary Art** – Major art collections.
*   **Blue Mountains** – Day trip for dramatic scenery and hiking (90 min west).",True
WebQTest-1818,webqsp,test,what state is saint louis university in?,"Saint Louis University is in **Missouri**. Its main campus is in St. Louis, Missouri.",['Missouri'],ToG,"Saint Louis University is in **Missouri**. Its main campus is in St. Louis, Missouri.",True
WebQTest-953,webqsp,test,where is kansas city?,"Kansas City is located in two states: **Kansas** and **Missouri**. The larger and more well-known Kansas City is in Missouri, while Kansas City, Kansas is a separate city directly to the west across the state line.",['Platte County'],ToG,"Kansas City is located in two states: **Kansas** and **Missouri**. The larger and more well-known Kansas City is in Missouri, while Kansas City, Kansas is a separate city directly to the west across the state line.",False
WebQTest-335,webqsp,test,what type of money to take to cuba?,"For travel to Cuba, you should take **cash (Euros, Canadian dollars, or British pounds)** because U.S. dollars are subject to an additional 10% penalty when exchanged. Avoid relying on credit/debit cards from U.S. banks, as they generally do not work due to sanctions. Once in Cuba, exchange your cash for Cuban Pesos (CUP) at official exchange offices (CADECA) or banks.","['Cuban peso', 'Cuban convertible peso']",ToG,"For travel to Cuba, you should take **cash (Euros, Canadian dollars, or British pounds)** because U.S. dollars are subject to an additional 10% penalty when exchanged. Avoid relying on credit/debit cards from U.S. banks, as they generally do not work due to sanctions. Once in Cuba, exchange your cash for Cuban Pesos (CUP) at official exchange offices (CADECA) or banks.",True
WebQTest-1152,webqsp,test,who is the voice of kitt?,The original voice of KITT in the 1980s TV series *Knight Rider* was provided by actor **William Daniels**.,['William Daniels'],ToG,The original voice of KITT in the 1980s TV series *Knight Rider* was provided by actor **William Daniels**.,True
WebQTest-1209,webqsp,test,when does ziva start on ncis?,"Ziva David first appeared on NCIS in the third season, specifically in the premiere episode ""Kill Ari (Part 1),"" which aired on September 20, 2005.",['NCIS - Season 3'],ToG,"Ziva David first appeared on NCIS in the third season, specifically in the premiere episode ""Kill Ari (Part 1),"" which aired on September 20, 2005.",False
WebQTest-1739,webqsp,test,who is the voice of eric cartman on south park?,"Eric Cartman is voiced by **Trey Parker**, one of the co-creators of *South Park*.",['Trey Parker'],ToG,"Eric Cartman is voiced by **Trey Parker**, one of the co-creators of *South Park*.",True
WebQTest-538,webqsp,test,what are all the movies taylor swift has been in?,"Taylor Swift has had cameo or supporting roles in a few films, and she voiced a character in one animated movie. Here is the complete list:

**Live-Action Films:**
* *Valentine's Day* (2010) – as Felicia
* *The Giver* (2014) – as Rosemary
* *Cats* (2019) – as Bombalurina
* *Amsterdam* (2022) – as Liz Meekins

**Animated Film:**
* *The Lorax* (2012) – as Audrey (voice)

**Documentaries:**
* *Journey to Fearless* (2010)
* *Miss Americana* (2020) – about her own life
* *Taylor Swift: Reputation Stadium Tour* (2018) – concert film
* *Taylor Swift: The Eras Tour* (2023) – concert film","['Hannah Montana: The Movie', ""Valentine's Day"", 'The Lorax', 'Jonas Brothers: The Concert Experience', 'The Giver']",ToG,"Taylor Swift has had cameo or supporting roles in a few films, and she voiced a character in one animated movie. Here is the complete list:

**Live-Action Films:**
* *Valentine's Day* (2010) – as Felicia
* *The Giver* (2014) – as Rosemary
* *Cats* (2019) – as Bombalurina
* *Amsterdam* (2022) – as Liz Meekins

**Animated Film:**
* *The Lorax* (2012) – as Audrey (voice)

**Documentaries:**
* *Journey to Fearless* (2010)
* *Miss Americana* (2020) – about her own life
* *Taylor Swift: Reputation Stadium Tour* (2018) – concert film
* *Taylor Swift: The Eras Tour* (2023) – concert film",True
WebQTest-1110,webqsp,test,where was john jay born?,"John Jay was born in New York City on December 12, 1745.",['New York City'],ToG,"John Jay was born in New York City on December 12, 1745.",True
WebQTest-39,webqsp,test,who is niall ferguson's wife?,"Niall Ferguson is married to Ayaan Hirsi Ali, a Somali-born writer, activist, and former politician. They married in 2011.",['Ayaan Hirsi Ali'],ToG,"Niall Ferguson is married to Ayaan Hirsi Ali, a Somali-born writer, activist, and former politician. They married in 2011.",True
WebQTest-1285,webqsp,test,what city is mt lassen in?,"Mt. Lassen is located near the city of Redding, California.","['California', 'Lassen Volcanic National Park', 'North America', 'United States of America', 'Cascade Range', 'Shasta County']",ToG,"Mt. Lassen is located near the city of Redding, California.",True
WebQTest-28,webqsp,test,what electorate does anna bligh represent?,"Anna Bligh was the Premier of Queensland, not a federal MP. She represented the state electorate of South Brisbane in the Queensland Parliament.",['Electoral district of South Brisbane'],ToG,"Anna Bligh was the Premier of Queensland, not a federal MP. She represented the state electorate of South Brisbane in the Queensland Parliament.",False
WebQTest-2028,webqsp,test,who is the current leader of france 2010?,"In 2010, the President of France was **Nicolas Sarkozy**. He served from 2007 to 2012.",['Nicolas Sarkozy'],ToG,"In 2010, the President of France was **Nicolas Sarkozy**. He served from 2007 to 2012.",True
WebQTest-1485,webqsp,test,what is the currency in turkey called?,The currency in Turkey is called the Turkish lira (₺).,['Turkish lira'],ToG,The currency in Turkey is called the Turkish lira (₺).,True
WebQTest-1060,webqsp,test,what is the currency in italy?,The currency in Italy is the euro (€).,['Euro'],ToG,The currency in Italy is the euro (€).,True
WebQTest-749,webqsp,test,who was president in 1988 in the united states?,"Ronald Reagan was president for most of 1988. George H. W. Bush was elected in November 1988 and took office on January 20, 1989.",['Ronald Reagan'],ToG,"Ronald Reagan was president for most of 1988. George H. W. Bush was elected in November 1988 and took office on January 20, 1989.",True
WebQTest-1256,webqsp,test,who did terrell owens play for in 2010?,Terrell Owens played for the Cincinnati Bengals in 2010.,"['Buffalo Bills', 'Cincinnati Bengals', 'Texas Revolution']",ToG,Terrell Owens played for the Cincinnati Bengals in 2010.,True
WebQTest-1724,webqsp,test,when did arsenal won the league?,"Arsenal last won the league in the 2003–04 season, when they went unbeaten (known as ""The Invincibles"").","['2004–05 FA Cup', '1992–93 FA Cup', '2002–03 FA Cup', '2001–02 FA Cup', '1997–98 FA Cup', '1978–79 FA Cup', '1970–71 FA Cup', '2013–14 FA Cup']",ToG,"Arsenal last won the league in the 2003–04 season, when they went unbeaten (known as ""The Invincibles"").",False
WebQTest-241,webqsp,test,who plays the voice of brian on family guy?,Seth MacFarlane.,['Seth MacFarlane'],ToG,Seth MacFarlane.,True
WebQTest-1838,webqsp,test,what sports are popular in germany?,"Football (soccer) is by far the most popular sport in Germany. Other widely followed sports include handball, tennis, basketball, winter sports (like biathlon and skiing), and motorsports (particularly Formula 1).","['Germany national football team', 'Germany national cricket team', 'Germany national handball team', ""Germany women's national field hockey team"", ""Germany women's national volleyball team"", 'Germany national beach handball team', ""Germany women's national beach handball team"", ""Germany women's national handball team"", 'Germany Davis Cup team', 'Germany Fed Cup team', ""Germany women's national rugby union team"", ""Germany women's national football team"", ""Germany men's national volleyball team"", 'Germany national korfball team', 'Germany national rugby league team', 'German National Ice Hockey Team', 'Germany national baseball team', 'Germany national badminton team', 'Germany national American football team', ""Germany men's national inline hockey team"", 'Germany national beach soccer team', ""Germany men's national water polo team"", ""Germany women's national basketball team"", 'Germany national speedway team', ""Germany men's national pitch and putt team"", ""Germany women's national under-18 ice hockey team"", 'Germany national rugby union team', ""Germany women's national ice hockey team"", 'Germany national basketball team', ""Germany U20 women's volleyball team"", 'FC Bayern Munich', 'BG Göttingen', 'Alba Berlin', 'Brose Baskets', ""Germany men's national field hockey team"", 'Telekom Baskets Bonn', 'Skyliners Frankfurt', 'Köln 99ers', 'Bayer Giants Leverkusen', 'EWE Baskets Oldenburg', 'QTSV Quackenbrück']",ToG,"Football (soccer) is by far the most popular sport in Germany. Other widely followed sports include handball, tennis, basketball, winter sports (like biathlon and skiing), and motorsports (particularly Formula 1).",False
WebQTest-210,webqsp,test,where is tyrese gibson from?,"Tyrese Gibson is from Los Angeles, California, USA.",['Watts'],ToG,"Tyrese Gibson is from Los Angeles, California, USA.",False
WebQTest-991,webqsp,test,who played donna on west wing?,"Stockard Channing played First Lady Abigail Bartlet on *The West Wing*. The character's first name is Abigail, not Donna.

Donna Moss, the personal assistant to Josh Lyman, was played by Janel Moloney.",['Janel Moloney'],ToG,"Stockard Channing played First Lady Abigail Bartlet on *The West Wing*. The character's first name is Abigail, not Donna.

Donna Moss, the personal assistant to Josh Lyman, was played by Janel Moloney.",True
WebQTest-1291,webqsp,test,how many kids were there in the kennedy family?,John and Rose Kennedy had nine children who lived to adulthood.,"['Ted Kennedy', 'Rosemary Kennedy', 'Joseph P. Kennedy, Jr.', 'Jean Kennedy Smith', 'Kathleen Cavendish', 'Patricia Kennedy Lawford', 'Robert F. Kennedy', 'Eunice Kennedy Shriver', 'John F. Kennedy']",ToG,John and Rose Kennedy had nine children who lived to adulthood.,False
WebQTest-1324,webqsp,test,what college did john nash go to?,John Nash attended the Carnegie Institute of Technology (now Carnegie Mellon University) for his undergraduate studies and later earned his doctorate from Princeton University.,"['Carnegie Mellon College of Engineering', 'Princeton University']",ToG,John Nash attended the Carnegie Institute of Technology (now Carnegie Mellon University) for his undergraduate studies and later earned his doctorate from Princeton University.,True
WebQTest-390,webqsp,test,when was the last time the toronto maple leafs were in the stanley cup finals?,"The Toronto Maple Leafs last appeared in the Stanley Cup Finals in 1967, when they won the championship.",['1967 Stanley Cup Finals'],ToG,"The Toronto Maple Leafs last appeared in the Stanley Cup Finals in 1967, when they won the championship.",False
WebQTest-1398,webqsp,test,what movies did joan crawford play in?,"Joan Crawford starred in numerous films, with some of her most notable being:

*   **Silent Era:** *Our Dancing Daughters* (1928)
*   **Academy Award Win:** *Mildred Pierce* (1945)
*   **Other Key Films:** *Grand Hotel* (1932), *The Women* (1939), *Whatever Happened to Baby Jane?* (1962)

Her career spanned over 45 years, from silent films in the 1920s to horror in the 1960s.","['Possessed', 'Sudden Fear', 'Humoresque', 'Harriet Craig', 'Susan and God', 'The Women', 'The Stolen Jools', 'Spring Fever', 'Sally, Irene and Mary', 'Across to Singapore', 'This Woman Is Dangerous', 'Pretty Ladies', 'Old Clothes', 'Tramp, Tramp, Tramp', 'The Boob', 'The Taxi Dancer', 'Winners of the Wilderness', 'The Understanding Heart', 'Twelve Miles Out', 'The Law of the Range', 'West Point', 'Four Walls', 'Dream of Love', 'The Duke Steps Out', 'Our Modern Maidens', 'Montana Moon', 'Our Blushing Brides', 'Paid', 'Dance, Fools, Dance', 'This Modern Age', 'Laughing Sinners', 'Letty Lynton', 'Today We Live', 'Chained', 'Forsaking All Others', 'No More Ladies', 'I Live My Life', 'The Bride Wore Red', 'The Shining Hour', 'Mannequin', 'The Ice Follies of 1939', 'Strange Cargo', ""A Woman's Face"", 'When Ladies Meet', 'They All Kissed the Bride', 'Reunion in France', 'Above Suspicion', 'Female on the Beach', 'Goodbye, My Fancy', 'The Story of Esther Costello', 'A Slave of Fashion', 'Tide of Empire', 'The Merry Widow', 'Trog', 'Great Day', 'The Last of Mrs. Cheyney', 'The Best of Everything', 'Paris', 'Queen Bee', 'Johnny Guitar', 'The Gorgeous Hussy', 'Torch Song', 'Hush… Hush, Sweet Charlotte', 'Autumn Leaves', 'The Karate Killers', 'What Ever Happened to Baby Jane?', 'Our Dancing Daughters', ""It's a Great Feeling"", ""The Damned Don't Cry!"", 'Rain', 'Flamingo Road', 'Dancing Lady', 'Rose-Marie', 'The Circle', 'The Unknown', 'Sadie McKee', 'Strait-Jacket', 'The Caretakers', 'Untamed', 'I Saw What You Did', 'Berserk!', 'Grand Hotel', 'The Hollywood Revue of 1929', 'Love on the Run', 'Harry Langdon: The Forgotten Clown', 'Mildred Pierce', 'Daisy Kenyon', 'Della']",ToG,"Joan Crawford starred in numerous films, with some of her most notable being:

*   **Silent Era:** *Our Dancing Daughters* (1928)
*   **Academy Award Win:** *Mildred Pierce* (1945)
*   **Other Key Films:** *Grand Hotel* (1932), *The Women* (1939), *Whatever Happened to Baby Jane?* (1962)

Her career spanned over 45 years, from silent films in the 1920s to horror in the 1960s.",True
WebQTest-1850,webqsp,test,what religion does madonna practice?,"Madonna has long been associated with **Kabbalah**, a form of Jewish mysticism. She is not Jewish but follows teachings from the Kabbalah Centre, which blends mystical Judaism with New Age spirituality. She has also incorporated various other spiritual influences throughout her life.","['Jewish Renewal', 'Catholicism']",ToG,"Madonna has long been associated with **Kabbalah**, a form of Jewish mysticism. She is not Jewish but follows teachings from the Kabbalah Centre, which blends mystical Judaism with New Age spirituality. She has also incorporated various other spiritual influences throughout her life.",False
WebQTest-1094,webqsp,test,who was isaac newton and what did he do?,"Isaac Newton was an English mathematician, physicist, and astronomer. He formulated the laws of motion and universal gravitation, laying the foundation for classical mechanics. He also made major contributions to calculus and optics.","['Chemist', 'Philosopher', 'Mathematician', 'Physicist', 'Scientist', 'Astronomer']",ToG,"Isaac Newton was an English mathematician, physicist, and astronomer. He formulated the laws of motion and universal gravitation, laying the foundation for classical mechanics. He also made major contributions to calculus and optics.",True
WebQTest-966,webqsp,test,what basketball player is married to monica?,Monica is married to NBA player Stephen Curry.,['Shannon Brown'],ToG,Monica is married to NBA player Stephen Curry.,False
WebQTest-297,webqsp,test,what time zone is anaheim california?,"Anaheim, California, is in the **Pacific Time Zone (PT)**. It observes Pacific Standard Time (PST) in winter and Pacific Daylight Time (PDT) during daylight saving time.",['Pacific Time Zone'],ToG,"Anaheim, California, is in the **Pacific Time Zone (PT)**. It observes Pacific Standard Time (PST) in winter and Pacific Daylight Time (PDT) during daylight saving time.",True
WebQTest-866,webqsp,test,where did otto frank go to college?,"Otto Frank attended the University of Heidelberg, where he studied art history.",['Heidelberg University'],ToG,"Otto Frank attended the University of Heidelberg, where he studied art history.",False
WebQTest-1547,webqsp,test,what is the title of george bush's new book?,"George W. Bush's most recent book is titled **""Out of Many, One: Portraits of America’s Immigrants""** (published in 2021).",['In My Time: A Personal and Political Memoir'],ToG,"George W. Bush's most recent book is titled **""Out of Many, One: Portraits of America’s Immigrants""** (published in 2021).",False
WebQTest-2015,webqsp,test,what type of government does argentina have today?,"Argentina is a federal presidential representative democratic republic. It has a president as both head of state and head of government, a bicameral National Congress, and separate executive, legislative, and judicial branches.","['Presidential system', 'Constitutional republic', 'Representative democracy', 'Federal republic']",ToG,"Argentina is a federal presidential representative democratic republic. It has a president as both head of state and head of government, a bicameral National Congress, and separate executive, legislative, and judicial branches.",False
WebQTest-1789,webqsp,test,what is john edwards indicted for?,"John Edwards was indicted in 2011 on six felony counts related to campaign finance violations. The charges alleged he used nearly $1 million in secret payments from two wealthy donors to hide his pregnant mistress during his 2008 presidential campaign. A jury acquitted him on one count, and the remaining charges were dropped after a mistrial.",['Political corruption'],ToG,"John Edwards was indicted in 2011 on six felony counts related to campaign finance violations. The charges alleged he used nearly $1 million in secret payments from two wealthy donors to hide his pregnant mistress during his 2008 presidential campaign. A jury acquitted him on one count, and the remaining charges were dropped after a mistrial.",False
WebQTest-1306,webqsp,test,what kind of government does iran have after 1979?,"Iran has a theocratic republic with a unique dual system combining democratic and religious elements. Key features include:

*   **Supreme Leader:** The highest authority, a cleric who is head of state and commander-in-chief, appointed for life by the Assembly of Experts.
*   **Elected President and Parliament:** The president and parliament (Majles) are elected by popular vote, but all candidates are vetted by the Guardian Council.
*   **Guardian Council:** A 12-member body of clerics and jurists that vets candidates, interprets the constitution, and can veto legislation.
*   **Guiding Principle:** *Velayat-e Faqih* (Guardianship of the Islamic Jurist), which places ultimate political and religious authority in the hands of a senior cleric.

In essence, it is an Islamic Republic where elected institutions operate under the overriding control of unelected religious bodies.","['Parliamentary system', 'Presidential system', 'Islamic republic', 'Unitary state', 'Theocracy']",ToG,"Iran has a theocratic republic with a unique dual system combining democratic and religious elements. Key features include:

*   **Supreme Leader:** The highest authority, a cleric who is head of state and commander-in-chief, appointed for life by the Assembly of Experts.
*   **Elected President and Parliament:** The president and parliament (Majles) are elected by popular vote, but all candidates are vetted by the Guardian Council.
*   **Guardian Council:** A 12-member body of clerics and jurists that vets candidates, interprets the constitution, and can veto legislation.
*   **Guiding Principle:** *Velayat-e Faqih* (Guardianship of the Islamic Jurist), which places ultimate political and religious authority in the hands of a senior cleric.

In essence, it is an Islamic Republic where elected institutions operate under the overriding control of unelected religious bodies.",True
WebQTest-1206,webqsp,test,what was francis bacon contributions?,"Francis Bacon's key contributions were:

1. **Advocating the scientific method** – He emphasized systematic observation, experimentation, and inductive reasoning.
2. **Philosophical works** – In works like *Novum Organum*, he argued that knowledge should be based on empirical evidence to improve human life.
3. **Promoting organized science** – He envisioned collaborative research and institutions, influencing the founding of groups like the Royal Society.

He is often called the father of empiricism and helped shift science away from pure reliance on tradition and deductive logic.","['Spy', 'Statesman', 'Philosopher', 'Scientist', 'Author']",ToG,"Francis Bacon's key contributions were:

1. **Advocating the scientific method** – He emphasized systematic observation, experimentation, and inductive reasoning.
2. **Philosophical works** – In works like *Novum Organum*, he argued that knowledge should be based on empirical evidence to improve human life.
3. **Promoting organized science** – He envisioned collaborative research and institutions, influencing the founding of groups like the Royal Society.

He is often called the father of empiricism and helped shift science away from pure reliance on tradition and deductive logic.",False
WebQTest-1613,webqsp,test,what language do they speak in malta?,"Maltese and English are both official languages in Malta. Maltese is the national language, while English is widely used in government and business.","['English Language', 'Maltese Language']",ToG,"Maltese and English are both official languages in Malta. Maltese is the national language, while English is widely used in government and business.",False
WebQTest-1417,webqsp,test,when was the last time the boston bruins went to the stanley cup?,"The Boston Bruins last went to the Stanley Cup Final in 2019, where they lost to the St. Louis Blues in seven games.",['2013 Stanley Cup Finals'],ToG,"The Boston Bruins last went to the Stanley Cup Final in 2019, where they lost to the St. Louis Blues in seven games.",False
WebQTest-69,webqsp,test,what county is brentwood tennessee in?,"Brentwood, Tennessee is in **Williamson County**.",['Williamson County'],ToG,"Brentwood, Tennessee is in **Williamson County**.",True
WebQTest-1830,webqsp,test,what language do they speak in colombia south america?,Spanish is the official language of Colombia.,"['Piratapuyo Language', 'Cocama language', 'Bora Language', 'Wayuu Language', 'Malayo Language', 'Quechua, Napo Lowland Language', 'Curripaco Language', 'Hupdë Language', 'Baudo language', 'Siona Language', 'Cabiyarí Language', 'Nukak language', 'Barí Language', 'Tama Language', 'Awa-Cuaiquer Language', 'Guanano Language', 'Tanimuca-Retuarã Language', 'Cagua Language', 'Runa Language', 'Coyaima Language', 'Ponares Language', 'Macaguaje Language', 'Inga, Jungle Language', 'Coxima Language', 'Tomedes Language', 'Natagaimas Language', 'Cumeral Language', 'Carijona Language', 'Tunebo, Barro Negro Language', 'Siriano Language', 'Muinane Language', 'Macaguán Language', 'Pijao Language', 'Puinave Language', 'Cubeo Language', 'Desano Language', 'Tunebo, Central Language', 'Guayabero Language', 'Arhuaco Language', 'Tunebo, Western Language', 'Totoro Language', 'Palenquero Language', 'Kogi Language', 'Barasana Language', 'Yukpa Language', 'Waimajã Language', 'Colombian Sign Language', 'Guambiano Language', 'Minica Huitoto', 'Piaroa Language', 'Emberá, Northern Language', 'Ocaina Language', 'Anserma Language', 'Carabayo Language', 'Macuna Language', 'Omejes Language', 'Andoque Language', 'Chipiajes Language', 'Inga Language', 'Piapoco Language', 'Tunebo, Angosturas Language', 'Catio language', 'Koreguaje Language', 'Kuna, Border Language', 'Andaqui Language', 'Sáliba Language', 'Camsá Language', 'Murui Huitoto language', 'Yucuna Language', 'Guahibo language', 'Cuiba language', 'Playero language', 'Uwa language', 'Achawa language', 'Ticuna language', 'Islander Creole English', 'Nheengatu language', 'Spanish Language', 'Tinigua language', 'Providencia Sign Language', 'Romani, Vlax Language', 'Tuyuca language', 'Tucano Language', 'Páez language', 'Cofán Language', 'Nonuya language']",ToG,Spanish is the official language of Colombia.,False
WebQTest-1568,webqsp,test,what university did obama graduated from?,Barack Obama graduated from Columbia University (BA) and Harvard Law School (JD).,['Columbia University'],ToG,Barack Obama graduated from Columbia University (BA) and Harvard Law School (JD).,True
WebQTest-828,webqsp,test,what is the head judge of the supreme court called?,The head judge of the Supreme Court is called the **Chief Justice**.,['Chief Justice of the United States'],ToG,The head judge of the Supreme Court is called the **Chief Justice**.,False
WebQTest-425,webqsp,test,where english is spoken?,"English is spoken as a primary or official language in countries like the United Kingdom, United States, Canada, Australia, Ireland, and New Zealand. It is also widely spoken as a second language in many other countries, including India, Nigeria, the Philippines, and across much of Europe and Africa.","['Bahamas', 'Bangladesh', 'Barbados', 'Belize', 'Bermuda', 'Botswana', 'Brunei', 'Transkei', 'Ethiopia', 'Kenya', 'State of Palestine', 'Cameroon', 'Cayman Islands', 'Cyprus', 'Cook Islands', 'Territory of Papua and New Guinea', 'Dominica', 'England', 'Timor-Leste', 'Fiji', 'Jordan', 'Japan', 'Jersey', 'Guyana', 'Guam', 'Ghana', 'Gibraltar', 'South Yemen', 'Grenada', 'Honduras', 'Hong Kong', 'India', 'Republic of Ireland', 'Indonesia', 'Israel', 'Isle of Man', 'Kiribati', 'Laos', 'Lesotho', 'Liberia', 'Malta', 'Marshall Islands', 'Montserrat', 'Namibia', 'Nauru', 'Nigeria', 'Papua New Guinea', 'Puerto Rico', 'Pakistan', 'Philippines', 'Gazankulu', 'Qatar', 'Rwanda', 'Sri Lanka', 'Saint Kitts and Nevis', 'Sierra Leone', 'Saint Lucia', 'Saint Vincent and the Grenadines', 'Samoa', 'Singapore', 'Sudan', 'Swaziland', 'Tanzania', 'Tokelau', 'Turks and Caicos Islands', 'Tuvalu', 'United Kingdom', 'Uganda', 'Vatican City', 'Vanuatu', 'Zimbabwe', 'Zambia', 'Malaysia', 'Territory of New Guinea', 'Australia', 'New Zealand', 'China', 'Canada', 'Mandatory Palestine', 'Curaçao', 'Gambia', 'South Africa', 'Wales', 'Antigua and Barbuda', 'Bonaire', 'Kingdom of Great Britain', 'United States of America']",ToG,"English is spoken as a primary or official language in countries like the United Kingdom, United States, Canada, Australia, Ireland, and New Zealand. It is also widely spoken as a second language in many other countries, including India, Nigeria, the Philippines, and across much of Europe and Africa.",True
WebQTest-1802,webqsp,test,where are the timezones in the usa?,"The United States has six primary time zones from east to west:

1. **Eastern Time (ET)** – UTC-5 (Standard Time) / UTC-4 (Daylight Time)  
2. **Central Time (CT)** – UTC-6 / UTC-5  
3. **Mountain Time (MT)** – UTC-7 / UTC-6  
4. **Pacific Time (PT)** – UTC-8 / UTC-7  
5. **Alaska Time (AKT)** – UTC-9 / UTC-8  
6. **Hawaii-Aleutian Time (HAT)** – UTC-10 (Hawaii does not observe DST)

Additionally, U.S. territories include Atlantic Time (Puerto Rico, U.S. Virgin Islands) and Chamorro Time (Guam, Northern Mariana Islands).","['Samoa Time Zone', 'Chamorro Time Zone', 'Central Time Zone', 'Eastern Time Zone', 'Mountain Time Zone', 'Pacific Time Zone', 'Alaska Time Zone', 'Hawaii-Aleutian Time Zone', 'Atlantic Time Zone']",ToG,"The United States has six primary time zones from east to west:

1. **Eastern Time (ET)** – UTC-5 (Standard Time) / UTC-4 (Daylight Time)  
2. **Central Time (CT)** – UTC-6 / UTC-5  
3. **Mountain Time (MT)** – UTC-7 / UTC-6  
4. **Pacific Time (PT)** – UTC-8 / UTC-7  
5. **Alaska Time (AKT)** – UTC-9 / UTC-8  
6. **Hawaii-Aleutian Time (HAT)** – UTC-10 (Hawaii does not observe DST)

Additionally, U.S. territories include Atlantic Time (Puerto Rico, U.S. Virgin Islands) and Chamorro Time (Guam, Northern Mariana Islands).",False
WebQTest-1242,webqsp,test,what are all the names of the harry potter books?,"1. Harry Potter and the Philosopher’s Stone (Sorcerer’s Stone in the US)  
2. Harry Potter and the Chamber of Secrets  
3. Harry Potter and the Prisoner of Azkaban  
4. Harry Potter and the Goblet of Fire  
5. Harry Potter and the Order of the Phoenix  
6. Harry Potter and the Half-Blood Prince  
7. Harry Potter and the Deathly Hallows","['Harry Potter and the Order of the Phoenix', 'Harry Potter and the Chamber of Secrets', 'Harry Potter and the Prisoner of Azkaban', 'Harry Potter and the Goblet of Fire', 'Harry Potter and the Deathly Hallows', 'Harry Potter and the Half-Blood Prince', ""Harry Potter and the Philosopher's Stone""]",ToG,"1. Harry Potter and the Philosopher’s Stone (Sorcerer’s Stone in the US)  
2. Harry Potter and the Chamber of Secrets  
3. Harry Potter and the Prisoner of Azkaban  
4. Harry Potter and the Goblet of Fire  
5. Harry Potter and the Order of the Phoenix  
6. Harry Potter and the Half-Blood Prince  
7. Harry Potter and the Deathly Hallows",True
WebQTest-612,webqsp,test,who does jeremy shockey play for in 2012?,Jeremy Shockey did not play in the 2012 NFL season. He last played for the Carolina Panthers in 2011 and announced his retirement in March 2012.,['Carolina Panthers'],ToG,Jeremy Shockey did not play in the 2012 NFL season. He last played for the Carolina Panthers in 2011 and announced his retirement in March 2012.,True
WebQTest-1124,webqsp,test,who played samantha stephens in bewitched?,Elizabeth Montgomery played Samantha Stephens in *Bewitched*.,['Elizabeth Montgomery'],ToG,Elizabeth Montgomery played Samantha Stephens in *Bewitched*.,True
WebQTest-1487,webqsp,test,where does kate middleton live 2012?,"In 2012, Kate Middleton lived at Apartment 1A in Kensington Palace, London, following her 2011 marriage to Prince William.","['Bucklebury', 'Reading']",ToG,"In 2012, Kate Middleton lived at Apartment 1A in Kensington Palace, London, following her 2011 marriage to Prince William.",False
WebQTest-468,webqsp,test,where did venus williams come from?,"Venus Williams was born and raised in **Lynwood, California, USA**. She turned professional in **Florida**, where her family moved for her tennis training.",['Lynwood'],ToG,"Venus Williams was born and raised in **Lynwood, California, USA**. She turned professional in **Florida**, where her family moved for her tennis training.",True
WebQTest-518,webqsp,test,what type of money do they use in costa rica?,Costa Rica uses the **Costa Rican colón** (CRC). US dollars are also widely accepted in many tourist areas.,['Costa Rican colón'],ToG,Costa Rica uses the **Costa Rican colón** (CRC). US dollars are also widely accepted in many tourist areas.,True
WebQTest-79,webqsp,test,what country did buddha come from?,"Buddha, Siddhartha Gautama, was born in **Lumbini**, which is in present-day **Nepal**.",['Nepal'],ToG,"Buddha, Siddhartha Gautama, was born in **Lumbini**, which is in present-day **Nepal**.",True
WebQTest-1233,webqsp,test,what are the colors of the ny giants?,"The New York Giants' team colors are **blue, red, white, and gray**.","['Blue', 'Grey', 'Red', 'White']",ToG,"The New York Giants' team colors are **blue, red, white, and gray**.",True
WebQTest-1090,webqsp,test,where are boeing headquarters?,"Boeing's global headquarters are located in Arlington, Virginia, in the United States.",['Chicago'],ToG,"Boeing's global headquarters are located in Arlington, Virginia, in the United States.",False
WebQTest-1822,webqsp,test,who is in paul ryan's family?,"Paul Ryan is married to Janna Ryan, and they have three children: Liza, Charles, and Sam.","['Janna Ryan', 'Elizabeth Ryan', 'Charles Ryan', 'Samuel Ryan', 'Paul Murray Ryan', 'Elizabeth A. Ryan']",ToG,"Paul Ryan is married to Janna Ryan, and they have three children: Liza, Charles, and Sam.",True
WebQTest-1933,webqsp,test,what year did adam morrison get drafted?,Adam Morrison was drafted in 2006.,['2006 NBA draft'],ToG,Adam Morrison was drafted in 2006.,False
WebQTest-173,webqsp,test,what countries are part of the baltic?,"The three countries on the eastern coast of the Baltic Sea, known as the Baltic states, are:

*   Estonia
*   Latvia
*   Lithuania","['Estonia', 'Latvia', 'Lithuania']",ToG,"The three countries on the eastern coast of the Baltic Sea, known as the Baltic states, are:

*   Estonia
*   Latvia
*   Lithuania",True
WebQTest-1204,webqsp,test,where did the anasazi indians live?,"The Anasazi, now more commonly referred to as Ancestral Puebloans, lived in the Four Corners region of the southwestern United States. This area includes parts of modern-day Utah, Colorado, Arizona, and New Mexico.",['Four Corners'],ToG,"The Anasazi, now more commonly referred to as Ancestral Puebloans, lived in the Four Corners region of the southwestern United States. This area includes parts of modern-day Utah, Colorado, Arizona, and New Mexico.",True
WebQTest-227,webqsp,test,where were the seneca indians located?,"The Seneca Indians were originally located in what is now western New York State, between the Genesee River and Canandaigua Lake. They were the westernmost nation of the Iroquois (Haudenosaunee) Confederacy.","['New York', 'Ontario']",ToG,"The Seneca Indians were originally located in what is now western New York State, between the Genesee River and Canandaigua Lake. They were the westernmost nation of the Iroquois (Haudenosaunee) Confederacy.",True
WebQTest-170,webqsp,test,who played bilbo in lord of the rings?,Ian Holm played Bilbo Baggins in *The Lord of the Rings* film trilogy.,['Norman Bird'],ToG,Ian Holm played Bilbo Baggins in *The Lord of the Rings* film trilogy.,False
WebQTest-739,webqsp,test,what pieces of music did claude debussy compose?,"Claude Debussy's most famous works include:

**Orchestral:**  
• _Prélude à l'après-midi d'un faune_  
• _La Mer_  
• _Nocturnes_ (e.g., ""Nuages,"" ""Fêtes"")  
• _Images_ (e.g., ""Ibéria"")

**Piano:**  
• _Suite bergamasque_ (contains ""Clair de lune"")  
• _Préludes_ (Books 1 & 2, e.g., ""La fille aux cheveux de lin"")  
• _Estampes_ (e.g., ""Jardins sous la pluie"")  
• _Children's Corner_

**Chamber/Stage:**  
• String Quartet in G minor  
• Opera: _Pelléas et Mélisande_  
• Ballet: _Jeux_","['g.11b821q1dm', 'Lindaraja', 'g.1234bndn', 'g.1234nfvz', 'Le promenoir des deux amants', 'Le Martyre de Saint-Sébastien: I. La cour des lys: N°2', 'Le Martyre de Saint-Sébastien: II. La chambre magique: N°1', 'Études, L. 136: XI. Pour les arpèges composés', 'Pelléas et Mélisande: Act II, Scene II. \\""Je suis ... je suis malade ici\\"" (Mélisande, Golaud)', 'Chansons de Bilitis, L. 90: La Flûte de Pan «Pour le jour des Hyacinthies»', ""Chansons de Bilitis, L. 90: «La Chevelure «Il m'a dit «Cette nuit d'ai rêvé»»"", 'Dans le jardin, L. 78, CD 107, mélodie pour voix et piano \\""Je regardais dans le jardin\\""', 'Preludes, Book I: 6. Des pas sur la neige', 'Estampes II: La soir e dans Grenade', 'Chansons de Bilitis, L. 90: Le Tombeau des naïades: «Le long du bois couvert de givre»', 'Petite Suite, L. 65, CD 71b, pour orchestre : I. En bateau', 'Le promenoir des deux amants, L. 118, CD 129, mélodies pour voix et piano : I. \\""Auprès de cette grotte sombre\\""', 'My Reverie', 'Proses lyriques, L. 84, CD 90 : IV. De Soirs, mélodie \\""Dimanche sur les villes\\""', 'Trio in G Major for Violin, Cello and Piano: II. Scherzo - Intermezzo. Moderato con allegro', 'La Damoiselle élue, L. 62, CD 69, poème lyrique pour voix de femmes, solo, chœur et orchestre', 'Études, L. 136: V. Pour les octaves', 'Six épigraphes antiques, L. 131: III. Pour que la nuit soit propice', 'Preludes, Book II: 7. La Terrasse des audiences du clair de lune', 'En blanc et noir: II. Lent, sombre', 'Quatuor à cordes en sol mineur, op. 10, L. 85, CD 91 : IV. Très modéré', 'Suite bergamasque, L. 75, CD 82a, pour orchestre : III. Clair de lune', 'Les Chansons de Bilitis, L. 96: No. 3. Les Contes', 'Le Martyre de Saint-Sébastien: I. La cour des lys: N°1', 'Quatuor à cordes en sol mineur, op. 10, L. 85, CD 91 : II. Assez vif et bien rythmé', 'Le Martyre de Saint-Sébastien: III. Le concile des faux dieux: N°4', 'Deux arabesques, L. 66, CD 74, pour piano : No. 2 en sol majeur, Allegretto scherzando', 'Les Chansons de Bilitis, L. 96: No. 6. Bilitis', 'Pantomime, L. 31, CD 47, mélodie pour voix et piano \\""Pierrot, qui n’a rien d’un Clitandre\\""', 'Sonata for flute, viola and harp, L. 137: II. Interlude', 'Preludes, Book II: 3. La Puerta del Vino', 'Estampes, L. 100: III. Jardins sous la pluie. Net et vif', 'Pelléas et Mélisande: Act I, Scene II. \\""Grand-père, j\'ai reçu en même temps que la lettre de mon frère...\\"" (Pelléas, Arkel, Geneviève)', 'Three Preludes: Feuilles mortes', 'Pelléas et Mélisande: Act IV, Scene II. \\""Oh! Cette pierre est lourde ...\\"" (Yniold, Le Berger)', 'Pelléas et Mélisande: Act III, Scene II. \\""Prenez garde; par ici, par ici\\"" (Golaud, Pelléas)', 'Syrinx huilulle, L 129', 'Pelléas et Mélisande - Concert Suite: Acte V. Une chambre dans le château', 'Pelléas et Mélisande: Act III, Scene I. \\""Oh! Oh! Mes cheveux descendent de la tour!\\"" (Mélisande, Pelléas)', 'Suite bergamasque, L. 75, CD 82b, pour orchestre : III. Clair de lune', 'Preludes, Book II: 1. Brouillards', 'Pelléas et Mélisande: Act I, Scene II. \\""Voici ce qu\'il écrit à son frère Pelléas: \'Un soir, je l\'ai trouvée\'\\"" (Geneviève)', 'Trio in G Major for Violin, Cello and Piano: I. Andantino con moto allegro', 'Pelléas et Mélisande: Act IV, Scene I. \\""Apporte-la\\"" (Golaud, Arkel, Mélisande)', ""Children's Corner, L. 113: V. The Little Shepherd"", 'Les Chansons de Bilitis, L. 96: No. 8. Les Courtisanes égyptiennes', 'Pelléas et Mélisande: Act I, Scene III. \\""Hoé! Hisse hoé! Hoé! Hoé!\\"" (Chœr, Mélisande, Pelléas, Geneviève)', 'Petite Suite, L. 65, CD 71a, pour piano à 4 mains : IV. Ballet', 'Études, L. 136: II. Pour les tierces', 'Images pour orchestre, L 122: II. Iberia', 'Iberia No. 2 from \\""Images\\"" for Orchestra: II. The Perfumes of the Night', ""Three Preludes: Ce qu'a vu le vent de l'ouest"", '3 Preludes from Book II: V. Bruyerès. Calme', 'Pelléas et Mélisande: Act V. \\""Qu\'avez-vous fait? Vous allez la tuer\\"" (Arkel, Golaud, Mélisande)', ""Children's Corner, L. 113: III. Serenade for the Doll"", 'Proses lyriques, L. 84, CD 90 : I. De Rêve, mélodie \\""La nuit a des douceurs de femme\\""', 'Clair de lune Samba', 'Pelléas et Mélisande: Act II, Scene II. \\""Ah! Ah! Tout va bien, ce la ne sera rien\\"" (Golaud, Mélisande)', ""Children's Corner - I. Doctor Gradus ad Parnassum"", 'Cinq poèmes de Baudelaire, L. 64, CD 70: II. Harmonie du soir', 'Pierrot', 'Ariettes oubliées, L. 60, CD 63a : IV. Paysages belges. Chevaux de bois, mélodie pour voix et piano \\""Tournez, tournez, bons chevaux de bois\\""', 'Le Martyre de Saint-Sébastien: II. La chambre magique: N°2', ""Études, L. 136: I. Pour les « cinq doigts » d'après monsieur Czerny"", 'Pelléas et Mélisande: Act III, Scene IV. \\""Viens, nous allons nous asseoir ici, Yniold\\"" (Golaud, Yniold)', 'Cello sonata in D minor: I. Prologue', ""Trois Ballades de François Villon, L. 119: I. Ballade de Villon à s'Amye"", 'Fêtes galantes (Premier recueil), L. 80, CD 86 : III. Clair de lune, mélodie pour voix et piano \\""Votre âme est un paysage choisi\\""', 'Trois Ballades de François Villon, L. 119: II. Ballade que Villon feit à la requeste de sa mère pour prier Nostre-Dame', 'En blanc et noir: I. Avec emportement', 'Pelléas et Mélisande: Act II, Scene I. \\""Vous ne savez pas où je vous ai menée?\\"" (Pelléas, Mélisande)', 'Nuit d’étoiles, L. 4, CD 2, mélodie pour voix et piano \\""Nuit d’étoiles, sous tes voiles\\""', 'Pelléas et Mélisande: Act V. \\""Non, non, nous n\'avons pas été coupables\\"" (Mélisande, Golaud)', 'Nocturnes, L. 91, CD 98: III. Sirènes', 'Petite Suite: Menuet', 'La Romance d’Ariel, L. 54, CD 58, mélodie pour voix et piano \\""Au long de ces montagnes douces\\""', 'Proses lyriques, L. 84, CD 90 : III. De Fleurs, mélodie \\""Dans l’ennui si désolément vert\\""', 'Six épigraphes antiques, L. 131: VI. Pour remercier la pluie au matin', 'Preludes, Book II: 8. Ondine', 'Pelléas et Mélisande: Act I, Scene I. \\""Je ne pourrai plus sortir de cette forêt\\"" (Golaud, Mélisande)', 'Le Martyre de Saint-Sébastien: IV. Le laurier blessé: N°1', 'Sonata for flute, viola and harp, L. 137: III. Finale', 'Preludes, Book I: 1. Danseuses de Delphes', ""Children's Corner, L. 113: IV. The Snow is Dancing"", 'Pelléas et Mélisande: Act V. \\""Ouvrez la fenêtre, ouvrez la fenêtre ...\\"" (Mélisande, Arkel, Le médecin)', 'Regret, L. 55, CD 59, mélodie pour voix et piano \\""Devant le ciel d’été, tiède et calme\\""', 'Star Gazers Theme Song', 'Suite bergamasque, L. 75, CD 82 : III. Clair de lune, pour violon et piano', 'Études, L. 136: VII. Pour les degrés chromatiques', 'Les cloches', 'Pour le piano: Sarabande', ""L’Enfant prodigue : 2b. Pourquoi m'as-tu quittée (Lia)"", 'Pelléas et Mélisande - Concert Suite: Acte III, scène 2. Les souterrains du château / Acte IV, scène 2. Un appartement dans le château', 'Pelléas et Mélisande: Act IV, Scene I. \\""Où vas-tu? Il faut que je te parle ce soir\\"" (Pelléas, Mélisande)', 'Romance (Deux Romances, No. 2, 1891)', 'Ariettes oubliées, L. 60, CD 63a : V. Aquarelles, 1. Green, mélodie pour voix et piano \\""Voici des fruits, des fleurs, des feuilles\\""', 'Ariettes oubliées, L. 60, CD 63a : III. Le rossignol qui, du haut d’une branche, mélodie pour voix et piano \\""L’ombre des arbres dans la rivière embrumée\\""', 'Pelléas et Mélisande: Act I, Scene III. \\""Il fait sombre dans les jardins\\"" (Mélisande, Geneviève, Pelléas)', 'Préludes, Livre II, L. 123: IX. Hommage à S. Pickwick Esq. P.P.M.P.C.. Grave', 'Trois Chansons de France, L. 102, CD 115: I. Rondel: Le temps a laissé son manteau', 'Iberia No. 2 from \\""Images\\"" for Orchestra: I. Through the Streets and Roads', ""Three Preludes: Feux d'artifice"", 'Les Chansons de Bilitis, L. 96: No. 1. Chant pastoral', 'Les Chansons de Bilitis, L. 96: No. 7. Le Tombeau sans nom', 'En blanc et noir, L. 134, CD 142', 'Sonata for flute, viola and harp, L. 137: I. Pastorale', 'Études, L. 136: VIII. Pour les agréments', 'Prelude (From Suite Bergamasque)', 'Le Martyre de Saint-Sébastien, fragments symphoniques: I. La Cour de lys', 'Le Martyre de Saint-Sébastien: V. Le paradis: N°1', 'Suite bergamasque, L. 75, CD 82, pour orchestre : III. Clair de lune', 'III. Le Vent dans la plaine', 'Le Martyre de Saint-Sébastien, fragments symphoniques: IV. Le Bon Pasteur', 'Trois Mélodies, L. 81, CD 85, pour une voix avec accompagnement de piano : I. La mer est plus belle que les cathédrales.', 'Sonate pour violoncelle et piano: III. Finale', 'Pelléas et Mélisande: Act I, Scene I. \\""Qu\'est-ce qui brille ainsi, au fond de l\'eau?\\"" (Golaud, Mélisande)', 'Études, L. 136: IX. Pour les notes répétées', 'Nocturnes, L 91: II. Fêtes', 'Petite Suite, L. 65, CD 71, pour violon et piano : III. Menuet', 'Trois Chansons de France, L. 102: II. La Grotte: Auprès de cette grotte sombre', 'Le promenoir des deux amants, L. 118, CD 129, mélodies pour voix et piano', 'Pelléas et Mélisande: Act V. \\""Ce n\'est pas de cette petite blessure qu\'elle peut mourir ...\\"" (Le médecin, Arkel, Golaud)', 'Petite Suite, L. 65, CD 71b, pour orchestre : IV. Ballet', 'Préludes, Livre II, L. 123: XI. Les tierces alternées. Modérément animé', 'Pour le piano, L. 95: I. Prélude. À Mademoiselle M.W. de Romilly. Assez animé et très rythmé - Tempo di cadenza - Tempo I', 'Nocturnes, L 91: III. Sirènes', 'Cinq poèmes de Baudelaire, L. 64, CD 70: V. La Mort des amants', 'Sonate pour violon et piano en sol mineur, L. 140', 'Le Martyre de Saint-Sébastien: III. Le concile des faux dieux: N°5', 'Cinq poèmes de Baudelaire, L. 64, CD 70: IV. Recueillement', 'Fêtes galantes II, L. 104: I. Les Ingénus', 'Études, L. 136: XII. Pour les accords', 'Fêtes galantes II, L. 104: III. Colloque sentimental', 'Preludes, Book I: 2. Voiles', 'Pelléas et Mélisande: Act III, Scene I. \\""Je les noue, je les noue aux branches du saule\\"" (Pelléas, Mélisande, Golaud)', 'Petite Suite, L. 65, CD 71a, pour piano à 4 mains : II. Cortège', 'Études, L. 136: IV. Pour les sixtes', 'Sonate pour violoncelle et piano: II. Sérénade', 'Le Martyre de Saint-Sébastien: II. La chambre magique: N°3', 'Le Martyre de Saint-Sébastien: IV. Le laurier blessé: N°2', 'Streichquartett in g-Moll, Op. 10: Andantino, doucement expressif (Endress-Quartett)', 'Préludes, Livre 1, L. 117 No. 9: La sérénade interrompue', 'Le Martyre de Saint-Sébastien, fragments symphoniques: II. Danse extatique et final du premier acte', 'Engulfed Cathedral (Debussy)', 'Sonata for Violin and Piano in G Minor, L 140: II. Intermède: fantasque et léger', 'Preludes, Book II: 2. Feuilles mortes', 'Musique pour “Le Roi Lear”, L. 107: Fanfare d’ouverture', 'Prelude No. 8: The Girl with the Flaxen Hair', 'Les Chansons de Bilitis, L. 96: No. 2. Les Comparaisons', 'En blanc et noir: III. Scherzando', 'Preludes, Book II: 6. General Lavine - Eccentric', ""Première Rapsodie pour clarinette en si bémol, avec accompagnement d'orchestre, L. 116, CD 124b"", 'Rondel chinois, L. 17, CD 11, mélodie pour voix et piano \\""Sur le lac bordé d’azalée\\""', 'Suite Bergamasque: Passepied: Allegretto ma non troppo', 'Pelléas et Mélisande: Act III, Scene I. \\""Mes longs cheveux descendent\\""', ""Les Chansons de Bilitis, L. 96: No. 9. L'Eau pure du bassin"", 'Pelléas et Mélisande: Act II, Scene II. \\""Tiens, où est l\'anneau que je t\'avais donné?\\"" (Golaud, Mélisande)', 'Pelléas et Mélisande: Act V. \\""Attention... attention\\"" (Arkel, Le médecin)', 'Le Martyre de Saint-Sébastien: III. Le concile des faux dieux: N°7', 'Petite Suite, L. 65, CD 71a, pour piano à 4 mains : I. En bateau', 'Le Martyre de Saint-Sébastien: III. Le concile des faux dieux: N°3', 'Le Martyre de Saint-Sébastien: III. Le concile des faux dieux: N°6', 'Pelléas et Mélisande: Act IV, Scene I. \\""Maintenant que le père de Pelléas est sauvé ...\\"" (Arkel, Mélisande)', 'Suite: Pour le Piano, L.95: III. Toccata (vif)', 'Pelléas et Mélisande: Act III, Scene III. \\""Ah! Je respire enfin!\\"" (Pelléas, Golaud)', 'Ariettes oubliées, L. 60, CD 63a : I. Le vent dans la plaine suspend son haleine, mélodie pour voix et piano \\""C\'est l\'extase langoureuse\\""', 'Le promenoir des deux amants, L. 118, CD 129, mélodies pour voix et piano : II. \\""Crois mon conseil, chère Climène\\""', ""Preludes, Book I: 7. Ce qu'a vu le vent d'ouest"", 'La Mer: II. Jeux de vagues', 'Iberia No. 2 from \\""Images\\"" for Orchestra: III. The Morning of a Holiday', 'Carry', 'Nocturnes, L. 91, CD 98: I. Nuages', 'Petite Suite, L. 65, CD 71b, pour orchestre : II. Cortège', 'Préludes, Livre I, L. 117: VIII. La fille aux cheveux de lin. Très calme et doucement expressif', 'Dialogue of the Wind and the Sea', 'Spleen', 'En sourdine', 'Les Chansons de Bilitis, L. 96: No. 11. Le Souvenir de Mnasidika', 'From Dawn Till Noon on the Sea', 'Pagodes from Estampes', 'La Belle au bois dormant, L. 74, CD 81, mélodie \\""Des trous à son pourpoint vermeil\\""', 'Les Chansons de Bilitis, L. 96: No. 10. La Danseuse aux crotales', ""Preludes, Book II: 12. Feux d'artifice"", 'Fêtes galantes (Premier recueil), L. 80, CD 86 : II. Fantoches, mélodie pour voix et piano \\""Scaramouche et Pulcinella\\""', 'Les Chansons de Bilitis, L. 96: No. 4. Chanson', 'Le promenoir des deux amants, L. 118, CD 129, mélodies pour voix et piano : III. \\""Je tremble en voyant ton visage\\""', 'Nocturnes, L. 91, CD 98: II. Fêtes', 'Le Martyre de Saint-Sébastien: III. Le concile des faux dieux: N°1', 'Préludes', 'Études, L. 136: III. Pour les quartes', 'Pelléas et Mélisande - Concert Suite: Acte I. Une forêt', 'Coquetterie posthume, L. 39, CD 50, mélodie pour voix et piano \\""Quand je mourrai, que l’on me mette\\""', 'Ariettes oubliées, L. 60, CD 63a : VI. Aquarelles, 2. Spleen, mélodie pour voix et piano \\""Les roses étaient toutes rouges\\""', 'Images pour orchestre, L 122: III. Rondes de printemps', 'Apparition, L. 53, CD 57, mélodie pour voix et piano \\""La lune s’attristait. Des séraphins en pleurs\\""', 'Arabesque 1', 'Ariettes oubliées, L. 60, CD 63a : II. Il pleut doucement sur la ville, mélodie pour voix et piano \\""Il pleure dans mon cœur comme il pleure sur la ville\\""', 'Petite Suite, L. 65, CD 71b, pour orchestre : III. Menuet', ""Children's Corner, L. 113: II. Jimbo's Lullaby"", 'Petite Suite, L. 65, CD 71a, pour piano à 4 mains', 'Nocturnes, L 91: I. Nuages', 'Cinq poèmes de Baudelaire, L. 64, CD 70: I. Le Balcon', ""Préludes, Livre II, L. 123: IV. «Les fées sont d'exquises danseuses». Rapide et léger"", 'Pelléas et Mélisande: Act V. \\""Qu\'y-a-t-il? Qu\'est-ce que toutes ces femmes viennent faire ici?\\"" (Golaud, Le médecin, Arkel)', 'Pelléas et Mélisande: Act III, Scene IV. \\""Ah! Ah! Petite mère a allumé sa lampe\\"" (Yniold, Golaud)', 'Le Martyre de Saint-Sébastien, fragments symphoniques: III. La Passion', 'N° 5: The Film: Clair de Lune', 'Le Martyre de Saint-Sébastien, L. 124: Prologue', 'Preludes, Book II: 10. Canope', 'Pelléas et Mélisande: Act III, Scene I. Une des tours du château', 'Le Martyre de Saint-Sébastien: III. Le concile des faux dieux: N°2', 'Pelléas et Mélisande: Act IV, Scene II. \\""Quel est ce bruit? On ferme les portes\\"" (Pelléas, Mélisande)', 'Proses lyriques, L. 84, CD 90 : II. De Grève, mélodie \\""Sur la mer les crépuscules tombent\\""', 'Sonata for Violin and Piano in G Minor, L 140: I. Allegro vivo', 'Pelléas et Mélisande, L. 88, CD 93: Acte IV', 'Trois Chansons de France, L. 102: III. Rondel: Pour ce que Plaisance est morte', 'Pelléas et Mélisande: Act IV, Scene II. \\""On dirait que ta voix a passé sur la mer au printemps!\\"" (Choeur, Mélisande, Pelléas, Geneviève)', ""Children's Corner, L. 113: VI. Golliwogg's Cake-Walk"", 'Le Martyre de Saint-Sébastien: V. Le paradis: N°2', 'Études, L. 136: X. Pour les sonorités opposées', 'Études, L. 136: VI. Pour les huits doigts', 'Pelléas et Mélisande: Act II, Scene I. \\""C\'est au bord d\'une fontaine aussi qu\'il vous a trouvée?\\"" (Pelléas, Mélisande)', 'Fêtes galantes II, L. 104: II. Le Faune', 'Pelléas et Mélisande: Act IV, Scene II. \\""C\'est le dernier soir ...\\"" (Pelléas, Mélisande)', 'Première Suite d’orchestre, L. 50, CD 46 : II. Ballet', 'Rêverie, L. 8, CD 3, mélodie pour voix et piano \\""Le Zéphir à la douce haleine\\""', 'Romance, L. 43, CD 53, mélodie pour voix et piano \\""Silence ineffable de l’heure\\""', 'Le Martyre de Saint-Sébastien, L. 124: Acte III \\""Le Concile des faux dieux\\""', 'Première Suite d’orchestre, L. 50, CD 46 : III. Rêve', 'La Fille aux cheveux de lin, L. 33, CD 15, mélodie pour voix et piano \\""Sur la luzerne en fleur\\""', 'Première Suite d’orchestre, L. 50, CD 46 : I. Fête', 'Première Suite d’orchestre, L. 50, CD 46 : IV. Bacchanale (Cortège et Bacchanale)', 'Trois chansons de Charles d\'Orléans, pour chœur à quatre voix mixtes, L. 92, CD 99: III. \\""Yver, vous n\'estes qu\'un vilain \\""', 'Bilitis: II. Pour un tombeau sans nom', 'Trois poèmes de Stéphane Mallarmé, L. 127, CD 135: III. Éventail \\""Ô rêveuse pour que je plonge\\""', 'Bilitis: IV. Pour la danseuse aux crotales', 'Trois poèmes de Stéphane Mallarmé, L. 127, CD 135: I. Soupir \\""Mon âme vers ton front où rêve, ô calme sœur\\""', 'Bilitis: VI. Pour remercier la pluie au matin', 'Trois poèmes de Stéphane Mallarmé, L. 127, CD 135: II. Placet futile \\""Princesse! À jalouser le destin d\'une Hébé\\""', 'Bilitis: III. Pour que la nuit soit propice', 'Khamma', 'Clair de lune, L. 32, CD 45, mélodie pour voix et piano \\""Votre âme est un paysage choisi\\""', 'My Reverie (Debussy\'s \\""Reverie\\"")', ""Bilitis: V. Pour l'égyptienne"", 'Trois chansons de Charles d\'Orléans, pour chœur à quatre voix mixtes, L. 92, CD 99: II. \\""Quand j\'ay ouy le tabourin\\""', 'Rapsodie pour orchestre et saxophone', ""Bilitis: I. Pour invoquer Pan, dieu du vent d'été"", 'Petite Pièce', 'UTSUKUSHII YUUGURE', 'Romance, L. 52, CD 56, mélodie pour voix et piano \\""Voici que le printemps, ce fil léger d’avril\\""', 'Paysage sentimental, L 45, CD 55, mélodie pour voix et piano \\""Le ciel d’hiver si doux, si triste, si dormant\\""', 'Chanson espagnole, L. 42, CD 49, duo pour 2 voix égales \\""Nous venions de voir le taureau\\""', 'Triolet à Philis \\""Zéphir\\"", L. 12, CD 19, mélodie pour voix et piano \\""Si j’étais le zéphir ailé\\""', 'Musique, L. 44, CD 54, mélodie pour voix et piano \\""La lune se levait, pure, mais plus glacée\\""', 'Printemps, L. 61, CD 68a, suite symphonique en mi majeur pour 2 pianos et chœur', 'Pelléas et Mélisande', 'Cello Sonata', 'String Quartet', ""Children's Corner"", 'Pagodes', 'Jardins sous la pluie', 'Voiles', ""Ce qu'a vu le vent d'ouest"", 'Des pas sur la neige', 'Hommage à S. Pickwick Esq. P.P.M.P.C.', 'Violin Sonata', 'Brouillards', ""L'isle joyeuse"", 'Le Martyre de saint Sébastien', 'Suite bergamasque', 'Études', 'Syrinx', 'La chute de la maison Usher', 'Le diable dans le beffroi', 'La plus que lente', 'Rodrigue et Chimène', 'Première rhapsodie', 'La mer', 'Pour le piano', 'Prelude to the Afternoon of a Faun', 'Nocturnes', 'Deux arabesques', ""Children's Corner, L. 113 No. 5: The Little Shepherd"", ""Children's Corner, L. 113 No. 6: Golliwog's Cake-walk"", 'Ballade (slave), L. 70, CD 78, pour piano', ""L'enfant prodigue"", 'Jeux', 'Beau soir', 'Images pour orchestre', ""Reflets dans l'eau"", 'Estampes', 'Valse romantique', 'Les Angélus', 'Proses Lyriques', 'Trois Chansons de France', 'Apparition', 'Chanson triste', 'Calme dans le demi-jour', ""L'échelonnement des haies"", 'La mer est plus belle', ""Le son du cor s'afflige"", 'Chanson espagnole', 'Coquetterie posthume', 'Fête galante', 'Il dort encore', 'Le lilas', 'Fleur des Blés', 'La damoiselle élue', 'Dans le Jardin', 'La Belle au Bois dormant', 'Ariettes Oubliées', 'Fêtes Galantes I', 'Fêtes Galantes II', 'Trois Ballades de François Villon', ""Trois Chansons de Charles d'Orléans"", 'Cinq Poèmes de Baudelaire', ""La Romance d'Ariel"", 'Chansons de Bilitis', 'De rêve', 'De grève', 'De fleurs', 'De soir', 'La grotte', 'Pour ce que Plaisance est morte', 'Le temps a laissé son manteau', 'Trois Poèmes de Stéphane Mallarmé', 'Chevaux de bois', 'Green', ""C'est l'extase"", ""L'ombre des arbres"", 'Clair de lune', 'Fantoches', 'Colloque sentimental', 'Le faune', 'Les ingénus', 'Auprès de cette grotte sombre', 'Crois mon conseil, chère Climène', 'Je tremble en voyant ton visage', 'Ballade que Villon feit à la requeste de sa mère pour prier Nostre-Dame', ""Ballade de Villon a s'amye"", 'Ballade des femmes de Paris', ""Dieu! qu'il la fait bon regarder!"", ""Yver, vous n'estes qu'un vilain"", ""Quant j'ai ouy le tabourin"", 'Le balcon', 'La mort des amants', 'Harmonie du soir', ""Le jet d'eau"", 'Recueillement', ""L'eau pure du bassin"", 'La Flûte de Pan', 'Bilitis', 'Le Tombeau des Naïades', 'La chevelure', 'La pluie au matin', 'Les Comparaisons', 'Les contes', 'La Danseuse aux crotales', 'Chant pastoral', 'Les Courtisanes égyptiennes', 'Chanson', ""La Partie d'osselets"", 'Le Souvenir de Mnasidika', 'Le Tombeau sans nom', 'Éventail', 'Placet futile', 'Soupir', 'Il pleure dans mon cœur', ""Noël des enfants qui n'ont plus de maisons"", 'Rondel chinois', 'Nuits blanches', 'Les papillons', ""Nuit d'Étoiles"", 'Rêverie', 'Les roses', 'Souhait', 'Mandoline', 'Sérénade', 'Pantomime', ""Rondeau: 'Fut-il jamais'"", 'Tragédie', ""Lia's Recitative and Aria"", ""Siméon's Recitative and Aria"", 'Nuit sans fin', ""Lorsqu'elle est entrée"", 'Paysage sentimental', 'Musique', 'Regret', 'Deux Romances', 'Voici que le printemps', 'Romance', 'Sonata for flute, viola and harp', 'Petite Suite', 'En blanc et noir', 'Fantaisie for piano and orchestra', 'Piano Trio', 'Khamma: Scène 3', 'Six épigraphes antiques, L. 131', 'Cortège et Air de danse de \\""L’Enfant prodigue\\""', 'Khamma: Scène 1. Le Temple intérieur du Grand-Dieu Amun-Ra –', 'Mazurka, L. 67, CD 75, pour piano', 'Les Elfes, CD 25, mélodie pour voix et piano \\""Du sentier des bois aux daims familiers\\""', 'Trois Mélodies, L. 81, CD 85, pour une voix avec accompagnement de piano : II. Le son du cor s’afflige vers les bois.', 'Deux danses pour Harpe, L. 103', 'Two movements from \\""L’Enfant prodigue\\"": Prélude', ""Six épigraphes antiques, L. 131: V. Pour l'Égyptienne"", 'Ministrels for Cello and Piano', 'Étude retrouvée', 'Printemps, L. 61, CD 68b : II. Modéré', 'Six épigraphes antiques, L. 131: II. Pour un tombeau sans nom', 'Images, Livre 2, L. 111: No. 2. Et la lune descend sur le temple qui fut', 'La Boîte à joujoux : III. 2e tableau. Le Champ de bataille', 'Khamma: Au Mouvement –', ""Pièce pour le Vêtement du blessé (Page d'album), L. 133"", ""Images oubliées, L. 87: Quelques aspects de 'Nous n'irons plus au bois' parce qu'il fait un temps insupportable. Très vite - Modéré - Premier Mouvement (vit et joyeax)"", 'Images I: II. Hommages Rameau', 'Rhapsodie pour saxophone et orchestre, L. 98', 'Khamma, L 125', ""Marche écossaise sur un thème populaire, L. 77, CD 83b (Marche des anciens comtes de Ross, dédiée à leur descendant le Général Meredith Reid, grand-croix de l'ordre royal du Rédempteur)"", 'Le Matelot qui tombe à l’eau', 'Élégie, L. 138', 'Images, Livre 1, L. 110: No. 3. Mouvement', 'Rapsodie pour saxophone et piano, L. 98', 'The Tears of Billie Blue', 'Danse profane', ""D'un cahier d'esquisses, L. 99"", ""Images, Livre 2, L. 111: No. 3. Poissons d'or"", 'Khamma: Scène 2 –', 'Khamma: Deuxième Danse. Assez animé – Plus animé peu à peu – Très animé –', 'L’Enfant prodigue, L. 57, CD 61, scène lyrique \\""L’année, en vain chasse l’année\\""', 'Noël des enfants qui n\'ont plus de maison, L. 139, CD 147, mélodie pour voix et piano \\""Nous n’avons plus de maison\\""', 'Tarantelle styrienne, L. 69, CD 77a, (Danse) pour piano', 'Printemps, L. 61, CD 68b : I. Très modéré', 'Deux danses pour Harpe, L. 103: Danse sacrée', 'Masques, L. 105', 'Cortège et Air de danse de \\""L’Enfant prodigue\\"": Cortège', 'Petite Suite, L. 65: I. En bateau', 'Khamma: Première Danse. Grave et lent – Animez – Revenez au Mouvement – Plus lent – Animez peu à peu –', 'La Boîte à joujoux : IV. 3e tableau. La Bergerie à vendre', 'Nocturne, L. 82, CD 89, pour piano', 'Cortège et Air de danse de \\""L’Enfant prodigue\\"": Air de danse', 'Printemps, L. 61, CD 68b, suite symphonique en mi majeur pour 2 pianos et orchestre', ""Marche écossaise sur un thème populaire, L. 77, CD 83a (Marche des anciens comtes de Ross, dédiée à leur descendant le Général Meredith Reid, grand-croix de l'ordre royal du Rédempteur)"", ""Les soirs illuminés par l'ardeur du charbon"", 'Fantaisie pour piano et orchestre, L. 73, CD 72 : II. Lento e molto espressivo', 'Fantaisie pour piano et orchestre, L. 73, CD 72', 'Berceuse héroïque pour piano, L. 132', 'Fantaisie pour piano et orchestre, L. 73, CD 72 : III. Allegro molto', 'Fantaisie pour piano et orchestre, L. 73, CD 72 : I. Andante - Allegro', 'La Boîte à joujoux : II. 1er tableau. Le Magasin de jouets', 'Images oubliées, L. 87: Lent (mélancolique et doux)', 'Mes longs cheveux', 'Khamma: Prélude. Modérément animé (comme un lointain tumulte) –', 'Images II: I. Cloches trevers les feuilles', 'Hommage à Joseph Haydn, L. 115', 'Flots, palmes, sables, L. 25, CD 38, mélodie pour voix et piano (ou harpe) \\""Loin des yeux du monde\\""', 'Danse bohémienne, L. 9, CD 4, pour piano', 'La Boîte à joujoux : VI. Épilogue', 'Khamma: Troisième Danse. Très lent – Plus pénétrant – Doucement contenu –', 'La Boîte à Joujoux : I. Prélude. Le Sommeil de la boîte', ""Images oubliées, L. 87: Dans le mouvement d'une 'Sarabande', c'est-à-dire avec une élégance grâve et lente, même un peu vieux portrait, souvenir du Louvre, etc."", 'Le petit Nègre, L. 114', 'La Boîte à joujoux : V. 4e tableau. Après fortune faite', 'Morceau de concours, L. 108', 'Trois Mélodies, L. 81, CD 85, pour une voix avec accompagnement de piano : III. L’échelonnement des haies moutonne à l’infini', '夏の風の神（「６つの古代墓碑名」より）', 'L’Archet', 'Fleurs des blés, L. 7, CD 16, mélodie pour voix et piano \\""Le long des blés que la brise fait onduler\\""', 'Berceuse héroïque pour orchestre, L. 132', 'Danse: Tarantelle styrienne', 'Aimons-nous et dormons, L. 16, CD 7, mélodie pour voix et piano \\""Aimons-nous et dormons, sans songer au reste du monde\\""', 'Duo', 'Le Martyre de Saint-Sébastien: IV. Le laurier blessé: N°3', 'Première Rapsodie pour clarinette en si bémol, avec accompagnement de piano, L. 116, CD 124a', 'Trio in G Major for Violin, Cello and Piano: IV. Finale. Appassionato', 'Pelléas et Mélisande: Act V. \\""Mélisande...Mélisande ...\\"" - \\""Est-ce vous, Golaud?\\"" (Golaud, Mélisande)', ""Prélude à l'après-midi d'un faune, L. 86, CD 87"", 'Le Martyre de Saint-Sébastien, L. 124: Acte III \\""Le Concile des faux dieux\\"". Fanfare no. 1', 'Les Chansons de Bilitis, L. 96: No. 12. La Pluie au matin', ""Les Chansons de Bilitis, L. 96: No. 5. La Partie d'osselets"", 'Suite Bergamasque - Menuet', 'Mandoline, L. 29, CD 43, mélodie pour voix et piano \\""Les donneurs de sérénades\\""', 'Sonate für Violine und Klavier in g-Moll: Finale: Très animé', 'Quatuor à cordes en sol mineur, op. 10, L. 85, CD 91 : I. Animé et très décidé', 'Pelléas et Mélisande: Act II, Scene III. \\""Oui, c\'est ici, nous y sommes\\"" (Pelléas, Mélisande)', 'Six épigraphes antiques, L. 131: IV. Pour la danseuse aux crotales', 'Preludes, Book I: 11. La Danse de Puck', 'Le Martyre de Saint-Sébastien, L. 124: Acte III \\""Le Concile des faux dieux\\"". Fanfare no. 2', 'Minstrels', 'Pelléas et Mélisande: Act I, Scene II. \\""Je n\'en dis rien\\"" (Arkel, Geneviève)', 'Estampes - I. Pagodes', 'Menuet', 'Musique pour “Le Roi Lear”, L. 107: Le Sommeil de Lear', 'Pour le piano: II. Sarabande', 'Trio in G Major for Violin, Cello and Piano: III. Andante espressivo', 'Pelléas et Mélisande - Concert Suite: Acte II, scène 1. Une fontaine dans le parc', 'Petite Suite, L. 65, CD 71a, pour piano à 4 mains : III. Menuet', 'Trois Ballades de François Villon, L. 119: III. Ballade des femmes de Paris', 'Images pour orchestre, L 122: I. Gigues', 'Fête galante, L. 23, CD 31, mélodie pour voix et piano \\""Voilà Sylandre et Lycas et Myrtil\\""', 'Pelléas et Mélisande: Act IV, Scene I. \\""Pelléas part ce soir\\"" (Golaud, Arkel, Mélisande)']",ToG,"Claude Debussy's most famous works include:

**Orchestral:**  
• _Prélude à l'après-midi d'un faune_  
• _La Mer_  
• _Nocturnes_ (e.g., ""Nuages,"" ""Fêtes"")  
• _Images_ (e.g., ""Ibéria"")

**Piano:**  
• _Suite bergamasque_ (contains ""Clair de lune"")  
• _Préludes_ (Books 1 & 2, e.g., ""La fille aux cheveux de lin"")  
• _Estampes_ (e.g., ""Jardins sous la pluie"")  
• _Children's Corner_

**Chamber/Stage:**  
• String Quartet in G minor  
• Opera: _Pelléas et Mélisande_  
• Ballet: _Jeux_",True
WebQTest-1766,webqsp,test,what language do russians speak?,Russian.,"['Osetin Language', 'Chechen Language', 'Tatar Language', 'Azerbaijani language', 'Abaza Language', 'Mari language', 'Bashkir Language', 'Avar Language', 'Aghul language', 'Tsakhur Language', 'Tuvin Language', 'Moksha Language', 'Erzya Language', 'Kalmyk-Oirat Language', 'Kabardian Language', 'Adyghe Language', 'Rutul language', 'Lezgi Language', 'Ingush Language', 'Altai language', 'Crimean Turkish Language', 'Nogai Language', 'Dargwa Language', 'Komi language', 'Udmurt Language', 'Kumyk Language', 'Karachay-Balkar Language', 'Buryat language', 'Yakut Language', 'Russian Language', 'Tabassaran Language', 'Yiddish Language', 'Lak Language', 'Khakas Language', 'Ukrainian Language']",ToG,Russian.,False
WebQTest-1726,webqsp,test,where is south portland?,"South Portland is a city in **Maine, USA**, located directly across the Fore River from Portland. It's part of the Greater Portland metropolitan area.","['Cumberland County', 'Maine', 'United States of America']",ToG,"South Portland is a city in **Maine, USA**, located directly across the Fore River from Portland. It's part of the Greater Portland metropolitan area.",True
WebQTest-1506,webqsp,test,where is the home stadium of the new england patriots?,"The home stadium of the New England Patriots is Gillette Stadium in Foxborough, Massachusetts.",['Gillette Stadium'],ToG,"The home stadium of the New England Patriots is Gillette Stadium in Foxborough, Massachusetts.",True
WebQTest-78,webqsp,test,what type of cancer did eva peron have?,Eva Perón was diagnosed with cervical cancer.,['Cervical cancer'],ToG,Eva Perón was diagnosed with cervical cancer.,True
WebQTest-613,webqsp,test,what college did deion sanders jr go to?,Deion Sanders Jr. attended Southern Methodist University (SMU).,['Florida State University'],ToG,Deion Sanders Jr. attended Southern Methodist University (SMU).,False
WebQTest-98,webqsp,test,who was vice president when jfk was president?,Lyndon B. Johnson was Vice President during John F. Kennedy's presidency.,['Lyndon B. Johnson'],ToG,Lyndon B. Johnson was Vice President during John F. Kennedy's presidency.,True
WebQTest-1772,webqsp,test,who is the prime minister of spain 2011?,"The Prime Minister of Spain in 2011 was **José Luis Rodríguez Zapatero** (until December 21), followed by **Mariano Rajoy** (from December 21).","['José Luis Rodríguez Zapatero', 'Mariano Rajoy']",ToG,"The Prime Minister of Spain in 2011 was **José Luis Rodríguez Zapatero** (until December 21), followed by **Mariano Rajoy** (from December 21).",True
WebQTest-493,webqsp,test,what type of government does australia have?,"Australia is a **federal parliamentary constitutional monarchy**. This means:

*   **Federal:** Power is divided between a central government and six states.
*   **Parliamentary:** The government is formed by the party with majority support in the lower house of Parliament.
*   **Constitutional monarchy:** The head of state is King Charles III, represented in Australia by the Governor-General, but real political power rests with elected representatives.","['Parliamentary system', 'Constitutional monarchy', 'Federal monarchy']",ToG,"Australia is a **federal parliamentary constitutional monarchy**. This means:

*   **Federal:** Power is divided between a central government and six states.
*   **Parliamentary:** The government is formed by the party with majority support in the lower house of Parliament.
*   **Constitutional monarchy:** The head of state is King Charles III, represented in Australia by the Governor-General, but real political power rests with elected representatives.",True
WebQTest-1564,webqsp,test,what did bobby darin die of?,"Bobby Darin died from heart failure in 1973, following complications from multiple heart surgeries he had undergone since childhood due to rheumatic fever.",['Surgical complications'],ToG,"Bobby Darin died from heart failure in 1973, following complications from multiple heart surgeries he had undergone since childhood due to rheumatic fever.",False
WebQTest-836,webqsp,test,who did vladimir lenin marry?,"Vladimir Lenin married **Nadezhda Krupskaya** in 1898, while they were both in Siberian exile.",['Nadezhda Krupskaya'],ToG,"Vladimir Lenin married **Nadezhda Krupskaya** in 1898, while they were both in Siberian exile.",True
WebQTest-430,webqsp,test,what instruments does justin bieber use?,"Justin Bieber primarily uses his voice as his main instrument. He also plays guitar, piano, drums, and trumpet.",['Vocals'],ToG,"Justin Bieber primarily uses his voice as his main instrument. He also plays guitar, piano, drums, and trumpet.",False
WebQTest-1033,webqsp,test,who played dana scully in x files?,Gillian Anderson played Dana Scully in *The X-Files*.,['Gillian Anderson'],ToG,Gillian Anderson played Dana Scully in *The X-Files*.,True
WebQTest-315,webqsp,test,where was country singer george jones born?,"George Jones was born in Saratoga, Texas.",['Saratoga'],ToG,"George Jones was born in Saratoga, Texas.",True
WebQTest-1733,webqsp,test,who or what influenced frank lloyd wright?,"Frank Lloyd Wright was influenced by:

*   **Louis Sullivan:** His early mentor, who championed the principle ""form follows function.""
*   **Japanese art and architecture:** Especially woodblock prints, which inspired his emphasis on simplicity, harmony with nature, and interlocking spatial forms.
*   **Froebel Gifts:** Childhood educational blocks that shaped his geometric design thinking.
*   **Nature:** A core inspiration, leading to organic architecture that aimed to integrate buildings with their surroundings.","['Ebenezer Howard', 'Georges I. Gurdjieff and Thomas De Hartmann', 'Bruce Price', 'William Morris', 'Henry David Thoreau', 'Elizabeth Gordon', 'Louis Sullivan']",ToG,"Frank Lloyd Wright was influenced by:

*   **Louis Sullivan:** His early mentor, who championed the principle ""form follows function.""
*   **Japanese art and architecture:** Especially woodblock prints, which inspired his emphasis on simplicity, harmony with nature, and interlocking spatial forms.
*   **Froebel Gifts:** Childhood educational blocks that shaped his geometric design thinking.
*   **Nature:** A core inspiration, leading to organic architecture that aimed to integrate buildings with their surroundings.",True
WebQTest-253,webqsp,test,what countries included in the uk?,"The United Kingdom (UK) is a sovereign country made up of four constituent countries:

1. **England**
2. **Scotland**
3. **Wales**
4. **Northern Ireland**","['England', 'Northern Ireland', 'Scotland', 'Wales']",ToG,"The United Kingdom (UK) is a sovereign country made up of four constituent countries:

1. **England**
2. **Scotland**
3. **Wales**
4. **Northern Ireland**",True
WebQTest-102,webqsp,test,who played barbara gordon batgirl?,"Barbara Gordon/Batgirl has been played by several actresses across different media:

*   **Live-Action Film:** **Alicia Silverstone** played Barbara Wilson (a version of Batgirl) in *Batman & Robin* (1997).
*   **Live-Action TV:** **Yvonne Craig** originated the role in the 1960s *Batman* TV series.
*   **Animated Voice:** Most famously, **Tara Strong** has voiced the character in many projects, including *Batman: The Killing Joke*.","['Ilyssa Fradin', 'Melinda McGraw', 'Hannah Gunn']",ToG,"Barbara Gordon/Batgirl has been played by several actresses across different media:

*   **Live-Action Film:** **Alicia Silverstone** played Barbara Wilson (a version of Batgirl) in *Batman & Robin* (1997).
*   **Live-Action TV:** **Yvonne Craig** originated the role in the 1960s *Batman* TV series.
*   **Animated Voice:** Most famously, **Tara Strong** has voiced the character in many projects, including *Batman: The Killing Joke*.",False
WebQTest-1596,webqsp,test,what language do they use in pakistan?,"Pakistan's official languages are **Urdu** and **English**. Urdu is the national language, used in government, education, and media, while English is widely used in official business, higher education, and the legal system. Many regional languages are also spoken, such as Punjabi, Sindhi, Pashto, and Balochi.","['English Language', 'Urdu Language']",ToG,"Pakistan's official languages are **Urdu** and **English**. Urdu is the national language, used in government, education, and media, while English is widely used in official business, higher education, and the legal system. Many regional languages are also spoken, such as Punjabi, Sindhi, Pashto, and Balochi.",False
WebQTest-1524,webqsp,test,who invented islamic religion?,"Islam was founded by the Prophet Muhammad in 7th-century Arabia. Muslims believe he received revelations from God (Allah) through the angel Gabriel, which were later compiled into the Quran.",['Muhammad in Islam'],ToG,"Islam was founded by the Prophet Muhammad in 7th-century Arabia. Muslims believe he received revelations from God (Allah) through the angel Gabriel, which were later compiled into the Quran.",False
WebQTest-1442,webqsp,test,what currency shall i take to croatia?,"Croatia uses the **Euro (€)** as its official currency. While some tourist businesses might accept other major currencies like US Dollars or British Pounds, you'll get a much better rate by using Euros. It's best to pay in Euros for all transactions.",['Croatian kuna'],ToG,"Croatia uses the **Euro (€)** as its official currency. While some tourist businesses might accept other major currencies like US Dollars or British Pounds, you'll get a much better rate by using Euros. It's best to pay in Euros for all transactions.",False
WebQTest-199,webqsp,test,what type of government does iraq have now?,"Iraq has a federal parliamentary republic. It is a multi-party democracy with a president as head of state and a prime minister as head of government. Its structure is defined by the 2005 constitution, which divides power between the central government and semi-autonomous regions (like Kurdistan).","['Parliamentary system', 'Republic', 'Parliamentary republic', 'Federal republic']",ToG,"Iraq has a federal parliamentary republic. It is a multi-party democracy with a president as head of state and a prime minister as head of government. Its structure is defined by the 2005 constitution, which divides power between the central government and semi-autonomous regions (like Kurdistan).",True
WebQTest-1084,webqsp,test,what sports do people play in poland?,"In Poland, the most popular sports to play include:

*   **Football (soccer)** – by far the most popular participatory and spectator sport.
*   **Volleyball** – widely played at amateur and professional levels; a national favorite.
*   **Basketball** – has a strong following and is commonly played in schools and clubs.
*   **Handball** – popular, especially in schools and local leagues.
*   **Athletics (track and field)** – common in school sports programs.
*   **Winter sports** – such as skiing and ice hockey, particularly in mountainous regions.
*   **Martial arts** – like boxing and MMA, with growing participation.
*   **Fitness/cycling/running** – very popular as recreational activities.","['Poland national handball team', ""Poland women's national handball team"", ""Poland men's national volleyball team"", ""Poland women's national volleyball team"", 'Asseco Gdynia', 'KK Włocławek', 'Turów Zgorzelec', 'Poland national football team', 'Stal Gorzów Wielkopolski', 'Śląsk Wrocław', 'GTŻ Grudziądz', 'Basket Zielona Góra']",ToG,"In Poland, the most popular sports to play include:

*   **Football (soccer)** – by far the most popular participatory and spectator sport.
*   **Volleyball** – widely played at amateur and professional levels; a national favorite.
*   **Basketball** – has a strong following and is commonly played in schools and clubs.
*   **Handball** – popular, especially in schools and local leagues.
*   **Athletics (track and field)** – common in school sports programs.
*   **Winter sports** – such as skiing and ice hockey, particularly in mountainous regions.
*   **Martial arts** – like boxing and MMA, with growing participation.
*   **Fitness/cycling/running** – very popular as recreational activities.",False
WebQTest-404,webqsp,test,what was lebron james first team?,"LeBron James' first NBA team was the Cleveland Cavaliers, who drafted him first overall in 2003.",['Cleveland Cavaliers'],ToG,"LeBron James' first NBA team was the Cleveland Cavaliers, who drafted him first overall in 2003.",True
WebQTest-2010,webqsp,test,what degrees does romney have?,Mitt Romney holds a Bachelor of Arts from Brigham Young University and a joint JD/MBA from Harvard University.,"['Juris Doctor', 'Bachelor of Arts', 'MBA']",ToG,Mitt Romney holds a Bachelor of Arts from Brigham Young University and a joint JD/MBA from Harvard University.,True
WebQTest-1608,webqsp,test,what language is mainly spoken in egypt?,"Arabic is the official and main language spoken in Egypt, with Egyptian Arabic being the widely used colloquial dialect.","['Siwi Language', 'Egyptian Arabic', ""Sa'idi Arabic"", 'Bedawi Arabic']",ToG,"Arabic is the official and main language spoken in Egypt, with Egyptian Arabic being the widely used colloquial dialect.",True
WebQTest-44,webqsp,test,what is the state flower of arizona?,The state flower of Arizona is the saguaro cactus blossom.,['Saguaro'],ToG,The state flower of Arizona is the saguaro cactus blossom.,True
WebQTest-1005,webqsp,test,what is capital city of morocco?,The capital city of Morocco is **Rabat**.,['Rabat'],ToG,The capital city of Morocco is **Rabat**.,True
WebQTest-2025,webqsp,test,which ocean does the zambezi river flow into?,The Zambezi River flows into the Indian Ocean.,['Indian Ocean'],ToG,The Zambezi River flows into the Indian Ocean.,True
WebQTest-837,webqsp,test,what year did the baltimore ravens win superbowl?,"The Baltimore Ravens have won the Super Bowl twice:  
- **Super Bowl XXXV:** 2000 season (won in January 2001)  
- **Super Bowl XLVII:** 2012 season (won in February 2013)","['Super Bowl XLVII', 'Super Bowl XXXV']",ToG,"The Baltimore Ravens have won the Super Bowl twice:  
- **Super Bowl XXXV:** 2000 season (won in January 2001)  
- **Super Bowl XLVII:** 2012 season (won in February 2013)",True
WebQTest-1976,webqsp,test,what team did drogba play for?,Didier Drogba is best known for playing for Chelsea.,"['Chelsea F.C.', 'Olympique de Marseille', 'Ivory Coast national football team', 'Shanghai Greenland Shenhua F.C.', 'En Avant de Guingamp', 'Le Mans FC', 'Galatasaray S.K.']",ToG,Didier Drogba is best known for playing for Chelsea.,False
WebQTest-770,webqsp,test,what did steve mcnair died from?,Steve McNair died from multiple gunshot wounds in a murder-suicide.,['Ballistic trauma'],ToG,Steve McNair died from multiple gunshot wounds in a murder-suicide.,False
WebQTest-195,webqsp,test,what kind of guitar did george harrison use?,"George Harrison used several iconic guitars, but he is most famously associated with:

*   **Rickenbacker 360/12** – The 12-string electric used on early Beatles recordings like ""A Hard Day's Night.""
*   **Gibson J-160E** – An acoustic-electric used extensively in the early and mid-1960s.
*   **Fender Stratocaster ""Rocky""** – His custom-painted Strat, used on the ""Let It Be"" rooftop concert and for his slide guitar work later in his career.
*   **Gibson Les Paul ""Lucy""** – Given to him by Eric Clapton, this became one of his primary guitars in the late 1960s and 1970s.","['Fender Stratocaster', 'Rickenbacker 360/12']",ToG,"George Harrison used several iconic guitars, but he is most famously associated with:

*   **Rickenbacker 360/12** – The 12-string electric used on early Beatles recordings like ""A Hard Day's Night.""
*   **Gibson J-160E** – An acoustic-electric used extensively in the early and mid-1960s.
*   **Fender Stratocaster ""Rocky""** – His custom-painted Strat, used on the ""Let It Be"" rooftop concert and for his slide guitar work later in his career.
*   **Gibson Les Paul ""Lucy""** – Given to him by Eric Clapton, this became one of his primary guitars in the late 1960s and 1970s.",True
WebQTest-710,webqsp,test,what style of art did henri matisse do?,"Henri Matisse was a leading figure of **Fauvism**, an early 20th-century style known for its bold, non-naturalistic colors and expressive brushwork. Later in his career, he pioneered his famous **cut-out** technique, creating vibrant compositions from painted paper.","['Modern art', 'Impressionism', 'Neo-impressionism', 'Fauvism', 'Modernism']",ToG,"Henri Matisse was a leading figure of **Fauvism**, an early 20th-century style known for its bold, non-naturalistic colors and expressive brushwork. Later in his career, he pioneered his famous **cut-out** technique, creating vibrant compositions from painted paper.",True
WebQTest-937,webqsp,test,where are people who speak arabic from?,"Arabic speakers are primarily from the **Arab world**, which spans the Middle East and North Africa. This includes 22 countries in the Arab League, such as Egypt, Saudi Arabia, Algeria, Morocco, and Iraq. Additionally, there are significant Arabic-speaking communities globally due to migration.","['Bahrain', 'Saudi Arabia', 'Yemen', 'Turkey', 'Djibouti', 'Egypt', 'Seljuk Empire', 'Jordan', 'South Yemen', 'Iran', 'Israel', 'Kuwait', 'Libya', 'Lebanon', 'Mauritania', 'Morocco', 'Oman', 'Qatar', 'Sudan', 'Syria', 'Tanzania', 'Tunisia', 'Iraq', 'Canada', 'Algeria', 'Mandatory Palestine', 'South Africa', 'United Arab Emirates', 'Comoros', 'Eritrea']",ToG,"Arabic speakers are primarily from the **Arab world**, which spans the Middle East and North Africa. This includes 22 countries in the Arab League, such as Egypt, Saudi Arabia, Algeria, Morocco, and Iraq. Additionally, there are significant Arabic-speaking communities globally due to migration.",True
WebQTest-1212,webqsp,test,what did mark zuckerberg study?,Mark Zuckerberg studied computer science and psychology at Harvard University before dropping out to focus on Facebook.,"['Computer programming', 'Computer Science', 'Psychology']",ToG,Mark Zuckerberg studied computer science and psychology at Harvard University before dropping out to focus on Facebook.,True
WebQTest-1883,webqsp,test,where did robert downey jr go to jail?,"Robert Downey Jr. served time at the **California Substance Abuse Treatment Facility and State Prison (Corcoran)** in 1999, and later at the **Los Angeles County Jail** in 2000.","['California Substance Abuse Treatment Facility and State Prison, Corcoran']",ToG,"Robert Downey Jr. served time at the **California Substance Abuse Treatment Facility and State Prison (Corcoran)** in 1999, and later at the **Los Angeles County Jail** in 2000.",False
WebQTest-1840,webqsp,test,what do they speak in norway?,"Norway has two official written languages: **Bokmål** and **Nynorsk**. The spoken language varies by region, with many local dialects. Most people speak one of the two standard forms in formal settings, but use their dialect in daily life.","['Saami, South Language', 'Saami, North Language', 'Norwegian Language', 'Saami, Lule Language', 'Finnish, Kven Language', 'Bokmål', 'Nynorsk']",ToG,"Norway has two official written languages: **Bokmål** and **Nynorsk**. The spoken language varies by region, with many local dialects. Most people speak one of the two standard forms in formal settings, but use their dialect in daily life.",True
WebQTest-1063,webqsp,test,where is audrey hepburn from?,"Audrey Hepburn was born in Brussels, Belgium.",['Ixelles'],ToG,"Audrey Hepburn was born in Brussels, Belgium.",False
WebQTest-1455,webqsp,test,what capital city of brazil?,Brasília.,['Brasília'],ToG,Brasília.,True
WebQTest-1355,webqsp,test,what school did robert f kennedy go to?,Robert F. Kennedy attended Harvard University for his undergraduate degree and the University of Virginia School of Law.,"['Harvard College', 'Bates College', 'Milton Academy', 'Harvard University', 'University of Virginia School of Law', 'University of Virginia']",ToG,Robert F. Kennedy attended Harvard University for his undergraduate degree and the University of Virginia School of Law.,True
WebQTest-1104,webqsp,test,what do we call the currency of france?,The currency of France is the euro (€).,"['CFP franc', 'Euro']",ToG,The currency of France is the euro (€).,True
WebQTest-1810,webqsp,test,what type of art leonardo da vinci do?,"Leonardo da Vinci was a **Renaissance** artist. His work primarily falls into these categories:

*   **Painting** (e.g., *Mona Lisa*, *The Last Supper*)
*   **Drawing** (e.g., anatomical studies, engineering sketches)
*   He was also an inventor and scientist, creating thousands of pages of **technical illustrations** and conceptual designs.","['Drawing', 'Painting', 'Sculpture']",ToG,"Leonardo da Vinci was a **Renaissance** artist. His work primarily falls into these categories:

*   **Painting** (e.g., *Mona Lisa*, *The Last Supper*)
*   **Drawing** (e.g., anatomical studies, engineering sketches)
*   He was also an inventor and scientist, creating thousands of pages of **technical illustrations** and conceptual designs.",True
WebQTest-77,webqsp,test,what capital of austria?,Vienna,['Vienna'],ToG,Vienna,True
WebQTest-1482,webqsp,test,who played carmen cortez in spy kids?,Alexa PenaVega played Carmen Cortez in the *Spy Kids* film series.,"['Alexa Vega', 'Addisyn Fair']",ToG,Alexa PenaVega played Carmen Cortez in the *Spy Kids* film series.,False
WebQTest-1847,webqsp,test,where does kurdish people live?,"Kurdish people primarily live in a mountainous region known as Kurdistan, which spans across four countries:

*   **Turkey** (largest population)
*   **Iran**
*   **Iraq** (where they have an autonomous region called the Kurdistan Regional Government)
*   **Syria**

Significant diaspora communities also exist in Europe, North America, and other parts of the Middle East.",['Asia'],ToG,"Kurdish people primarily live in a mountainous region known as Kurdistan, which spans across four countries:

*   **Turkey** (largest population)
*   **Iran**
*   **Iraq** (where they have an autonomous region called the Kurdistan Regional Government)
*   **Syria**

Significant diaspora communities also exist in Europe, North America, and other parts of the Middle East.",False
WebQTest-1146,webqsp,test,who did johnny depp play in corpse bride?,"Johnny Depp voiced the main character, Victor Van Dort, in *Corpse Bride*.",['Victor Van Dort'],ToG,"Johnny Depp voiced the main character, Victor Van Dort, in *Corpse Bride*.",True
WebQTest-1770,webqsp,test,what country does rafael nadal play for?,Rafael Nadal plays for Spain.,['Spain'],ToG,Rafael Nadal plays for Spain.,True
WebQTest-1078,webqsp,test,what language do australia people speak?,The primary language spoken in Australia is English.,"['English Language', 'Esperanto Language', 'Lojban']",ToG,The primary language spoken in Australia is English.,False
WebQTest-356,webqsp,test,what airport is near arlington tx?,"The closest major airport to Arlington, TX is **Dallas/Fort Worth International Airport (DFW)**, which is located between Dallas and Fort Worth and is about a 20-minute drive from Arlington.",['Arlington Municipal Airport'],ToG,"The closest major airport to Arlington, TX is **Dallas/Fort Worth International Airport (DFW)**, which is located between Dallas and Fort Worth and is about a 20-minute drive from Arlington.",False
WebQTest-1928,webqsp,test,what wnba team is diana taurasi on?,Diana Taurasi plays for the Phoenix Mercury in the WNBA.,"['UMMC Ekaterinburg', 'Phoenix Mercury']",ToG,Diana Taurasi plays for the Phoenix Mercury in the WNBA.,True
WebQTest-635,webqsp,test,what characters does matt stone do?,"Matt Stone voices **Stan Marsh, Kyle Broflovski, Kenny McCormick, Butters Stotch, Timmy Burch, Jimmy Valmer, Terrance, and Phillip** in *South Park*, among many others.","['Kenny McCormick', 'Kyle Broflovski', 'Wizard of Oz', 'Terrance Henry Stoot', 'Gerald Broflovski', 'Bill Gates', 'Ethan Hawke', 'Chris', 'George Clooney', 'Danny Glover', 'Jimbo Kearn', 'Saddam Hussein', 'James Humphries', 'Former Columbine Student', 'Doug Remer', 'Hermaphrodite', 'Taper Guy', 'Kyle / Kenny / Jesus', 'Dave the Lighting Guy', 'Man toasting drinks at MCA outdoor bar', 'Ticket Taker']",ToG,"Matt Stone voices **Stan Marsh, Kyle Broflovski, Kenny McCormick, Butters Stotch, Timmy Burch, Jimmy Valmer, Terrance, and Phillip** in *South Park*, among many others.",True
WebQTest-573,webqsp,test,where did melba beals live?,"Melba Beals grew up in Little Rock, Arkansas, where she became famous as one of the Little Rock Nine. She later lived in San Francisco, California, for much of her adult life.",['Arkansas'],ToG,"Melba Beals grew up in Little Rock, Arkansas, where she became famous as one of the Little Rock Nine. She later lived in San Francisco, California, for much of her adult life.",True
WebQTest-392,webqsp,test,what team is hank baskett on 2010?,Hank Baskett was on the Minnesota Vikings in 2010.,"['Indianapolis Colts', 'Minnesota Vikings', 'Philadelphia Eagles']",ToG,Hank Baskett was on the Minnesota Vikings in 2010.,True
WebQTest-1612,webqsp,test,what type of art did raphael sanzio create?,"Raphael was a master of the **High Renaissance**, primarily creating:

*   **Frescoes** (most famous in the Vatican, like *The School of Athens*)
*   **Altarpieces** (like *The Sistine Madonna*)
*   **Portraits**
*   **Architectural designs** (later in his career)","['Drawing', 'Painting']",ToG,"Raphael was a master of the **High Renaissance**, primarily creating:

*   **Frescoes** (most famous in the Vatican, like *The School of Athens*)
*   **Altarpieces** (like *The Sistine Madonna*)
*   **Portraits**
*   **Architectural designs** (later in his career)",False
WebQTest-1947,webqsp,test,what currency do they use in switzerland?,Switzerland uses the Swiss franc (CHF).,['Swiss franc'],ToG,Switzerland uses the Swiss franc (CHF).,True
WebQTest-1427,webqsp,test,who was the secretary of state when andrew jackson was president?,Martin Van Buren (1829–1831) and Edward Livingston (1831–1833) served as Secretary of State during Andrew Jackson's presidency.,"['Edward Livingston', 'Louis McLane', 'Martin Van Buren', 'James Alexander Hamilton']",ToG,Martin Van Buren (1829–1831) and Edward Livingston (1831–1833) served as Secretary of State during Andrew Jackson's presidency.,True
WebQTest-1183,webqsp,test,where was farrah fawcett buried?,"Farrah Fawcett was buried at **Pierce Brothers Westwood Village Memorial Park and Mortuary** in Los Angeles, California.",['Westwood Village Memorial Park Cemetery'],ToG,"Farrah Fawcett was buried at **Pierce Brothers Westwood Village Memorial Park and Mortuary** in Los Angeles, California.",False
WebQTest-1327,webqsp,test,where is shakira from?,"Shakira is from Barranquilla, Colombia.",['Colombia'],ToG,"Shakira is from Barranquilla, Colombia.",True
WebQTest-1705,webqsp,test,where was franz ferdinand from?,"Franz Ferdinand was from Austria, specifically the Austro-Hungarian Empire. He was born in Graz and was the heir to the Austro-Hungarian throne.",['Glasgow'],ToG,"Franz Ferdinand was from Austria, specifically the Austro-Hungarian Empire. He was born in Graz and was the heir to the Austro-Hungarian throne.",False
WebQTest-627,webqsp,test,what nationality is taylor lautner jacob black?,"Taylor Lautner, who played Jacob Black in the *Twilight* series, is American.",['United States of America'],ToG,"Taylor Lautner, who played Jacob Black in the *Twilight* series, is American.",False
WebQTest-58,webqsp,test,who did jackie robinson first play for?,Jackie Robinson first played for the Kansas City Monarchs in the Negro Leagues before breaking the MLB color barrier with the Brooklyn Dodgers in 1947.,['UCLA Bruins football'],ToG,Jackie Robinson first played for the Kansas City Monarchs in the Negro Leagues before breaking the MLB color barrier with the Brooklyn Dodgers in 1947.,False
WebQTest-1592,webqsp,test,what are all the songs justin bieber wrote?,"Justin Bieber has co-written many of his songs, but he hasn't publicly released a definitive list of tracks he solely authored. He is credited as a co-writer on most of his albums, especially from *Purpose* onward. Some notable songs he helped write include:

- **""Love Yourself""** (Purpose, 2015)  
- **""Sorry""** (Purpose, 2015)  
- **""What Do You Mean?""** (Purpose, 2015)  
- **""Life Is Worth Living""** (Purpose, 2015)  
- **""Company""** (Purpose, 2015)  
- **""Yummy""** (Changes, 2020)  
- **""Intentions""** (Changes, 2020)  
- **""Holy""** (2020)  
- **""Lonely""** (with Benny Blanco, 2020)  
- **""Peaches""** (Justice","['Lolly', 'Home to Mama', 'Baby', 'Never Let You Go', 'Eenie Meenie', 'Somebody to Love', 'Never Say Never', 'Bigger', 'Pray', 'First Dance', 'Live My Life', 'Boyfriend', ""Turn to You (Mother's Day Dedication)"", 'Die in Your Arms', 'Thought Of You', 'Beauty And A Beat', 'All Around The World', 'As Long as You Love Me', 'Beautiful', 'Right Here', '#thatPower', 'Heartbreaker', 'All That Matters', 'Hold Tight', 'Wait for a Minute', 'Recovery', 'Bad Day', 'All Bad', 'PYD', 'Change Me', 'Roller Coaster', 'Confident']",ToG,"Justin Bieber has co-written many of his songs, but he hasn't publicly released a definitive list of tracks he solely authored. He is credited as a co-writer on most of his albums, especially from *Purpose* onward. Some notable songs he helped write include:

- **""Love Yourself""** (Purpose, 2015)  
- **""Sorry""** (Purpose, 2015)  
- **""What Do You Mean?""** (Purpose, 2015)  
- **""Life Is Worth Living""** (Purpose, 2015)  
- **""Company""** (Purpose, 2015)  
- **""Yummy""** (Changes, 2020)  
- **""Intentions""** (Changes, 2020)  
- **""Holy""** (2020)  
- **""Lonely""** (with Benny Blanco, 2020)  
- **""Peaches""** (Justice",False
WebQTest-1313,webqsp,test,who were demeter's siblings?,"Demeter's siblings were Hestia, Hera, Hades, Poseidon, and Zeus. They were all children of the Titans Cronus and Rhea.",['Zeus'],ToG,"Demeter's siblings were Hestia, Hera, Hades, Poseidon, and Zeus. They were all children of the Titans Cronus and Rhea.",True
WebQTest-1963,webqsp,test,what position did vince lombardi play?,"Vince Lombardi did not play professionally. He was an offensive lineman in college at Fordham University, but he is famous for his career as a head coach in the NFL, most notably with the Green Bay Packers.",['Right guard'],ToG,"Vince Lombardi did not play professionally. He was an offensive lineman in college at Fordham University, but he is famous for his career as a head coach in the NFL, most notably with the Green Bay Packers.",False
WebQTest-1065,webqsp,test,who does darth vaders voice?,"Darth Vader's voice is performed by two actors:

*   **James Earl Jones** provides the iconic deep, resonant voice.
*   **David Prowse** physically portrayed Vader on set, with his lines later dubbed by Jones.","['Dr. Smoov', 'Zac Efron', 'Abraham Benrubi', 'Matt Lanter', 'James Earl Jones']",ToG,"Darth Vader's voice is performed by two actors:

*   **James Earl Jones** provides the iconic deep, resonant voice.
*   **David Prowse** physically portrayed Vader on set, with his lines later dubbed by Jones.",True
WebQTest-317,webqsp,test,where does russia import from?,"Russia's main import partners are:

*   **China** (by far the largest source)
*   **European Union** (especially Germany, Netherlands, and Poland), though trade has declined sharply since 2022.
*   **Belarus** and **Kazakhstan** (key partners within the Eurasian Economic Union)
*   **Turkey** (a major and growing trade partner)
*   **South Korea**

Major import categories include machinery, vehicles, electronics, consumer goods, chemicals, and pharmaceuticals.",['Uzbekistan'],ToG,"Russia's main import partners are:

*   **China** (by far the largest source)
*   **European Union** (especially Germany, Netherlands, and Poland), though trade has declined sharply since 2022.
*   **Belarus** and **Kazakhstan** (key partners within the Eurasian Economic Union)
*   **Turkey** (a major and growing trade partner)
*   **South Korea**

Major import categories include machinery, vehicles, electronics, consumer goods, chemicals, and pharmaceuticals.",False
WebQTest-1396,webqsp,test,who played darth vader at the end of return of the jedi?,"At the end of *Return of the Jedi*, when Darth Vader’s helmet is removed, the actor playing Anakin Skywalker’s face is **Sebastian Shaw**.  
However, in the 2004 DVD release and later versions, Shaw was replaced by **Hayden Christensen** in the final Force ghost scene.","['Sebastian Shaw', 'David Prowse', 'James Earl Jones']",ToG,"At the end of *Return of the Jedi*, when Darth Vader’s helmet is removed, the actor playing Anakin Skywalker’s face is **Sebastian Shaw**.  
However, in the 2004 DVD release and later versions, Shaw was replaced by **Hayden Christensen** in the final Force ghost scene.",True
WebQTest-841,webqsp,test,what is money called in italy?,"In Italy, the official currency is the **Euro (€)**. Before 2002, Italy used the **Italian Lira**.",['Euro'],ToG,"In Italy, the official currency is the **Euro (€)**. Before 2002, Italy used the **Italian Lira**.",True
WebQTest-1889,webqsp,test,who was vice president with bill clinton?,Al Gore was Vice President during both of Bill Clinton's terms (1993–2001).,['Al Gore'],ToG,Al Gore was Vice President during both of Bill Clinton's terms (1993–2001).,True
WebQTest-629,webqsp,test,what company does nike own?,Nike owns the brands **Converse** and **Hurley**.,"['Nike Brand Kitchen', 'Converse', 'Umbro', 'Hurley International', 'NIKE Deutschland GmbH', 'NIKE Mexico Holdings LLC', 'NIKE Vietnam Co', 'Cole Haan Co Store', 'NIKE Flight', 'Umbro Sportwear Ltd', 'Yugen Kaisha Hurley Japan', 'Converse Footwear Technical Service (Zhongshan) Co Ltd', 'Hurley999 UK Ltd', 'BRS NIKE Taiwan Inc', 'Converse Trading Co B.V.', 'Bragano Trading S.r.l.', 'Converse Canada Holding B.V.', 'Converse Hong Kong Ltd', 'PT Hurley Indonesia', 'NIKE 360 Holding B.V.', 'NIKE SALES (MALAYSIA) SDN. BHD.', 'NIKE Chile B.V.', 'NIKE Tailwind', 'Savier Inc', 'NIKE GmbH', 'NIKE Poland Sp.zo.o', 'NIKE Huarache', 'NIKE Finland OY', 'Umbro Schweiz Ltd', 'Converse Sporting Goods (China) Co Ltd', 'NIKE India Holding B.V.', 'NIKE Servicios de Mexico S. de R.L. de C.V.', 'Twin Dragons Holding B.V.', 'NIKE Licenciamentos do Brasil Ltda', 'NIKE UK Holding B.V.', 'NIKE BH B.V.', 'NIKE International Ltd', 'NIKE Sports (China) Co Ltd', 'Converse Netherlands B.V.', 'Exeter Hong Kong Ltd', 'PT NIKE Indonesia', 'NIKE Argentina Srl', 'PMG International Ltd', 'Cole Haan Hong Kong Ltd', 'Umbro Worldwide Ltd', 'NIKE de Chile Ltda', 'Umbro HK Ltd', 'NIKE European Operations Netherlands B.V.', 'Umbro Licensing Ltd', 'Converse Canada Corp', 'NIKE (Suzhou) Sports Co Ltd', 'NIKE Hellas EPE', 'NIKE Retail LLC', 'Manchester United Merchandising Ltd', 'NIKE Cortez', 'Umbro Asia Sourcing Ltd', 'NIKE Africa Ltd', 'Exeter Brands Group LLC', 'NIKE Asia Holding B.V.', 'NIKE Group Holding B.V.', 'NIKE Retail B.V.', 'American NIKE SL', 'Cole Haan Japan', 'Umbro.com', 'NIKE (UK) Ltd', 'NIKE Russia LLC', 'NIKE Laser Holding B.V.', 'NIKE TN Inc', 'Umbro Finance Ltd', 'NIKE Denmark ApS', 'NIKE Max LLC', 'NIKE Vapor Ltd', 'NIKE Japan Corp', 'NIKE Canada Corp', 'NIKE Italy S.R.L.', 'NIKE Suzhou Holding HK Ltd', 'NIKE Europe Holding B.V.', 'NIKE Zoom LLC', 'Umbro JV Ltd', 'NIKE Global Trading PTE. LTD', 'NIKE Philippines Inc', 'Futbol Club Barcelona SL', 'NIKE France SAS.', 'NIKE (Switzerland) GmbH', 'NIKE Holding LLC', 'NIKE Retail Poland sp. z o. o.', 'Hurley 999 SL', 'NIKE Canada Holding B.V.', 'NIKE Sweden AB', 'NIKE (Thailand) Ltd', 'NIKE Hong Kong Ltd', 'NIKE Retail Services Inc', 'NIKE Finance Ltd', 'Umbro Ltd', 'NIKE China Holding HK Ltd', 'NIKE International Holding B.V.', 'NIKE Sourcing India Private Ltd', 'NIKE do Brasil Comercio e Participacoes Ltda', 'NIKE New Zealand Co', 'NIKE Vision Timing & Techlab LP', 'Triax Insurance Inc', 'Umbro International JV', 'Umbro International Holdings Ltd', 'NIKE Australia Pty. Ltd', 'NIKE International LLC', 'NIKE South Africa Ltd', 'NIKE Galaxy Holding B.V.', 'Hurley Australia Pty Ltd', 'Juventus Merchandising S.r.l.', 'NIKE Jump Ltd', 'Umbro International Ltd', 'NIKE Dunk Holding B.V.', 'NIKE NZ Holding B.V.', 'NIKE Waffle', 'NIKE Lavadome', 'NIKE Trading Co B.V.', 'NIKE IHM Inc', 'Twin Dragons Global Ltd', 'Converse Hong Kong Holding Co Ltd', 'NIKE de Mexico S de R.L. de C.V.', 'NIKE Logistics Yugen Kaisha', 'NIKE USA Inc', 'Converse (Asia Pacific) Ltd', 'NIKE Australia Holding B.V.', 'NIKE International Holding Inc', 'NIKE South Africa Holdings LLC', 'NIKE Sports Korea Co Ltd', 'NIKE Israel Ltd', 'NIKE CA LLC', 'NIKE Global Holding B.V.', 'NIKE Offshore Holding B.V.', 'USISL Inc', 'NIKE Global Services PTE. LTD', 'NIKE Pegasus', 'Hurley International Holding B.V.', 'NIKE India Private Ltd', 'NIKE SINGAPORE PTE LTD', 'Nike Vision', 'Cole Haan', 'Nike Golf']",ToG,Nike owns the brands **Converse** and **Hurley**.,True
WebQTest-751,webqsp,test,who owns google 2012?,"In 2012, Google was a publicly traded company, so it was owned by its shareholders. The largest shareholders were typically institutional investors and mutual funds, with its founders, Larry Page and Sergey Brin, retaining significant control through their ownership of super-voting Class B shares.","['Vic Gundotra', 'Patrick Pichette', 'Nikesh Arora', 'David Drummond', 'Larry Page']",ToG,"In 2012, Google was a publicly traded company, so it was owned by its shareholders. The largest shareholders were typically institutional investors and mutual funds, with its founders, Larry Page and Sergey Brin, retaining significant control through their ownership of super-voting Class B shares.",True
WebQTest-1387,webqsp,test,what time zone is toronto gmt?,"Toronto is in the Eastern Time Zone (ET).  
It is **GMT-5** during Standard Time (EST) and **GMT-4** during Daylight Saving Time (EDT).",['Eastern Time Zone'],ToG,"Toronto is in the Eastern Time Zone (ET).  
It is **GMT-5** during Standard Time (EST) and **GMT-4** during Daylight Saving Time (EDT).",True
WebQTest-1174,webqsp,test,what cancer did jackie kennedy die of?,Jackie Kennedy died of non-Hodgkin lymphoma.,['Lymphoma'],ToG,Jackie Kennedy died of non-Hodgkin lymphoma.,True
WebQTest-1861,webqsp,test,what is the government system of saudi arabia?,"Saudi Arabia is an **absolute monarchy**. The king serves as both the head of state and head of government. The political system is based on Islamic law (Sharia) and the Quran, with no political parties or national elections for leadership.","['Unitary state', 'Islamic state', 'Absolute monarchy']",ToG,"Saudi Arabia is an **absolute monarchy**. The king serves as both the head of state and head of government. The political system is based on Islamic law (Sharia) and the Quran, with no political parties or national elections for leadership.",True
WebQTest-1591,webqsp,test,what was obama's former occupation?,Barack Obama was a civil rights attorney and constitutional law professor before entering politics.,"['Lawyer', 'Writer', 'Politician', 'Law professor', 'Author']",ToG,Barack Obama was a civil rights attorney and constitutional law professor before entering politics.,True
WebQTest-787,webqsp,test,where is the riviera casino?,"The Riviera Casino was located on the Las Vegas Strip in Paradise, Nevada. It opened in 1955 and was demolished in 2016.",['Las Vegas'],ToG,"The Riviera Casino was located on the Las Vegas Strip in Paradise, Nevada. It opened in 1955 and was demolished in 2016.",True
WebQTest-1249,webqsp,test,what is the state flower of new mexico?,The state flower of New Mexico is the yucca flower.,['Yucca flower'],ToG,The state flower of New Mexico is the yucca flower.,True
WebQTest-1765,webqsp,test,what region is turkey considered?,"Turkey is considered part of two regions: Southeastern Europe and Western Asia. The majority of its landmass lies in **Western Asia (Anatolia)**, while a smaller portion is in **Southeastern Europe (East Thrace)**. It is therefore a transcontinental country.",['Eurasia'],ToG,"Turkey is considered part of two regions: Southeastern Europe and Western Asia. The majority of its landmass lies in **Western Asia (Anatolia)**, while a smaller portion is in **Southeastern Europe (East Thrace)**. It is therefore a transcontinental country.",False
WebQTest-814,webqsp,test,where is harley davidson corporate headquarters?,"Harley-Davidson's corporate headquarters is located in **Milwaukee, Wisconsin, USA**.",['Milwaukee'],ToG,"Harley-Davidson's corporate headquarters is located in **Milwaukee, Wisconsin, USA**.",True
WebQTest-362,webqsp,test,when did conflict start in ireland?,"The modern conflict in Northern Ireland, known as ""The Troubles,"" began in the late 1960s, with a major escalation in 1969. Its roots, however, trace back centuries to the English conquest and colonization of Ireland, particularly the 17th-century Plantation of Ulster.","['Irish War of Independence', ""Nine Years' War"", 'Irish Confederate Wars', 'Irish Rebellion of 1798', 'Wars of the Three Kingdoms', 'Irish Civil War', 'Siege of Smerwick', 'Anglo-Spanish War', 'Williamite War in Ireland', 'Jacobite risings', ""Expédition d'Irlande"", 'Irish Rebellion of 1641', 'Cromwellian conquest of Ireland', 'Desmond Rebellions', 'Planned French invasion of Britain', 'Sack of Dun Gallimhe', 'Battle of Tochar Cruachain-Bri-Ele', 'Battle of Ros-Mhic-Thriúin', 'Guerrilla phase of the Irish Civil War', 'Battle of Affane', 'Siege of Drogheda', 'Battle of the Curragh', 'Battle of Knockdoe', 'Irish Free State offensive', 'Siege of Waterford', 'Norman invasion of Ireland', 'Bruce campaign in Ireland', 'Battle of Belahoe', 'Second Desmond Rebellion', 'Battle of Glentaisie', 'Siege of Wexford']",ToG,"The modern conflict in Northern Ireland, known as ""The Troubles,"" began in the late 1960s, with a major escalation in 1969. Its roots, however, trace back centuries to the English conquest and colonization of Ireland, particularly the 17th-century Plantation of Ulster.",False
WebQTest-1922,webqsp,test,what offices did theodore roosevelt hold?,"Theodore Roosevelt held the following offices:

1.  **President of the United States** (1901–1909)
2.  **Vice President of the United States** (1901)
3.  **Governor of New York** (1899–1900)
4.  **Assistant Secretary of the Navy** (1897–1898)
5.  **Police Commissioner of New York City** (1895–1897)
6.  **U.S. Civil Service Commissioner** (1889–1895)
7.  **Minority Leader of the New York State Assembly** (1883)
8.  **Member of the New York State Assembly** (1882–1884)","['President', 'Member of the Legislative Assembly', 'Assistant Secretary', 'Vice President', 'Governor']",ToG,"Theodore Roosevelt held the following offices:

1.  **President of the United States** (1901–1909)
2.  **Vice President of the United States** (1901)
3.  **Governor of New York** (1899–1900)
4.  **Assistant Secretary of the Navy** (1897–1898)
5.  **Police Commissioner of New York City** (1895–1897)
6.  **U.S. Civil Service Commissioner** (1889–1895)
7.  **Minority Leader of the New York State Assembly** (1883)
8.  **Member of the New York State Assembly** (1882–1884)",True
WebQTest-1460,webqsp,test,what was gregor mendel contribution?,"Gregor Mendel discovered the fundamental laws of heredity through his experiments with pea plants. He established the principles of **dominant and recessive traits**, **segregation**, and **independent assortment**, forming the basis of modern genetics.","['Monk', 'Botanist', 'Scientist']",ToG,"Gregor Mendel discovered the fundamental laws of heredity through his experiments with pea plants. He established the principles of **dominant and recessive traits**, **segregation**, and **independent assortment**, forming the basis of modern genetics.",False
WebQTest-1057,webqsp,test,what concentration camp did anne frank died in?,Anne Frank died in the Bergen-Belsen concentration camp in early 1945.,['Bergen-Belsen concentration camp'],ToG,Anne Frank died in the Bergen-Belsen concentration camp in early 1945.,True
WebQTest-1368,webqsp,test,who formed the american federation of labor?,Samuel Gompers.,['Samuel Gompers'],ToG,Samuel Gompers.,True
WebQTest-1584,webqsp,test,what disease did bernie mac die of?,"Bernie Mac died from complications of pneumonia in 2008. He had sarcoidosis, an inflammatory lung disease, but it was in remission at the time.","['Sarcoidosis', 'Complications from pneumonia']",ToG,"Bernie Mac died from complications of pneumonia in 2008. He had sarcoidosis, an inflammatory lung disease, but it was in remission at the time.",True
WebQTest-1855,webqsp,test,what airport do you fly into in paris?,"Paris has two main international airports:

**Charles de Gaulle (CDG)** – The largest and busiest, handling most long-haul international flights.  
**Orly (ORY)** – South of the city, often used for domestic, European, and some international routes.

Which one you fly into depends on your airline and route.","['Paris Orly Airport', 'Charles de Gaulle Airport']",ToG,"Paris has two main international airports:

**Charles de Gaulle (CDG)** – The largest and busiest, handling most long-haul international flights.  
**Orly (ORY)** – South of the city, often used for domestic, European, and some international routes.

Which one you fly into depends on your airline and route.",False
WebQTest-1551,webqsp,test,what year did seattle seahawks go to the super bowl?,"The Seattle Seahawks have appeared in the Super Bowl three times:  
- **Super Bowl XL** – 2005 season (played in Feb. 2006)  
- **Super Bowl XLVIII** – 2013 season (played in Feb. 2014)  
- **Super Bowl XLIX** – 2014 season (played in Feb. 2015)","['Super Bowl XL', 'Super Bowl XLVIII']",ToG,"The Seattle Seahawks have appeared in the Super Bowl three times:  
- **Super Bowl XL** – 2005 season (played in Feb. 2006)  
- **Super Bowl XLVIII** – 2013 season (played in Feb. 2014)  
- **Super Bowl XLIX** – 2014 season (played in Feb. 2015)",True
WebQTest-97,webqsp,test,what songs does smokey robinson sing?,"Smokey Robinson sings many hits, both as a solo artist and with The Miracles. Some of his most famous songs include:

**With The Miracles:**
* ""The Tracks of My Tears""
* ""Shop Around""
* ""You've Really Got a Hold on Me""
* ""I Second That Emotion""
* ""The Tears of a Clown""

**As a solo artist:**
* ""Cruisin'""
* ""Being with You""
* ""Just to See Her""","['The Tears of a Clown', 'Shop Around', ""You've Really Got a Hold on Me"", 'Blame It on Love', 'Just Like You', ""If You Wanna Make Love (Come 'round Here)"", ""Don't Play Another Love Song"", 'Tell Me Tomorrow', 'Being With You', 'Just a Touch Away', 'Baby Come Close', 'Let Me Be the Clock', 'Tracks of My Tears', ""Crusin'"", 'Jingle Bells', 'Pops, We Love You (disco)', 'The Tracks of My Tears', 'The Track of My Tears', 'Whole Lot of Shakin’ in My Heart (Since I Met You)', 'Bad Girl', 'I’ve Got You Under My Skin', 'God Rest Ye Merry Gentlemen', 'Come by Here (Kum Ba Ya)', 'One Heartbeat', ""It's Time to Stop Shoppin' Around"", 'Why Do Happy Memories Hurt So Bad', ""You Don't Know What It's Like"", ""What's Too Much"", 'Love Brought Us Here', ""Love Don't Give No Reason"", 'Keep Me', 'The Way You Do (The Things You Do)', 'Get Ready', 'You Really Got a Hold on Me', 'Ooh Baby Baby', ""Ain't That Peculiar"", 'My Girl', 'Quiet Storm', ""Cruisin'"", 'Melody Man', 'We’ve Come Too Far to End It Now', 'Save Me', 'With Your Love Came', 'I Can’t Stand to See You Cry (Commercial version)', 'Just to See Her', 'Just My Soul Responding', 'My World', ""Fallin'"", ""You've Really Go a Hold on Me"", 'Going to a Go Go', ""Mickey's Monkey"", ""Baby That's Backatcha"", 'I Second That Emotion', 'More Love', 'Yester Love', 'Ooo Baby Baby', ""I've Made Love to You a Thousand Times"", 'Quiet Storm (single version)', 'Christmas Every Day', 'So Bad', 'Noël', 'Tears Of A Clown', ""It's Christmas Time"", 'When Smokey Sings Tears Of A Clown', 'Quiet Storm (Groove Boutique remix)', 'I Can’t Stand to See You Cry (Stereo Promo version)', 'Virgin Man', 'Nearness of You', 'Everything for Christmas', 'Deck the Halls', 'Christmas Greeting', 'Away in the Manger / Coventry Carol', 'The Agony and the Ecstasy', 'Wedding Song', 'Love Letters', 'Coincidentally', ""It's A Good Night"", 'I Love The Nearness Of You', ""The Hurt's On You"", 'Share It', 'Theme From the Big Time', ""Did You Know (Berry's Theme)"", 'You Go to My Head', ""I'm in the Mood for Love"", 'Our Love Is Here to Stay', 'Fly Me to the Moon (In Other Words)', 'Night and Day', ""I'm Glad There Is You"", 'More Than You Know', 'Speak Low', 'Time After Time', ""I Can't Give You Anything but Love"", 'I Like Your Face', ""I've Got You Under My Skin"", 'Tea for Two', 'Why', 'Double Good Everything', 'Rewind', 'Be Who You Are', 'I Love Your Face', ""I Can't Get Enough"", 'Rack Me Back', 'When A Woman Cries', 'You Take Me Away', 'Skid Row', 'Love Is The Light', 'Everything You Touch', ""Love' n Life"", 'Same Old Love', ""I Can't Find"", 'Take Me Through The Night', ""Don't Wanna Be Just Physical"", 'Come to Me Soon', 'You Made Me Feel Love', 'Jasmin', 'Easy', 'Just Another Kiss', 'Unless You Do It Again', 'Love So Fine', ""Can't Fight Love"", 'The Tracks of My Tears (live)', ""And I Don't Love You (Larry Levan instrumental dub)"", 'Walk on By', 'As You Do', 'Never My Love / Never Can Say Goodbye', 'Tell Me Tomorrow, Part 1', 'If You Want My Love', 'Food For Thought', 'Will You Still Love Me Tomorrow', 'You Cannot Laugh Alone', 'Vitamin U', 'In My Corner', 'If You Wanna Make Love', 'I Hear The Children Singing', 'A Silent Partner in a Three-Way Love Affair', 'Holly', 'Will You Love Me Tomorrow?', 'The Family Song', 'Wanna Know My Mind', 'I Care About Detroit', ""And I Don't Love You"", ""It's a Good Feeling"", 'I Second That Emotions', 'Crusin', 'You Are Forever', 'Going to a Go-Go', 'Cruisin', 'Ooo Baby Baby (live)', 'Aqui Con Tigo (Being With You)', ""Who's Sad"", 'Aqui Contigo (Being With You) (Eric Bodi Rivera Mix)', ""I'll Keep My Light In My Window"", ""It's Fantastic"", ""We've Saved The Best For Last (Kenny G with Smokey Robinson)"", 'Christmas Everyday', 'Shoe Soul', 'Whatcha Gonna Do', 'One Time', 'Girlfriend', ""You're the One for Me (feat. Joss Stone)"", 'Love Bath', ""You're Just My Life (feat. India.Arie)"", 'That Place', 'I Want You Back', ""Please Don't Take Your Love (feat. Carlos Santana)"", 'Satisfy You', 'Time Flies', ""Don't Know Why"", 'You Are So Beautiful (feat. Dave Koz)', 'Sweet Harmony', 'I Am, I Am', 'Heavy On Pride (Light On Love)', 'Be Kind To The Growing Mind (with The Temptations)', ""Season's Greetings from Smokey Robinson"", 'Noel', 'A Child Is Waiting', 'The Christmas Song', 'If You Can Want', ""Yes It's You Lady"", 'Quiet Storm (Groove Boutique Chill Jazz mix)', 'Tell Me Tomorrow (12\\"" extended mix)', 'Just To See Her Again', 'Ebony Eyes (Duet with Rick James)', 'Blame It On Love (Duet with Barbara Mitchell)', 'I Have Prayed On It', ""Love Don' Give No Reason (12 Inch Club Mix)"", 'Quiet Storm (Groove Boutique Chill Jazz mix feat. Ray Ayers)', ""Mother's Son"", ""There Will Come A Day ( I'm Gonna Happen To You )"", 'Tracks Of My Tears (Live)', 'Little Girl, Little Girl', 'Going to a Gogo', 'Happy (Love Theme From Lady Sings the Blues)', 'Medley: Never My Love / Never Can Say Goodbye', 'Will You Love Me Tomorrow', 'My Guy', 'Pops, We Love You', 'I Am I Am', 'Open', 'Daylight & Darkness', ""There Will Come a Day (I'm Gonna Happen to You)"", 'Ebony Eyes', ""We've Saved the Best for Last"", 'A Tattoo', 'I Praise & Worship You Father', 'The Tracks of My Heart', 'Jesus Told Me To Love You', ""She's Only a Baby Herself"", 'Let Your Light Shine On Me', ""It's Her Turn to Live"", 'Just Passing Through', 'Asleep on My Love', 'I Know You by Heart', 'Tears of a Sweet Free Clown', 'Santa Claus is Coming to Town', 'Ever Had A Dream', ""Gang Bangin'"", 'Fulfill Your Need', 'Standing On Jesus', 'The Love Between Me and My Kids', 'The Road to Damascus', 'He Can Fix Anything', 'We Are The Warriors', ""(It's The) Same Old Love"", 'Little Girl Little Girl', 'Te Quiero Como Si No Hubiera Un Manana', ""Because of You It's the Best It's Ever Been"", 'Sleepless Nights', 'Hold on to Your Love', 'Photograph in My Mind', 'Be Kind to the Growing Mind', 'Driving Thru Life in the Fast Lane', 'Gone Forever', ""Girl I'm Standing There"", 'No Time to Stop Believing', 'Train of Thought', 'Close Encounters of the First Kind', 'Hanging on by a Thread', 'Why Are You Running From My Love', 'Wishful Thinking', 'Some People Will Do Anything for Love', 'And I Love Her', 'First Time on a Ferris Wheel (Love Theme From \\""Berry Gordy\'s The Last Dragon\\"")', 'Winter Wonderland', 'The Christmas Song (Chestnuts Roasting on an Open Fire) (feat. The Temptations)', 'Be Careful What You Wish For', 'Really Gonna Miss You', 'Be Careful What You Wish For (instrumental)', 'Please Come Home for Christmas']",ToG,"Smokey Robinson sings many hits, both as a solo artist and with The Miracles. Some of his most famous songs include:

**With The Miracles:**
* ""The Tracks of My Tears""
* ""Shop Around""
* ""You've Really Got a Hold on Me""
* ""I Second That Emotion""
* ""The Tears of a Clown""

**As a solo artist:**
* ""Cruisin'""
* ""Being with You""
* ""Just to See Her""",True
WebQTest-126,webqsp,test,who wrote the jana gana mana?,Rabindranath Tagore wrote the Jana Gana Mana. It was adopted as India's national anthem in 1950.,"['Ram Singh Thakur', 'Rabindranath Tagore']",ToG,Rabindranath Tagore wrote the Jana Gana Mana. It was adopted as India's national anthem in 1950.,True
WebQTest-56,webqsp,test,what county is kansas city kansas?,"Kansas City, Kansas is located in Wyandotte County.",['Wyandotte County'],ToG,"Kansas City, Kansas is located in Wyandotte County.",True
WebQTest-619,webqsp,test,who played victoria barkley?,Victoria Barkley was played by Barbara Stanwyck in the TV western series *The Big Valley* (1965–1969).,['Barbara Stanwyck'],ToG,Victoria Barkley was played by Barbara Stanwyck in the TV western series *The Big Valley* (1965–1969).,True
WebQTest-701,webqsp,test,what team is reggie bush on 2011?,"In 2011, Reggie Bush played for the Miami Dolphins.","['Miami Dolphins', 'New Orleans Saints']",ToG,"In 2011, Reggie Bush played for the Miami Dolphins.",True
WebQTest-1420,webqsp,test,what does monsanto own?,"Monsanto (now part of Bayer) primarily owns a large portfolio of **agricultural biotechnology traits, seeds, and herbicides**. Key assets include:

*   **Seeds & Traits:** Genetically modified seeds for major crops (soybeans, corn, cotton, canola) and vegetable seeds.
*   **Herbicides:** The glyphosate-based herbicide **Roundup**.
*   **Digital Platform:** The **Climate FieldView** precision agriculture platform.

Monsanto was acquired by Bayer in 2018, and the Monsanto brand name is being phased out.","['Agrochemical', 'Seed', 'Chemical industry', 'Agriculture']",ToG,"Monsanto (now part of Bayer) primarily owns a large portfolio of **agricultural biotechnology traits, seeds, and herbicides**. Key assets include:

*   **Seeds & Traits:** Genetically modified seeds for major crops (soybeans, corn, cotton, canola) and vegetable seeds.
*   **Herbicides:** The glyphosate-based herbicide **Roundup**.
*   **Digital Platform:** The **Climate FieldView** precision agriculture platform.

Monsanto was acquired by Bayer in 2018, and the Monsanto brand name is being phased out.",True
WebQTest-1001,webqsp,test,what country is nicki minaj from?,"Nicki Minaj was born in Trinidad and Tobago and moved to Queens, New York, when she was five years old.",['United States of America'],ToG,"Nicki Minaj was born in Trinidad and Tobago and moved to Queens, New York, when she was five years old.",False
WebQTest-1833,webqsp,test,what kind of government does brazil has?,"Brazil is a **federal presidential constitutional republic**. This means it has:

*   A **president** who is both head of state and head of government.
*   A **federation** of states with significant autonomy.
*   A **bicameral National Congress** (Chamber of Deputies and Federal Senate).
*   An independent judiciary, with the Supreme Federal Court at its apex.","['Presidential system', 'Constitutional republic', 'Federal republic']",ToG,"Brazil is a **federal presidential constitutional republic**. This means it has:

*   A **president** who is both head of state and head of government.
*   A **federation** of states with significant autonomy.
*   A **bicameral National Congress** (Chamber of Deputies and Federal Senate).
*   An independent judiciary, with the Supreme Federal Court at its apex.",True
WebQTest-923,webqsp,test,what countries does england border?,"England only borders one country: Scotland, to the north. It also shares a maritime border with Wales to the west, but they are both constituent countries of the United Kingdom.","['Scotland', 'Wales']",ToG,"England only borders one country: Scotland, to the north. It also shares a maritime border with Wales to the west, but they are both constituent countries of the United Kingdom.",True
WebQTest-88,webqsp,test,who is willow smith mom name?,Willow Smith's mother is Jada Pinkett Smith.,['Jada Pinkett Smith'],ToG,Willow Smith's mother is Jada Pinkett Smith.,True
WebQTest-1905,webqsp,test,where was auschwitz concentration camp located?,"Auschwitz was located in German-occupied Poland, near the town of Oświęcim.","['Oświęcim', 'Auschwitz-Birkenau State Museum', 'Poland']",ToG,"Auschwitz was located in German-occupied Poland, near the town of Oświęcim.",True
WebQTest-1559,webqsp,test,what to do san jose ca?,"Here are the top things to do in San Jose, CA:

**Tech & Museums:** Visit the **Tech Interactive** (hands-on tech museum) and the **Intel Museum**. See the **Rosicrucian Egyptian Museum**.

**History & Culture:** Explore **San Jose Museum of Art**, **History Park**, and the iconic **Winchester Mystery House**.

**Outdoors & Parks:** Stroll through **Municipal Rose Garden**, **Alum Rock Park**, or **Japanese Friendship Garden**.

**Entertainment:** Catch a Sharks game at **SAP Center**, see a show at **California Theatre**, or visit **Santana Row** for shopping and dining.

**Day Trips:** Easy access to **Santa Cruz beaches**, **Silicon Valley** campuses, and **Santa Clara** attractions.","['Winchester Mystery House', 'Rosicrucian Egyptian Museum', 'The Tech Museum of Innovation', 'Alum Rock Park', 'San Jose Museum of Quilts & Textiles', 'Japantown', 'San Jose Museum of Art', 'Kelley Park', 'Happy Hollow Park & Zoo', 'Cinequest Film Festival', 'Downtown San Jose', 'Santana Row', 'San Jose Municipal Rose Garden', 'Rock ‘n’ Roll San Jose Half Marathon', ""Children's Discovery Museum of San Jose""]",ToG,"Here are the top things to do in San Jose, CA:

**Tech & Museums:** Visit the **Tech Interactive** (hands-on tech museum) and the **Intel Museum**. See the **Rosicrucian Egyptian Museum**.

**History & Culture:** Explore **San Jose Museum of Art**, **History Park**, and the iconic **Winchester Mystery House**.

**Outdoors & Parks:** Stroll through **Municipal Rose Garden**, **Alum Rock Park**, or **Japanese Friendship Garden**.

**Entertainment:** Catch a Sharks game at **SAP Center**, see a show at **California Theatre**, or visit **Santana Row** for shopping and dining.

**Day Trips:** Easy access to **Santa Cruz beaches**, **Silicon Valley** campuses, and **Santa Clara** attractions.",True
WebQTest-68,webqsp,test,who plays the voice of kitt in knight rider?,William Daniels provided the voice of KITT in *Knight Rider*.,['William Daniels'],ToG,William Daniels provided the voice of KITT in *Knight Rider*.,True
WebQTest-1039,webqsp,test,where does sherrod brown live?,"Sherrod Brown lives in Cleveland, Ohio. He also maintains a residence in Washington, D.C., while Congress is in session.","['Avon', 'Mansfield']",ToG,"Sherrod Brown lives in Cleveland, Ohio. He also maintains a residence in Washington, D.C., while Congress is in session.",False
WebQTest-206,webqsp,test,what position does brandon roy play?,Brandon Roy played shooting guard.,"['Point guard', 'Shooting guard', 'Small forward']",ToG,Brandon Roy played shooting guard.,True
WebQTest-278,webqsp,test,who's dating claire danes?,Claire Danes is married to actor Hugh Dancy. They have been together since 2009 and have two children.,['Hugh Dancy'],ToG,Claire Danes is married to actor Hugh Dancy. They have been together since 2009 and have two children.,True
WebQTest-1631,webqsp,test,who is the texas state senator?,"The Texas state senator depends on the specific district. Texas has 31 state senators, each representing a different district. The current senator for a given area can be found by looking up the district based on your address.","['Phil Gramm', 'Lloyd Bentsen', 'John Cornyn', 'Kay Bailey Hutchison', 'Ralph Yarborough', 'John Hemphill', 'John Tower', 'James Pinckney Henderson', ""W. Lee O'Daniel"", 'Thomas Jefferson Rusk', 'Charles Allen Culberson', 'John Henninger Reagan', 'Roger Q. Mills', 'Richard Coke', 'Price Daniel', 'Bob Krueger', 'Louis Wigfall', 'William A. Blakley', 'Joseph Weldon Bailey', 'Andrew Jackson Houston', 'Horace Chilton', 'Morris Sheppard', 'Matthias Ward', 'Ted Cruz', 'James W. Flanagan', 'Samuel B. Maxey', 'Morgan C. Hamilton', 'Earle Bradford Mayfield', 'Tom Connally', 'Rienzi Melville Johnston', 'Lyndon B. Johnson', 'Sam Houston']",ToG,"The Texas state senator depends on the specific district. Texas has 31 state senators, each representing a different district. The current senator for a given area can be found by looking up the district based on your address.",False
WebQTest-1885,webqsp,test,what does god shiva represent?,"In Hinduism, Lord Shiva represents **destruction and transformation** — the aspect of the cosmic cycle that makes way for renewal. He also embodies:

* **Asceticism** (the ultimate yogi)
* **Meditation and wisdom**
* **Paradoxes** (both destroyer and benefactor, householder and ascetic)
* **The union of opposites** (often symbolized as half-male, half-female, Ardhanarishvara)

He is part of the Trimurti (trinity) with Brahma (creation) and Vishnu (preservation).",['Hinduism'],ToG,"In Hinduism, Lord Shiva represents **destruction and transformation** — the aspect of the cosmic cycle that makes way for renewal. He also embodies:

* **Asceticism** (the ultimate yogi)
* **Meditation and wisdom**
* **Paradoxes** (both destroyer and benefactor, householder and ascetic)
* **The union of opposites** (often symbolized as half-male, half-female, Ardhanarishvara)

He is part of the Trimurti (trinity) with Brahma (creation) and Vishnu (preservation).",True
WebQTest-910,webqsp,test,where did alexander graham bell die?,"Alexander Graham Bell died in Beinn Bhreagh, his estate in Nova Scotia, Canada.","['Beinn Bhreagh, Nova Scotia']",ToG,"Alexander Graham Bell died in Beinn Bhreagh, his estate in Nova Scotia, Canada.",False
WebQTest-406,webqsp,test,who is the coach of the sf giants?,"As of the 2024 season, the manager of the San Francisco Giants is Bob Melvin.","['Bill Hayes', 'Tim Flannery', 'Dave Righetti', 'Carney Lansford', 'Roberto Kelly', 'Ron Wotus', 'Mark Gardner']",ToG,"As of the 2024 season, the manager of the San Francisco Giants is Bob Melvin.",False
WebQTest-1364,webqsp,test,what do they speak in scotland?,"Scotland has three official languages: **English** (spoken by nearly everyone), **Scots**, and **Scottish Gaelic**. English is the main language of daily life, while Scots and Gaelic are spoken in specific regions and communities.",['English Language'],ToG,"Scotland has three official languages: **English** (spoken by nearly everyone), **Scots**, and **Scottish Gaelic**. English is the main language of daily life, while Scots and Gaelic are spoken in specific regions and communities.",False
WebQTest-1844,webqsp,test,who plays robin hood in prince of thieves?,Kevin Costner played Robin Hood in *Robin Hood: Prince of Thieves* (1991).,['Kevin Costner'],ToG,Kevin Costner played Robin Hood in *Robin Hood: Prince of Thieves* (1991).,True
WebQTest-1664,webqsp,test,what form of currency does germany use?,Germany uses the **euro (€)** as its official currency.,['Euro'],ToG,Germany uses the **euro (€)** as its official currency.,True
WebQTest-1593,webqsp,test,where is the thames river source?,"The source of the River Thames is officially at Thames Head, near the village of Kemble in Gloucestershire, England.",['Thames Head'],ToG,"The source of the River Thames is officially at Thames Head, near the village of Kemble in Gloucestershire, England.",True
WebQTest-340,webqsp,test,who is richard pryor son?,Richard Pryor's son is Richard Pryor Jr. (born in 1962). Pryor also had six other children from different relationships.,"['Franklin Pryor', 'Richard Pryor Jr.', 'Steven Pryor']",ToG,Richard Pryor's son is Richard Pryor Jr. (born in 1962). Pryor also had six other children from different relationships.,True
WebQTest-543,webqsp,test,what college did martin luther king jr go to?,Martin Luther King Jr. attended Morehouse College for his undergraduate degree.,"['Morehouse College', 'Crozer Theological Seminary', 'Boston University']",ToG,Martin Luther King Jr. attended Morehouse College for his undergraduate degree.,True
WebQTest-831,webqsp,test,what type of religion does argentina have?,"Argentina's official religion is Roman Catholicism, and it has the largest Catholic population in Latin America. However, the constitution guarantees freedom of religion, and there is a growing diversity of faiths, including Protestantism, Judaism, Islam, and non-religious groups.","['Judaism', 'Protestantism', 'Catholicism']",ToG,"Argentina's official religion is Roman Catholicism, and it has the largest Catholic population in Latin America. However, the constitution guarantees freedom of religion, and there is a growing diversity of faiths, including Protestantism, Judaism, Islam, and non-religious groups.",True
WebQTest-281,webqsp,test,what type of sports do japanese play?,"Japanese play a wide variety of sports, both traditional and modern. Popular modern sports include baseball, soccer (football), tennis, and golf. Traditional sports include sumo wrestling, judo, kendo (swordsmanship), and kyudo (archery).","[""Japan women's national volleyball team"", ""Japan men's national volleyball team"", 'Japan national football team', ""Japan women's national handball team"", 'Japan national baseball team', 'Japan national handball team', 'Bridgestone-Anchor', 'Burning']",ToG,"Japanese play a wide variety of sports, both traditional and modern. Popular modern sports include baseball, soccer (football), tennis, and golf. Traditional sports include sumo wrestling, judo, kendo (swordsmanship), and kyudo (archery).",False
WebQTest-1225,webqsp,test,what kourtney kardashian boyfriends name?,"Kourtney Kardashian has had several public relationships. Her most notable boyfriends include:

*   **Scott Disick** (long-term partner, three children together)
*   **Younes Bendjima** (dated after Scott)
*   **Travis Barker** (current husband, married in 2022)",['Scott Disick'],ToG,"Kourtney Kardashian has had several public relationships. Her most notable boyfriends include:

*   **Scott Disick** (long-term partner, three children together)
*   **Younes Bendjima** (dated after Scott)
*   **Travis Barker** (current husband, married in 2022)",True
WebQTest-1836,webqsp,test,where laura ingalls wilder lived?,"Laura Ingalls Wilder lived in several Midwestern U.S. locations, most famously in De Smet, South Dakota (the setting of many of her later books). She also lived in Wisconsin, Kansas, Minnesota, Iowa, and Missouri, where she wrote the ""Little House"" books at her home in Mansfield, Missouri.","['De Smet', 'Pepin', 'Kansas', 'Burr Oak', 'Walnut Grove', 'Mansfield']",ToG,"Laura Ingalls Wilder lived in several Midwestern U.S. locations, most famously in De Smet, South Dakota (the setting of many of her later books). She also lived in Wisconsin, Kansas, Minnesota, Iowa, and Missouri, where she wrote the ""Little House"" books at her home in Mansfield, Missouri.",True
WebQTest-834,webqsp,test,where did the battle of waterloo occur?,"The Battle of Waterloo was fought in present-day Belgium, just south of Brussels, near the town of Waterloo.",['Waterloo'],ToG,"The Battle of Waterloo was fought in present-day Belgium, just south of Brussels, near the town of Waterloo.",True
WebQTest-1741,webqsp,test,where is the headquarters of bank of america?,"Bank of America's headquarters is located in Charlotte, North Carolina.",['Charlotte'],ToG,"Bank of America's headquarters is located in Charlotte, North Carolina.",True
WebQTest-1198,webqsp,test,who influenced samuel taylor coleridge?,"Samuel Taylor Coleridge was influenced by figures such as Immanuel Kant, Samuel Johnson, and William Wordsworth.","['Giambattista Vico', 'Baruch Spinoza', 'Thomas Browne', 'Friedrich Wilhelm Joseph Schelling', 'Emanuel Swedenborg', 'Immanuel Kant', 'John Milton', 'William Shakespeare', 'Robert Burns', 'Algernon Charles Swinburne']",Tiered-Forest,"Samuel Taylor Coleridge was influenced by figures such as Immanuel Kant, Samuel Johnson, and William Wordsworth.",True
WebQTest-1092,webqsp,test,who did viggo mortensen play in lord of the rings?,"Viggo Mortensen played the role of Aragorn in ""The Lord of the Rings"" trilogy.",['Aragorn'],Tiered-Forest,"Viggo Mortensen played the role of Aragorn in ""The Lord of the Rings"" trilogy.",True
WebQTest-713,webqsp,test,what county is st. louis park in?,"St. Louis Park is in Hennepin County, Minnesota.",['Hennepin County'],Tiered-Forest,"St. Louis Park is in Hennepin County, Minnesota.",True
WebQTest-1637,webqsp,test,what are the catholic holy days?,"Catholic holy days include Advent, Christmas, Epiphany, Ash Wednesday, Lent, Easter, Pentecost, and various feast days of saints.","['Feast of St. Margaret of the Árpád House', 'Feast of Our Lady of Hungary', 'Feast of Our Lady of the Rosary', ""Our Lady of Aparecida's day"", 'Father Damien Day', 'Our Lady of Guadalupe Day', 'St. Spiridon Day', ""Saint Nicholas' Eve"", 'Feast of Assumption', ""Euthymius the Great's Feast Day"", 'The Feast of Our Lady of Mount Carmel', ""St. Anthony's Day"", 'Feast of Our Lady of Sorrows', ""St Joseph's Day"", ""Saint Patrick's Day"", 'Maundy Thursday', ""St. Stephen's Day"", 'Corpus Christi', 'Nativity of Mary', 'Olsok', 'Feast of the Immaculate Conception', 'Feast of the Cross', 'Feast of Christ the King', 'Name day', 'Fat Thursday', 'World Day of Peace', 'Palm Sunday', 'Saints Cyril and Methodius Day', 'Solemnity of Mary, Mother of God', 'Feast of Saints Peter and Paul', ""St Crispin's Day"", ""St Casimir's Day"", ""All Saints' Day"", 'Feast of St Francis of Assisi', 'St Nicholas Day']",Tiered-Forest,"Catholic holy days include Advent, Christmas, Epiphany, Ash Wednesday, Lent, Easter, Pentecost, and various feast days of saints.",False
WebQTest-1241,webqsp,test,where does the columbia river start?,The Columbia River starts at the confluence of the Columbia River Glacier Creek and the Rock Creek glaciers in Washington.,['Columbia Lake'],Tiered-Forest,The Columbia River starts at the confluence of the Columbia River Glacier Creek and the Rock Creek glaciers in Washington.,False
WebQTest-377,webqsp,test,what school did michael jordan attend?,Michael Jordan attended the University of North Carolina at Chapel Hill.,"['Emsley A. Laney High School', 'University of North Carolina at Chapel Hill']",Tiered-Forest,Michael Jordan attended the University of North Carolina at Chapel Hill.,True
WebQTest-1488,webqsp,test,what type of art does marc chagall do?,"Marc Chagall is known for his distinctive style of figurative paintings, prints, and drawings that blend elements of Cubism, Symbolism, and Fauvism with Jewish folklore and surrealist imagery.","['Modern art', 'Fauvism', 'Surrealism', 'Cubism', 'Expressionism']",Tiered-Forest,"Marc Chagall is known for his distinctive style of figurative paintings, prints, and drawings that blend elements of Cubism, Symbolism, and Fauvism with Jewish folklore and surrealist imagery.",True
WebQTest-383,webqsp,test,what language do chinese people write in?,"Chinese people primarily write in Chinese characters, using languages like Mandarin Chinese, Cantonese, or other Chinese languages.","['Nüshu script', 'Simplified Chinese character', 'Traditional Chinese characters', ""'Phags-pa script"", 'Chinese characters']",Tiered-Forest,"Chinese people primarily write in Chinese characters, using languages like Mandarin Chinese, Cantonese, or other Chinese languages.",True
WebQTest-1619,webqsp,test,where do the appalachian mountains run?,The Appalachian mountains run from central Canada through the eastern United States.,['North America'],Tiered-Forest,The Appalachian mountains run from central Canada through the eastern United States.,False
WebQTest-1508,webqsp,test,when did bill clinton go to college?,"Bill Clinton went to college in 1963, starting at Georgetown University and later attending the University of Arkansas.","['Yale Law School', 'Edmund A. Walsh School of Foreign Service', 'University of Oxford', 'University Yale', 'Georgetown University', 'University College, Oxford']",Tiered-Forest,"Bill Clinton went to college in 1963, starting at Georgetown University and later attending the University of Arkansas.",True
WebQTest-266,webqsp,test,what is there to do for fun in kansas city?,"Kansas City offers fun activities like visiting the Negro Leagues Baseball Museum, exploring the Brookfield Zoo, enjoying the fountains at City Hall, and sampling cuisine at various food trucks and restaurants.","['Kansas City Zoo', 'Kauffman Center for the Performing Arts', '18th and Vine-Downtown East', 'Kemper Museum of Contemporary Art', 'Liberty Memorial', 'Harry S. Truman Presidential Library and Museum', 'Crown Center', 'Worlds of Fun', 'Sprint Center', 'Negro Leagues Baseball Museum', 'Boulevard Brewing Company', 'Oceans of Fun', 'Hotel Phillips', 'Deer Creek Golf Course', 'Ewing and Muriel Kauffman Memorial Garden']",Tiered-Forest,"Kansas City offers fun activities like visiting the Negro Leagues Baseball Museum, exploring the Brookfield Zoo, enjoying the fountains at City Hall, and sampling cuisine at various food trucks and restaurants.",True
WebQTest-191,webqsp,test,where did drew brees go to college wikianswers?,Drew Brees went to college at Purdue University.,"['Stanford Graduate School of Business', 'Purdue University']",Tiered-Forest,Drew Brees went to college at Purdue University.,True
WebQTest-554,webqsp,test,what money do they use in spain?,"In Spain, they use the Euro (EUR).",['Euro'],Tiered-Forest,"In Spain, they use the Euro (EUR).",True
WebQTest-637,webqsp,test,what type of government did soviet union have?,The Soviet Union had a communist government under the control of the Communist Party.,"['Communist state', 'Socialist state', 'Soviet democracy', 'Parliamentary republic']",Tiered-Forest,The Soviet Union had a communist government under the control of the Communist Party.,False
WebQTest-875,webqsp,test,where did hugo chavez go to school?,Hugo Chavez attended military school and the Military Academy in Venezuela.,"['Julian Pino School', ""Daniel Florencio O'Leary School"", 'Simón Bolívar University', 'Bolivarian Military University of Venezuela']",Tiered-Forest,Hugo Chavez attended military school and the Military Academy in Venezuela.,False
WebQTest-438,webqsp,test,what university did romney graduated from?,Mitt Romney graduated from Brigham Young University and Harvard Business School.,['Brigham Young University'],Tiered-Forest,Mitt Romney graduated from Brigham Young University and Harvard Business School.,True
WebQTest-234,webqsp,test,what countries does the panama canal go through?,The Panama Canal goes through Panama.,['Panama'],Tiered-Forest,The Panama Canal goes through Panama.,True
WebQTest-461,webqsp,test,where did clay matthews go to school?,Clay Matthews went to the University of Oregon for his college education.,"['University of Southern California', 'Agoura High School']",Tiered-Forest,Clay Matthews went to the University of Oregon for his college education.,False
WebQTest-1441,webqsp,test,where all did picasso live?,"Pablo Picasso lived in several locations including Malaga, Barcelona, Paris, and Cannes, among others.","['Málaga', 'Madrid', 'France']",Tiered-Forest,"Pablo Picasso lived in several locations including Malaga, Barcelona, Paris, and Cannes, among others.",False
WebQTest-1622,webqsp,test,what ocean is around hawaii?,The Pacific Ocean surrounds Hawaii.,['Pacific Ocean'],Tiered-Forest,The Pacific Ocean surrounds Hawaii.,True
WebQTest-1757,webqsp,test,what did michael crabtree do?,"Michael Crabtree was an American football wide receiver who played for several NFL teams, including the San Francisco 49ers and the Kansas City Chiefs.","['Wide receiver', 'Athlete', 'American football player']",Tiered-Forest,"Michael Crabtree was an American football wide receiver who played for several NFL teams, including the San Francisco 49ers and the Kansas City Chiefs.",True
WebQTest-1328,webqsp,test,what did hayes do?,"Rutherford B. Hayes served as the 19th President of the United States, resolving a contentious election through a controversial compromise.",['US President'],Tiered-Forest,"Rutherford B. Hayes served as the 19th President of the United States, resolving a contentious election through a controversial compromise.",False
WebQTest-296,webqsp,test,what kind of government does libya have today?,"Libya has a decentralized system with a presidential council and various militias, though it lacks a stable, centralized government due to political instability and conflict.","['Provisional government', 'Parliamentary republic']",Tiered-Forest,"Libya has a decentralized system with a presidential council and various militias, though it lacks a stable, centralized government due to political instability and conflict.",False
WebQTest-527,webqsp,test,what country borders slovakia?,"Slovakia borders Austria, Hungary, Poland, Ukraine, and the Czech Republic.","['Czech Republic', 'Hungary', 'Poland', 'Ukraine', 'Austria']",Tiered-Forest,"Slovakia borders Austria, Hungary, Poland, Ukraine, and the Czech Republic.",True
WebQTest-2001,webqsp,test,who won the 2000 fa cup final?,Manchester United won the 2000 FA Cup final by defeating Liverpool 2-1.,['Chelsea F.C.'],Tiered-Forest,Manchester United won the 2000 FA Cup final by defeating Liverpool 2-1.,False
WebQTest-1997,webqsp,test,who does owen schmitt play for?,Owen Schmitt plays for the Seattle Seahawks in the NFL.,['Seattle Seahawks'],Tiered-Forest,Owen Schmitt plays for the Seattle Seahawks in the NFL.,True
WebQTest-1848,webqsp,test,what instrument does louis armstrong?,Louis Armstrong played the trumpet and later the piano.,"['Cornet', 'Trumpet']",Tiered-Forest,Louis Armstrong played the trumpet and later the piano.,True
WebQTest-482,webqsp,test,who plays blaine in batman?,"Blaine, as in Blaine the Penguin, is played by Michael J. Pollard in the 1966 Batman television series.","['Matthew Wagner', 'Danny Trejo', 'Carlos Alazraqui', 'Tom Hardy']",Tiered-Forest,"Blaine, as in Blaine the Penguin, is played by Michael J. Pollard in the 1966 Batman television series.",False
WebQTest-1780,webqsp,test,who does michael oher play for in 2010?,"In 2010, Michael Oher played for the Tennessee Titans.",['Baltimore Ravens'],Tiered-Forest,"In 2010, Michael Oher played for the Tennessee Titans.",False
WebQTest-504,webqsp,test,who was philip in acts chapter 8?,"Philip in Acts chapter 8 was an early Christian evangelist who preached the gospel and baptized new believers, notably converting the Ethiopian eunuch.",['Apostle Philip'],Tiered-Forest,"Philip in Acts chapter 8 was an early Christian evangelist who preached the gospel and baptized new believers, notably converting the Ethiopian eunuch.",False
WebQTest-410,webqsp,test,what are the major cities in ukraine?,"The major cities in Ukraine include Kyiv (the capital), Kharkiv, Donetsk, Odesa, and Lviv.",['Kiev'],Tiered-Forest,"The major cities in Ukraine include Kyiv (the capital), Kharkiv, Donetsk, Odesa, and Lviv.",False
WebQTest-2005,webqsp,test,who plays bob kelso in scrubs?,Bob Kelso is played by John C. McGinley in the TV show Scrubs.,['Ken Jenkins'],Tiered-Forest,Bob Kelso is played by John C. McGinley in the TV show Scrubs.,False
WebQTest-1894,webqsp,test,what baseball team was jackie robinson on?,Jackie Robinson was on the Brooklyn Dodgers.,"['Kansas City Monarchs', 'Montreal Royals', 'Brooklyn Dodgers']",Tiered-Forest,Jackie Robinson was on the Brooklyn Dodgers.,True
WebQTest-1303,webqsp,test,what other movies is josh hutcherson in?,"Josh Hutcherson has appeared in movies such as The Hunger Games series, Winter's Bone, and Mr. Magorium's Wonder Emporium.","['In Dubious Battle', 'The Long Home', 'Bridge to Terabithia', ""Cirque du Freak: The Vampire's Assistant"", 'Firehouse Dog', 'Winged Creatures', 'Party Wagon', 'Journey to the Center of the Earth', 'One Last Ride', 'Wilder Days', 'Miracle Dogs', 'Kicking & Screaming', 'Red Dawn', 'Motocross Kids', 'Zathura', 'The Kids Are All Right', 'The Forger', 'The Polar Express', 'RV', 'Little Manhattan', 'Journey 2: The Mysterious Island', 'American Splendor', 'Detention', 'House Blend', 'The Hunger Games', '7 Days in Havana', 'The Third Rule', 'Epic', 'The Hunger Games: Catching Fire', 'The Hunger Games: Mockingjay, Part 1', 'The Hunger Games: Mockingjay, Part 2', 'Escobar: Paradise Lost']",Tiered-Forest,"Josh Hutcherson has appeared in movies such as The Hunger Games series, Winter's Bone, and Mr. Magorium's Wonder Emporium.",True
WebQTest-1017,webqsp,test,who plays charlie in the santa clause movies?,Charlie in the Santa Claus movies is played by Michael J. Fox.,['Eric Lloyd'],Tiered-Forest,Charlie in the Santa Claus movies is played by Michael J. Fox.,False
WebQTest-1526,webqsp,test,how many languages do they speak in switzerland?,"Switzerland speaks four official languages: German, French, Italian, and Romansh.","['Italian Language', 'German Language', 'French', 'Romansh language']",Tiered-Forest,"Switzerland speaks four official languages: German, French, Italian, and Romansh.",True
WebQTest-634,webqsp,test,what county is san antonio in?,"San Antonio is in Bexar County, Texas.","['Comal County', 'Medina County', 'Bexar County']",Tiered-Forest,"San Antonio is in Bexar County, Texas.",True
WebQTest-698,webqsp,test,who is robin roberts father?,Robin Roberts' father is Paul Roberts.,['Lawrence E. Roberts'],Tiered-Forest,Robin Roberts' father is Paul Roberts.,False
WebQTest-1708,webqsp,test,what are dallas cowboys colors?,The Dallas Cowboys colors are silver and navy blue.,"['Blue', 'Navy Blue', 'Silver', 'Royal blue', 'White']",Tiered-Forest,The Dallas Cowboys colors are silver and navy blue.,True
WebQTest-1990,webqsp,test,who plays timon's voice in the lion king?,Timon's voice in The Lion King is played by Nathan Lane.,['Nathan Lane'],Tiered-Forest,Timon's voice in The Lion King is played by Nathan Lane.,True
WebQTest-163,webqsp,test,what year did the seahawks win the superbowl?,The Seattle Seahawks won Super Bowl XLIX in 2015.,['Super Bowl XLVIII'],Tiered-Forest,The Seattle Seahawks won Super Bowl XLIX in 2015.,False
WebQTest-1566,webqsp,test,what kind of guitar john mayer?,"John Mayer plays various guitars, but he is often associated with Fender guitars, particularly the Stratocaster and Telecaster models.",['Fender Stratocaster'],Tiered-Forest,"John Mayer plays various guitars, but he is often associated with Fender guitars, particularly the Stratocaster and Telecaster models.",False
WebQTest-1614,webqsp,test,what religion was king louis xiv?,King Louis XIV was a Roman Catholic.,['Catholicism'],Tiered-Forest,King Louis XIV was a Roman Catholic.,False
WebQTest-1533,webqsp,test,what planet did luke skywalker came from?,Luke Skywalker came from Tatooine.,['Polis Massa'],Tiered-Forest,Luke Skywalker came from Tatooine.,False
WebQTest-1470,webqsp,test,what kind of government does poland have?,Poland has a parliamentary representative democratic republic form of government.,"['Democracy', 'Parliamentary republic']",Tiered-Forest,Poland has a parliamentary representative democratic republic form of government.,False
WebQTest-1557,webqsp,test,where do florida panthers play?,"The Florida Panthers play at the BB&T Center in Sunrise, Florida.","['BB&T Center', 'Miami Arena']",Tiered-Forest,"The Florida Panthers play at the BB&T Center in Sunrise, Florida.",True
WebQTest-1917,webqsp,test,what did charles babbage discover?,"Charles Babbage is known for discovering the principles of the analytical engine, an early design for a general-purpose computer.","['Difference engine', 'Analytical Engine']",Tiered-Forest,"Charles Babbage is known for discovering the principles of the analytical engine, an early design for a general-purpose computer.",True
WebQTest-512,webqsp,test,who were mary shelley?,"Mary Shelley was an English novelist, best known for her Gothic novel ""Frankenstein,"" written when she was 18.","['Editor', 'Biographer', 'Playwright', 'Travel writer', 'Novelist', 'Writer', 'Essayist', 'Author']",Tiered-Forest,"Mary Shelley was an English novelist, best known for her Gothic novel ""Frankenstein,"" written when she was 18.",True
WebQTest-1047,webqsp,test,who does amy stiller play in dodgeball?,"Amy Smart plays the character of Lisa ""White Cupid"" Johnson Stiller in the movie ""Dodgeball: A True Underdog Story.""",['Keno Waitress'],Tiered-Forest,"Amy Smart plays the character of Lisa ""White Cupid"" Johnson Stiller in the movie ""Dodgeball: A True Underdog Story.""",False
WebQTest-1685,webqsp,test,where did benjamin franklin went to school?,"Benjamin Franklin was largely self-educated, but he did attend school and the Philadelphia Latin School briefly as a child.",['Boston Latin School'],Tiered-Forest,"Benjamin Franklin was largely self-educated, but he did attend school and the Philadelphia Latin School briefly as a child.",False
WebQTest-218,webqsp,test,in which continent is germany?,Germany is located in Europe.,['Europe'],Tiered-Forest,Germany is located in Europe.,True
WebQTest-938,webqsp,test,who was queen elizabeth ii mom?,"Queen Elizabeth II's mother was Queen Elizabeth The Queen Mother, originally known as Elizabeth Bowes-Lyon.",['Queen Elizabeth The Queen Mother'],Tiered-Forest,"Queen Elizabeth II's mother was Queen Elizabeth The Queen Mother, originally known as Elizabeth Bowes-Lyon.",True
WebQTest-1570,webqsp,test,where is the arizona cardinals stadium located?,"The Arizona Cardinals stadium is located in Glendale, Arizona.",['Arizona'],Tiered-Forest,"The Arizona Cardinals stadium is located in Glendale, Arizona.",True
WebQTest-935,webqsp,test,where was osama bin laden killed?,"Osama bin Laden was killed in Abbottabad, Pakistan.",['Abbottabad'],Tiered-Forest,"Osama bin Laden was killed in Abbottabad, Pakistan.",True
WebQTest-454,webqsp,test,where did hank marvin come from?,"Hank Marvin came from England, specifically from the music group The Shadows.",['Newcastle upon Tyne'],Tiered-Forest,"Hank Marvin came from England, specifically from the music group The Shadows.",False
WebQTest-1807,webqsp,test,what was wayne gretzky's first team?,Wayne Gretzky's first team was the Edmonton Oilers.,['Edmonton Oilers'],Tiered-Forest,Wayne Gretzky's first team was the Edmonton Oilers.,True
WebQTest-1960,webqsp,test,when was the last time the toronto maple leafs win the stanley cup?,The Toronto Maple Leafs last won the Stanley Cup in 1967.,['1967 Stanley Cup Finals'],Tiered-Forest,The Toronto Maple Leafs last won the Stanley Cup in 1967.,False
WebQTest-757,webqsp,test,who is angelina jolie mom and dad?,Angelina Jolie's parents are Marcheline Bertrand and Jon Voight.,"['Marcheline Bertrand', 'Jon Voight']",Tiered-Forest,Angelina Jolie's parents are Marcheline Bertrand and Jon Voight.,True
WebQTest-721,webqsp,test,what kind of leukemia did jill clayburgh have?,Jill Clayburgh had chronic myelogenous leukemia (CML).,"['B-cell chronic lymphocytic leukemia', 'Leukemia']",Tiered-Forest,Jill Clayburgh had chronic myelogenous leukemia (CML).,True
WebQTest-123,webqsp,test,what all does google now do?,"Google Now integrates various functionalities including providing personalized information, managing your calendar, giving directions, suggesting places to visit, and more, all based on your preferences and location.","['Google Classroom', 'Google Drive', 'Apache Wave', 'Google Earth', 'Google Buzz', 'Google Docs, Sheets, and Slides', 'Nexus S', 'Google Glass', 'Nexus 7', 'Nexus Q', 'Nexus 10', 'Google Maps', 'Chromecast']",Tiered-Forest,"Google Now integrates various functionalities including providing personalized information, managing your calendar, giving directions, suggesting places to visit, and more, all based on your preferences and location.",False
WebQTest-361,webqsp,test,what to do and see in vienna austria?,"In Vienna, Austria, you should visit Schönbrunn Palace, the Vienna State Opera, St. Stephen's Cathedral, and enjoy the coffeehouses and classical music concerts.","['Rock im Park', 'Schönbrunn Palace', 'Minoritenkirche', ""St. Stephen's Cathedral, Vienna"", 'Vienna State Opera', 'Liechtenstein Museum', 'Schloss Hof', 'mumok', 'Imperial Crypt', 'Belvedere, Vienna', 'Kunsthistorisches Museum', 'Karlskirche, Vienna', 'Albertina', 'Naturhistorisches Museum', 'Hofburg Palace', 'Jesuit Church, Vienna', 'Schottenkirche, Vienna', 'Museum of Military History, Vienna', 'Vienna International Centre', 'Sigmund Freud Museum', 'Vienna Observatory', 'Augustinian Church, Vienna', 'Capuchin Church, Vienna', 'Prater', 'Millennium Tower', ""St. Peter's Church"", 'Leopold Museum', 'Haus der Musik', 'Rathaus, Vienna']",Tiered-Forest,"In Vienna, Austria, you should visit Schönbrunn Palace, the Vienna State Opera, St. Stephen's Cathedral, and enjoy the coffeehouses and classical music concerts.",True
WebQTest-111,webqsp,test,where is the carpathian mountain range located?,The Carpathian mountain range is located in Central and Eastern Europe.,['Europe'],Tiered-Forest,The Carpathian mountain range is located in Central and Eastern Europe.,True
WebQTest-673,webqsp,test,where did robert kardashian go to college?,Robert Kardashian attended Santa Clara University.,"['University of San Diego', 'University of San Diego School of Law', 'University of Southern California']",Tiered-Forest,Robert Kardashian attended Santa Clara University.,False
WebQTest-987,webqsp,test,what does barbara bush do for work?,Barbara Bush was primarily known for her role as a first lady and her work as an advocate for literacy and various charitable causes.,['First Lady'],Tiered-Forest,Barbara Bush was primarily known for her role as a first lady and her work as an advocate for literacy and various charitable causes.,True
WebQTest-773,webqsp,test,where is the sony ericsson company?,"Sony Ericsson was a joint venture between Sony and Ericsson, primarily operating in Europe, the Middle East, and Africa, but it has since been discontinued, with its assets and operations integrated into other companies.",['Minato'],Tiered-Forest,"Sony Ericsson was a joint venture between Sony and Ericsson, primarily operating in Europe, the Middle East, and Africa, but it has since been discontinued, with its assets and operations integrated into other companies.",False
WebQTest-1616,webqsp,test,what did shannon hoon die from?,Shannon Hoon died from a drug overdose.,['Drug overdose'],Tiered-Forest,Shannon Hoon died from a drug overdose.,True
WebQTest-874,webqsp,test,what language do people from bosnia speak?,"People from Bosnia primarily speak Bosnian, which is similar to Serbian and Croatian and is part of the South Slavic language group.","['Serbo-Croatian Language', 'Serbian language', 'Bosnian language', 'Croatian language']",Tiered-Forest,"People from Bosnia primarily speak Bosnian, which is similar to Serbian and Croatian and is part of the South Slavic language group.",False
WebQTest-766,webqsp,test,what is malaysian currency?,The Malaysian currency is the Malaysian Ringgit (MYR).,['Malaysian ringgit'],Tiered-Forest,The Malaysian currency is the Malaysian Ringgit (MYR).,True
WebQTest-1445,webqsp,test,what tv series did mark harmon star in?,"Mark Harmon starred in the TV series ""NCIS"" as Special Agent Leroy Jethro Gibbs.","['Chicago Hope', 'Centennial', 'From the Earth to the Moon', 'St. Elsewhere', 'Flamingo Road', 'NCIS', 'Eleanor and Franklin: The White House Years', 'Sam', '240-Robert', 'Charlie Grace', 'The Dream Merchants', 'Reasonable Doubts']",Tiered-Forest,"Mark Harmon starred in the TV series ""NCIS"" as Special Agent Leroy Jethro Gibbs.",True
WebQTest-153,webqsp,test,what are the sights to see in madrid?,"The sights to see in Madrid include the Royal Palace, Retiro Park, and the Prado Museum.","['El Escorial', 'Museo Nacional Del Prado', 'Museo Nacional Centro de Arte Reina Sofía', 'Summercase', 'Festimad', 'Buen Retiro Park', 'Royal Palace of Madrid', 'Almudena Cathedral', 'Sorolla Museum', 'Plaza de Cibeles', 'Madrid Arena', 'Paseo del Prado', 'Parque Warner Madrid', 'Thyssen-Bornemisza Museum', 'Temple of Debod', 'Puerta del Sol', 'Gran Vía', 'Madrid Marathon', 'Plaza Mayor, Madrid', 'La Vaguada', 'Museum of Lázaro Galdiano', 'Palace of la Bolsa de Madrid']",Tiered-Forest,"The sights to see in Madrid include the Royal Palace, Retiro Park, and the Prado Museum.",False
WebQTest-420,webqsp,test,where is perpignan located?,"Perpignan is located in the south of France, at the foot of the Pyrenees, on the Spanish border.","['Pyrénées-Orientales', 'France', 'Languedoc-Roussillon']",Tiered-Forest,"Perpignan is located in the south of France, at the foot of the Pyrenees, on the Spanish border.",True
WebQTest-1416,webqsp,test,what was franklin pierce famous for?,"Franklin Pierce is famous for being the 14th President of the United States, particularly for his support of the Kansas-Nebraska Act.",['US President'],Tiered-Forest,"Franklin Pierce is famous for being the 14th President of the United States, particularly for his support of the Kansas-Nebraska Act.",False
WebQTest-1748,webqsp,test,through which countries of the sahel does the niger river flow?,"The Niger River flows through several Sahel countries including Mali, Niger, and Chad.","['Mali', 'Niger', 'Nigeria']",Tiered-Forest,"The Niger River flows through several Sahel countries including Mali, Niger, and Chad.",True
WebQTest-354,webqsp,test,what art movement did leonardo da vinci belong to?,Leonardo da Vinci belonged to the High Renaissance art movement.,"['Pastel Art', 'High Renaissance']",Tiered-Forest,Leonardo da Vinci belonged to the High Renaissance art movement.,True
WebQTest-1392,webqsp,test,what the language spoken in indonesia?,The official language spoken in Indonesia is Indonesian.,"['Sunda Language', 'Bali Language', 'Madura Language', 'Dutch Language', 'English Language', 'Javanese Language', 'Batak Language', 'Indonesian Language', 'Tobelo Language', 'Malay Language']",Tiered-Forest,The official language spoken in Indonesia is Indonesian.,False
WebQTest-90,webqsp,test,who played on the jeffersons?,The Jeffersons featured a ensemble cast including Sherman Hemsley as George Jefferson and Mahalia Jackson as Louise Jefferson.,"['Sherman Hemsley', 'Isabel Sanford', 'Damon Evans', 'Berlinda Tolbert', 'Roxie Roker', 'Zara Cully', 'Marla Gibbs', 'Franklin Cover', 'Paul Benedict', 'Mike Evans', 'Jay Hammer']",Tiered-Forest,The Jeffersons featured a ensemble cast including Sherman Hemsley as George Jefferson and Mahalia Jackson as Louise Jefferson.,True
WebQTest-1916,webqsp,test,what county is utica ny in?,"Utica, NY is in Oneida County.",['Oneida County'],Tiered-Forest,"Utica, NY is in Oneida County.",True
WebQTest-1489,webqsp,test,what character did billy d williams play in star wars?,Billy Dee Williams played the character Lando Calrissian in Star Wars.,['Lando Calrissian'],Tiered-Forest,Billy Dee Williams played the character Lando Calrissian in Star Wars.,True
WebQTest-1955,webqsp,test,who are the judges appointed in the supreme court?,The judges appointed to the Supreme Court are selected by the President of India and appointed by the President upon the recommendation of the Chief Justice of India.,"['Clarence Thomas', 'Antonin Scalia', 'Stephen Breyer', 'Ruth Bader Ginsburg', 'Anthony Kennedy', 'Samuel Alito', 'John Roberts', 'Elena Kagan', 'Sonia Sotomayor']",Tiered-Forest,The judges appointed to the Supreme Court are selected by the President of India and appointed by the President upon the recommendation of the Chief Justice of India.,False
WebQTest-708,webqsp,test,who won fa cup 1976?,Manchester United won the FA Cup in 1976.,['Southampton F.C.'],Tiered-Forest,Manchester United won the FA Cup in 1976.,False
WebQTest-342,webqsp,test,what countries have english as their official language?,"Many countries have English as their official language, including the United States, United Kingdom, Australia, Canada, and India, among others.","['Bahamas', 'Barbados', 'Belize', 'Bermuda', 'Botswana', 'Kenya', 'Cameroon', 'Cayman Islands', 'Cook Islands', 'Territory of Papua and New Guinea', 'Dominica', 'Fiji', 'Jersey', 'Guyana', 'Guam', 'Ghana', 'Gibraltar', 'Grenada', 'Hong Kong', 'India', 'Republic of Ireland', 'Isle of Man', 'Kiribati', 'Lesotho', 'Liberia', 'Malta', 'Marshall Islands', 'Montserrat', 'Namibia', 'Nauru', 'Nigeria', 'Papua New Guinea', 'Puerto Rico', 'Pakistan', 'Philippines', 'Rwanda', 'Saint Kitts and Nevis', 'Sierra Leone', 'Saint Lucia', 'Saint Vincent and the Grenadines', 'Samoa', 'Singapore', 'Sudan', 'Swaziland', 'Tanzania', 'Turks and Caicos Islands', 'Tuvalu', 'United Kingdom', 'Uganda', 'Vanuatu', 'Zimbabwe', 'Zambia', 'Territory of New Guinea', 'New Zealand', 'Canada', 'Gambia', 'South Africa', 'Wales', 'Antigua and Barbuda']",Tiered-Forest,"Many countries have English as their official language, including the United States, United Kingdom, Australia, Canada, and India, among others.",True
WebQTest-921,webqsp,test,what was the cause of death for huell howser?,Huell Howser died of complications from Parkinson's disease.,['Prostate cancer'],Tiered-Forest,Huell Howser died of complications from Parkinson's disease.,False
WebQTest-774,webqsp,test,what kind of currency does the dominican republic have?,The Dominican Republic uses the Dominican peso as its currency.,['Dominican peso'],Tiered-Forest,The Dominican Republic uses the Dominican peso as its currency.,True
WebQTest-279,webqsp,test,what county is st paul va in?,"St. Paul, VA is in Albemarle County, Virginia.","['Wise County', 'Russell County']",Tiered-Forest,"St. Paul, VA is in Albemarle County, Virginia.",False
WebQTest-172,webqsp,test,what do you call members of the senate?,Members of the senate are called senators.,"['President of the Senate', 'State Senator', 'Chief of staff', 'President pro tempore', 'Senator', 'Senate majority leader']",Tiered-Forest,Members of the senate are called senators.,True
WebQTest-825,webqsp,test,who does nolan ryan play for?,"Nolan Ryan played for several teams in his career, most notably the Houston Astros and Texas Rangers.","['Houston Astros', 'California Angels']",Tiered-Forest,"Nolan Ryan played for several teams in his career, most notably the Houston Astros and Texas Rangers.",True
WebQTest-128,webqsp,test,who plays juni cortez?,"Juni Cortez is played by Yara Shahidi in the sitcom ""Black-ish.""",['Daryl Sabara'],Tiered-Forest,"Juni Cortez is played by Yara Shahidi in the sitcom ""Black-ish.""",False
WebQTest-178,webqsp,test,who was the leader of the us during wwii?,The leader of the United States during WWII was President Franklin D. Roosevelt.,"['Franklin D. Roosevelt', 'Harry S. Truman']",Tiered-Forest,The leader of the United States during WWII was President Franklin D. Roosevelt.,True
WebQTest-621,webqsp,test,what countries have german as the official language?,"Germany, Austria, and Switzerland have German as their official language, with Luxembourg and parts of Belgium also recognizing it officially.","['Belgium', 'Germany', 'East Germany', 'Luxembourg', 'Liechtenstein', 'Switzerland', 'Austria']",Tiered-Forest,"Germany, Austria, and Switzerland have German as their official language, with Luxembourg and parts of Belgium also recognizing it officially.",True
WebQTest-671,webqsp,test,who are the senators of hawaii 2012?,"In 2012, the senators from Hawaii were Brian Schatz and Daniel K. Inouye (who passed away later that year, and was succeeded by Mazie Hirono).",['Mazie Hirono'],Tiered-Forest,"In 2012, the senators from Hawaii were Brian Schatz and Daniel K. Inouye (who passed away later that year, and was succeeded by Mazie Hirono).",True
WebQTest-346,webqsp,test,who does donnie wahlberg play in the sixth sense?,"In ""The Sixth Sense,"" Donnie Wahlberg plays the role of Patrick Kimble, a police detective investigating the case of a young boy who claims to see dead people.",['Vincent Grey'],Tiered-Forest,"In ""The Sixth Sense,"" Donnie Wahlberg plays the role of Patrick Kimble, a police detective investigating the case of a young boy who claims to see dead people.",False
WebQTest-331,webqsp,test,where was the temple of karnak built?,"The Temple of Karnak was built in Luxor, Egypt.","['Luxor Governorate', 'Egypt']",Tiered-Forest,"The Temple of Karnak was built in Luxor, Egypt.",True
WebQTest-100,webqsp,test,what language is spoken in haiti today?,"Haiti is primarily spoken in Haitian Creole, with French also being an official language.","['Haitian Creole', 'French']",Tiered-Forest,"Haiti is primarily spoken in Haitian Creole, with French also being an official language.",True
WebQTest-852,webqsp,test,what province is toronto in ( 7 letters )?,"1. The question asks for the province containing Toronto.  
2. Toronto is a major city in Canada.  
3. The province is Ontario.  
4. Ontario has 7 letters, which matches the hint in parentheses.  

**Answer: Ontario**",['Ontario'],Tiered-Forest,"1. The question asks for the province containing Toronto.  
2. Toronto is a major city in Canada.  
3. The province is Ontario.  
4. Ontario has 7 letters, which matches the hint in parentheses.  

**Answer: Ontario**",True
WebQTest-1634,webqsp,test,who does peter griffin voice?,Peter Griffin is voiced by Seth MacFarlane.,['Seth MacFarlane'],Tiered-Forest,Peter Griffin is voiced by Seth MacFarlane.,True
WebQTest-1915,webqsp,test,where did harry s truman go to school?,"Harry S. Truman attended the Presbyterian Church Sunday school and Central High School in Independence, Missouri, though he did not graduate from high school.","['University of Missouri–Kansas City', 'University of Missouri–Kansas City School of Law', 'William Chrisman High School']",Tiered-Forest,"Harry S. Truman attended the Presbyterian Church Sunday school and Central High School in Independence, Missouri, though he did not graduate from high school.",False
WebQTest-257,webqsp,test,who was the soviet leader during world war ii?,The Soviet leader during World War II was Joseph Stalin.,"['Nikita Khrushchev', 'Leonid Brezhnev']",Tiered-Forest,The Soviet leader during World War II was Joseph Stalin.,False
WebQTest-633,webqsp,test,what is claire danes famous for?,"Claire Danes is famous for her roles in television series like ""My So-Called Life"" and ""Homeland,"" as well as her film work in ""Dead Calm"" and ""Shakespeare in Love.""","['Actor', 'Television producer', 'Voice Actor']",Tiered-Forest,"Claire Danes is famous for her roles in television series like ""My So-Called Life"" and ""Homeland,"" as well as her film work in ""Dead Calm"" and ""Shakespeare in Love.""",False
WebQTest-1004,webqsp,test,what movies did christopher plummer play in?,"Christopher Plummer appeared in numerous films including ""The Prince of Tides,"" ""A Beautiful Mind,"" ""The Last Station,"" and ""Beginners.""","['Elsa & Fred', 'Remember', 'The Insider', 'I Love N.Y.', 'Star Trek VI: The Undiscovered Country', 'Battle of Britain', 'Malcolm X', 'The Fall of the Roman Empire', 'Little Gloria... Happy at Last', 'Money', 'Stage Struck', 'Murder by Decree', 'Triple Cross', ""A Doll's House"", 'Young Catherine', 'Dolores Claiborne', 'Lily in Love', 'The Imaginarium of Doctor Parnassus', 'Up', 'The Pyx', 'Babes in Toyland', 'Eyewitness', 'The Clown at Midnight', 'Firehead', 'Nicholas Nickleby', '9', 'American Tragedy', 'Hamlet at Elsinore', 'Wolf', 'National Treasure', 'Man in the Chair', 'Lucky Break', 'Ararat', 'Riel', 'Somewhere in Time', 'The Amateur', 'An American Tail', 'The Spiral Staircase', 'My Dog Tulip', 'The Last Station', 'Alexander', 'A Hazard of Hearts', 'Conduct Unbecoming', 'Aces High', 'Already Dead', 'The Conspiracy of Fear', ""Liar's Edge"", 'Blackheart', 'Blizzard', 'The Dinosaur Hunter', 'Prototype', 'The First Circle', 'Dracula 2000', 'Lock Up Your Daughters', 'Nobody Runs Forever', 'The New World', 'Dreamscape', 'Cold Creek Manor', ""The Boss' Wife"", 'Wind Across the Everglades', 'Our Fathers', 'Inside Daisy Clover', 'The Return of the Pink Panther', 'When the Circus Came to Town', 'Shadow Dancing', 'Rock-a-Doodle', 'On Golden Pond', 'The Night of the Generals', 'Hanover Street', 'Gandahar', 'The Man Who Planted Trees', 'Secrets', 'Possessed', 'Priest', 'Syriana', 'The Scarlet and the Black', 'Must Love Dogs', '12 Monkeys', 'Waterloo', 'Where the Heart Is', 'Full Disclosure', 'Starcrash', 'The Boy in Blue', 'A Beautiful Mind', 'Inside Man', 'The Man Who Would Be King', 'Winchell', 'Beginners', 'Dragnet', 'Ordeal by Innocence', 'Impolite', 'Vampire in Venice', 'The Lake House', 'Night Flight', 'The Day That Shook the World', 'The Gospel of John', 'Heidi', 'Madeline: Lost in Paris', 'Oedipus the King', 'The Royal Hunt of the Sun', 'Woman Wanted', ""A Marriage: Georgia O'Keeffe and Alfred Stieglitz"", 'The Sound of Music', 'Four Minutes', 'Hidden Agenda', 'The Assignment', 'Highpoint', 'Souvenir', 'Harrison Bergeron', 'The Girl with the Dragon Tattoo', 'Five Good Years', 'The Silent Partner', 'Closing the Ring', 'International Velvet', 'Rumpelstiltskin', 'Silver Blaze', 'Emotional Arithmetic', 'Barrymore', 'Dark Descent of the Forgotten Empress', 'Kali the Little Vampire', 'Skeletons', ""The Gnomes' Great Adventure"", 'Imagine', 'The Legend of Sarila', 'The Tempest', 'Hector and the Search for Happiness', 'Caesar and Cleopatra', ""Muhammad Ali's Greatest Fight"", 'The Forger']",Tiered-Forest,"Christopher Plummer appeared in numerous films including ""The Prince of Tides,"" ""A Beautiful Mind,"" ""The Last Station,"" and ""Beginners.""",True
WebQTest-797,webqsp,test,what is the zip code for newark california?,"The primary zip code for Newark, California is 94560.",['94560'],Tiered-Forest,"The primary zip code for Newark, California is 94560.",True
WebQTest-1252,webqsp,test,who plays eowyn in lord of the rings?,"Eowyn in ""The Lord of the Rings"" films is played by Miranda Otto.",['Miranda Otto'],Tiered-Forest,"Eowyn in ""The Lord of the Rings"" films is played by Miranda Otto.",True
WebQTest-184,webqsp,test,what state does romney live in?,Mitt Romney lives in Utah.,['Massachusetts'],Tiered-Forest,Mitt Romney lives in Utah.,False
WebQTest-2012,webqsp,test,what is london uk time zone?,"London, UK is in the Greenwich Mean Time (GMT) zone and British Summer Time (BST), which is GMT+1 from March to October.",['Greenwich Mean Time Zone'],Tiered-Forest,"London, UK is in the Greenwich Mean Time (GMT) zone and British Summer Time (BST), which is GMT+1 from March to October.",False
WebQTest-318,webqsp,test,what is the money of switzerland called?,The money of Switzerland is called the Swiss franc.,['Swiss franc'],Tiered-Forest,The money of Switzerland is called the Swiss franc.,True
WebQTest-1007,webqsp,test,what district does nancy pelosi represent?,Nancy Pelosi represents California's 12th district.,"['California’s 5th congressional district', 'California’s 8th congressional district', 'California’s 12th congressional district']",Tiered-Forest,Nancy Pelosi represents California's 12th district.,False
WebQTest-1911,webqsp,test,where did scott fitzgerald go to college?,Scott Fitzgerald went to Princeton University.,['Princeton University'],Tiered-Forest,Scott Fitzgerald went to Princeton University.,True
WebQTest-1121,webqsp,test,what is kentucky state slogan?,"The Kentucky state slogan is ""The Horse State.""","['United we stand, divided we fall']",Tiered-Forest,"The Kentucky state slogan is ""The Horse State.""",False
WebQTest-224,webqsp,test,where did william morris go to college?,William Morris attended Marlborough College and later Oxford University.,"['University of Oxford', 'Exeter College, Oxford']",Tiered-Forest,William Morris attended Marlborough College and later Oxford University.,False
WebQTest-617,webqsp,test,where did tim tebow grow up?,"Tim Tebow grew up in Ocala, Florida.",['Makati'],Tiered-Forest,"Tim Tebow grew up in Ocala, Florida.",False
WebQTest-1251,webqsp,test,which countries speak germanic languages?,"Countries that speak Germanic languages include Germany, Austria, Switzerland, Belgium (German-speaking), Netherlands, Denmark, Norway, Sweden, and parts of Italy and Poland.","['Belgium', 'Germany', 'East Germany', 'Luxembourg', 'Liechtenstein', 'Switzerland', 'Austria']",Tiered-Forest,"Countries that speak Germanic languages include Germany, Austria, Switzerland, Belgium (German-speaking), Netherlands, Denmark, Norway, Sweden, and parts of Italy and Poland.",True
WebQTest-124,webqsp,test,what language does egyptian people speak?,Egyptian people primarily speak Arabic.,['Modern Standard Arabic'],Tiered-Forest,Egyptian people primarily speak Arabic.,False
WebQTest-1230,webqsp,test,what to see in christchurch new zealand?,"In Christchurch, New Zealand, you should see the iconic ChristChurch Cathedral, the Botanic Gardens, and the Arts Centre.","['International Antarctic Centre', 'Ferrymead Heritage Park', 'Cathedral Square, Christchurch', 'Willowbank Wildlife Reserve, Christchurch', 'Christchurch Botanic Gardens', 'Christchurch Arts Centre', 'Air Force Museum of New Zealand', 'Canterbury Museum, Christchurch', 'TranzAlpine', 'Lyttelton Timeball Station']",Tiered-Forest,"In Christchurch, New Zealand, you should see the iconic ChristChurch Cathedral, the Botanic Gardens, and the Arts Centre.",False
WebQTest-204,webqsp,test,what is the capital of modern egypt?,The capital of modern Egypt is Cairo.,['Cairo'],Tiered-Forest,The capital of modern Egypt is Cairo.,True
WebQTest-1070,webqsp,test,what are the names of michael jackson's 3 children?,"Michael Jackson's three children are Prince, Paris, and Blanket (born as Kyrie Alaina).","['Paris-Michael Katherine Jackson', 'Michael Joseph Jackson, Jr.', 'Prince Michael Jackson II']",Tiered-Forest,"Michael Jackson's three children are Prince, Paris, and Blanket (born as Kyrie Alaina).",False
WebQTest-166,webqsp,test,what was dr seuss education?,Dr. Seuss had a degree in Fine Arts from Dartmouth College.,"['Dartmouth College', 'University of Oxford', 'Lincoln College, Oxford']",Tiered-Forest,Dr. Seuss had a degree in Fine Arts from Dartmouth College.,True
WebQTest-1217,webqsp,test,what is monta ellis career high points?,Monta Ellis's career high points in a game was 36 points.,['NBA Most Improved Player Award'],Tiered-Forest,Monta Ellis's career high points in a game was 36 points.,False
WebQTest-717,webqsp,test,what timezone is tucson arizona in right now?,"Tucson, Arizona is currently in the Mountain Time Zone (MT).",['Mountain Time Zone'],Tiered-Forest,"Tucson, Arizona is currently in the Mountain Time Zone (MT).",True
WebQTest-575,webqsp,test,who is louisiana state senator?,"The specific Louisiana state senators can change with elections, so a current list would be available on the Louisiana Secretary of State's website or other reliable news sources.","['John Slidell', 'Mary Landrieu', 'Edward Livingston', 'Judah P. Benjamin', 'Russell B. Long', 'John Breaux', 'David Vitter', 'William C. C. Claiborne', 'Edward Douglass White', 'Pierre Soulé', 'James Brown', 'Thomas Posey', 'Charles Magill Conrad', 'Eligius Fromentin', 'Jean Noel Destréhan', 'Henry Johnson', 'Alexander Barrow', 'Charles Dominique Joseph Bouligny', 'Jeremiah B. Howell', 'George A. Waggaman', 'Robert C. Nicholas', 'Allan B. Magruder', 'Josiah S. Johnston', 'Alexander Porter', 'Alexandre Mouton', 'Huey Long']",Tiered-Forest,"The specific Louisiana state senators can change with elections, so a current list would be available on the Louisiana Secretary of State's website or other reliable news sources.",False
WebQTest-96,webqsp,test,where did richard nixon die?,"Richard Nixon died in New York City on April 22, 1994.",['New York City'],Tiered-Forest,"Richard Nixon died in New York City on April 22, 1994.",True
WebQTest-1357,webqsp,test,where is the fukushima daiichi nuclear power station?,"Fukushima Daiichi nuclear power station is located in Fukushima Prefecture, Japan.","['Japan', 'Okuma']",Tiered-Forest,"Fukushima Daiichi nuclear power station is located in Fukushima Prefecture, Japan.",True
WebQTest-968,webqsp,test,what do people speak in germany?,People in Germany primarily speak German.,"['Bavarian Language', 'Frisian, Northern Language', 'German Language', 'Turoyo Language', 'Saxon, Upper Language', 'Low German']",Tiered-Forest,People in Germany primarily speak German.,False
WebQTest-277,webqsp,test,who was esther's husband?,Esther's husband in the biblical story is Mordecai.,"['Xerxes I', 'Ahasuerus']",Tiered-Forest,Esther's husband in the biblical story is Mordecai.,False
WebQTest-1774,webqsp,test,who was judi dench married to?,Judi Dench was married to Michael Williams from 1964 until his death in 2009.,['Michael Williams'],Tiered-Forest,Judi Dench was married to Michael Williams from 1964 until his death in 2009.,True
WebQTest-306,webqsp,test,who is the head coach of inter milan?,The head coach of Inter Milan is Simone Inzaghi.,['Walter Mazzarri'],Tiered-Forest,The head coach of Inter Milan is Simone Inzaghi.,False
WebQTest-1429,webqsp,test,what currency is accepted in new zealand?,The currency accepted in New Zealand is the New Zealand dollar.,['New Zealand dollar'],Tiered-Forest,The currency accepted in New Zealand is the New Zealand dollar.,True
WebQTest-214,webqsp,test,which continents were part of the roman empire?,"The Roman Empire at its height included parts of Europe, Asia, and Africa.","['Europe', 'Middle East', 'North Africa']",Tiered-Forest,"The Roman Empire at its height included parts of Europe, Asia, and Africa.",True
WebQTest-1586,webqsp,test,who was queen isabella's mother?,Queen Isabella of Castile's mother was Queen Maria of Portugal.,"['Isabella of Portugal, Queen of Castile']",Tiered-Forest,Queen Isabella of Castile's mother was Queen Maria of Portugal.,False
WebQTest-213,webqsp,test,who did scarlett johansson date?,"Scarlett Johansson has dated several people throughout her career, including Romain Dauriac, Ryan Reynolds, and Colin Farrell, among others.","['nm1157013', 'Josh Hartnett', 'Topher Grace', 'Jared Leto', 'Ryan Reynolds', 'Patrick Wilson', 'Justin Timberlake', 'Benicio del Toro', 'Romain Dauriac']",Tiered-Forest,"Scarlett Johansson has dated several people throughout her career, including Romain Dauriac, Ryan Reynolds, and Colin Farrell, among others.",True
WebQTest-1085,webqsp,test,who was demi lovato dating?,"Demi Lovato has dated several people, including Ne-Yo, Max Thieriot, and Charli D'Amelio, among others.","['Nicholas Braun', 'Joe Jonas', 'Cody Linley', 'Wilmer Valderrama']",Tiered-Forest,"Demi Lovato has dated several people, including Ne-Yo, Max Thieriot, and Charli D'Amelio, among others.",False
WebQTest-1304,webqsp,test,what was hitler the leader of?,"Hitler was the leader of Nazi Germany, formally known as the German Reich.","['Hitler Youth', 'Gestapo', '1st SS Panzer Division Leibstandarte SS Adolf Hitler', 'Nazi Party', 'Schutzstaffel', 'Waffen-SS', 'Wehrmacht', 'Sturmabteilung']",Tiered-Forest,"Hitler was the leader of Nazi Germany, formally known as the German Reich.",False
WebQTest-1610,webqsp,test,who was gerald ford vp?,Gerald Ford was Vice President under Richard Nixon and became the 38th President of the United States after Nixon's resignation.,['Nelson Rockefeller'],Tiered-Forest,Gerald Ford was Vice President under Richard Nixon and became the 38th President of the United States after Nixon's resignation.,False
WebQTest-440,webqsp,test,where is jason mraz from?,"Jason Mraz is from Sparks, Nevada, United States.","['California', 'Mechanicsville']",Tiered-Forest,"Jason Mraz is from Sparks, Nevada, United States.",False
WebQTest-108,webqsp,test,what was the book written by charles darwin?,"Charles Darwin wrote ""On the Origin of Species,"" which presented his theory of evolution by natural selection.","[""Charles Darwin's zoology notes & specimen lists from H.M.S. Beagle"", 'From so simple a beginning', 'On Natural Selection', 'Voyage of the Beagle', 'On evolution', 'The origin of species : complete and fully illustrated', ""A student's introduction to Charles Darwin"", 'The expression of the emotions in man and animals', 'The Structure and Distribution of Coral Reefs', 'The descent of man, and selection in relation to sex', 'The origin of species by means of natural selection, or, The preservation of favored races in the struggle for life', ""Charles Darwin's letters"", ""Charles Darwin's natural selection"", 'The Autobiography of Charles Darwin (Great Minds Series)', 'The Correspondence of Charles Darwin, Volume 1', 'The origin of species', 'Origin of Species', ""The Origin of Species (Collector's Library)"", 'The Origin of Species (Variorum Reprint)', 'The Origin of Species (Mentor)', ""The Origin of Species (World's Classics)"", 'The Origin of Species (Enriched Classics)', ""The Origin of Species (Oxford World's Classics)"", ""Origin of Species (Everyman's University Paperbacks)"", 'The Origin of Species (Great Minds Series)', 'The Origin of Species (Great Books : Learning Channel)', 'THE ORIGIN OF SPECIES (Wordsworth Collection) (Wordsworth Collection)', 'Origin of Species (Harvard Classics, Part 11)', 'The Origin of Species (Barnes & Noble Classics Series) (Barnes & Noble Classics)', 'The Autobiography of Charles Darwin', 'Autobiography of Charles Darwin', 'The Autobiography of Charles Darwin (Dodo Press)', 'The autobiography of Charles Darwin, 1809-1882', 'The Autobiography of Charles Darwin [EasyRead Edition]', 'The Autobiography of Charles Darwin (Large Print)', 'The Autobiography of Charles Darwin, and selected letters', 'The Autobiography of Charles Darwin [EasyRead Comfort Edition]', 'The Autobiography of Charles Darwin [EasyRead Large Edition]', 'The descent of man, and selection in relation to sex.', 'The descent of man and selection in relation to sex.', 'The Descent of Man and Selection in Relation to Sex', 'Descent of Man and Selection in Relation to Sex (Barnes & Noble Library of Essential Reading)', ""The Descent Of Man And Selection In Relation To Sex (Kessinger Publishing's Rare Reprints)"", 'The expression of the emotions in man and animals.', 'The Expression of the Emotions in Man and Animals (Large Print Edition): The Expression of the Emotions in Man and Animals (Large Print Edition)', 'The Voyage of the Beagle', 'The Correspondence of Charles Darwin, Volume 6', 'The Correspondence of Charles Darwin, Volume 11', 'The Correspondence of Charles Darwin, Volume 5', 'The Correspondence of Charles Darwin, Volume 9', 'The Correspondence of Charles Darwin, Volume 10', 'The Correspondence of Charles Darwin, Volume 7', 'The Correspondence of Charles Darwin, Volume 14', 'The Correspondence of Charles Darwin, Volume 8', 'The Correspondence of Charles Darwin, Volume 15', 'The Correspondence of Charles Darwin, Volume 13', 'The Correspondence of Charles Darwin, Volume 12', 'The Correspondence of Charles Darwin, Volume 2', 'The Correspondence of Charles Darwin, Volume 3', 'The Correspondence of Charles Darwin, Volume 4', 'The structure and distribution of coral reefs.', 'The voyage of the Beagle.', 'The Voyage of the \\""Beagle\\"" (Everyman\'s Classics)', 'The Voyage of the Beagle (Adventure Classics)', 'The Voyage of the Beagle (Everyman Paperbacks)', 'Voyage of the Beagle (Dover Value Editions)', 'The Voyage of the Beagle (Unabridged Classics)', 'The Voyage of the Beagle (Mentor)', 'The Voyage of the Beagle (Great Minds Series)', 'Voyage of the Beagle (NG Adventure Classics)', 'Voyage of the Beagle (Harvard Classics, Part 29)', 'The Voyage of the Beagle (Classics of World Literature) (Classics of World Literature)', 'The Darwin Reader First Edition', 'The Darwin Reader Second Edition', 'The zoology of the voyage of H.M.S. Beagle during the years 1832-1836', 'The Effects of Cross and Self Fertilisation in the Vegetable Kingdom', 'The Different Forms of Flowers on Plants of the Same Species', 'The Essential Darwin', 'Fertilisation of Orchids', 'The Formation of Vegetable Mould through the Action of Worms', 'The principal works', 'ontstaan der soorten door natuurlijke teeltkeus', 'More Letters of Charles Darwin', 'Der Ausdruck der Gemüthsbewegungen bei dem Menschen und den Thieren', 'Wu zhong qi yuan', 'The collected papers of Charles Darwin', 'Reise eines Naturforschers um die Welt', 'Rejse om jorden', 'Das Variiren der Thiere und Pflanzen im Zustande der Domestication', 'Leben und Briefe von Charles Darwin', 'La faculté motrice dans les plantes', 'Darwin for Today', 'Die Bewegungen und Lebensweise der kletternden Pflanzen', 'red notebook of Charles Darwin', 'Darwin en Patagonia', 'Die geschlechtliche Zuchtwahl', 'Het uitdrukken van emoties bij mens en dier', 'variëeren der huisdieren en cultuurplanten', 'To the members of the Down Friendly Club', 'Letters from C. Darwin, Esq., to A. Hancock, Esq', 'Cartas de Darwin 18251859', 'Darwin and Henslow', ""Darwin's notebooks on transmutation of species"", 'El Origin De Las Especies', 'A Darwin Selection', 'Vospominanii︠a︡ o razvitii moego uma i kharaktera', ""Voyage d'un naturaliste autour du monde"", ""Théorie de l'évolution"", 'Notebooks on transmutation of species', 'Darwin on humus and the earthworm', 'Opshṭamung fun menshen', 'Über den Bau und die Verbreitung der Corallen-Riffe', 'Darwin Compendium', 'The geology of the voyage of H.M.S. Beagle', 'Gesammelte kleinere Schriften', 'The portable Darwin', 'H.M.S. Beagle in South America', 'Diario del Viaje de Un Naturalista Alrededor', 'Reise um die Welt 1831 - 36', 'Viaje de Un Naturalista Alrededor del Mundo 2 Vol', 'Die fundamente zur entstehung der arten', 'Metaphysics, Materialism, & the evolution of mind', 'Über die Wege der Hummel-Männchen', 'The education of Darwin', 'monograph on the sub-class Cirripedia', 'The Orgin of Species', 'Questions about the breeding of animals', 'Kleinere geologische Abhandlungen', 'Darwin Darwin', 'Les mouvements et les habitudes des plantes grimpantes', 'Les récifs de corail, leur structure et leur distribution', 'Die Entstehung der Arten durch natürliche Zuchtwahl', 'Del Plata a Tierra del Fuego', 'Darwinism stated by Darwin himself', ""Human nature, Darwin's view"", 'The action of carbonate of ammonia on the roots of certain plants', 'Darwin-Wallace', 'Die Wirkungen der Kreuz- und Selbst-Befruchtung im Pflanzenreich', ""From Darwin's unpublished notebooks"", 'Beagle letters', 'The living thoughts of Darwin', 'Notes on the fertilization of orchids', 'Volcanic Islands', ""Darwin's journal"", 'Memorias y epistolario íntimo', 'On the tendency of species to form varieties', ""Darwin's Ornithological notes"", 'Proiskhozhdenie vidov', 'The Power of Movement in Plants', 'Seul celui qui change reste fidèle à lui-même', ""Les moyens d'expression chez les animaux"", 'Part I: Contributions to the Theory of Natural Selection / Part II', 'Resa kring jorden', 'Tesakneri tsagumě', 'La vie et la correspondance de Charles Darwin', 'Evolution by natural selection', 'Motsa ha-minim', ""La descendance de l'homme et la s©Øelection sexuelle"", ""Un mémoire inédit de Charles Darwin sur l'instinct"", 'Die verschiedenen Blütenformen an Pflanzen der nämlichen Art', ""Darwin's insects"", 'Diary of the voyage of H.M.S. Beagle', 'geneseōs tōn eidōn', 'Insectivorous Plants', 'The Variation of Animals and Plants under Domestication', 'Charles Darwin, 1809-1882--Anton Dohrn, 1840-1909', 'On a remarkable bar of sandstone off Pernambuco', 'The voyage of Charles Darwin', 'Works', ""Geological observations on the volcanic islands and parts of South America visited during the voyage of H.M.S. 'Beagle"", ""Journal of researches into the natural history and geology of the countries visited during the voyage round the world of the H. M. S. 'Beagle' under the command of Captain Fitz Roy, R. N"", 'Charles Darwin', 'Charles Darwin on the routes of male humble bees', ""Charles Darwin's marginalia"", 'Darwin', 'Evolution', 'Evolution and natural selection', 'The foundations of the Origin of species', 'Monographs of the fossil Lepadidae and the fossil Balanidae', 'On the origin of species by means of natural selection', 'Origins', 'The Life of Erasmus Darwin', 'The Correspondence of Charles Darwin, Volume 1: 1821-1836', 'The Correspondence of Charles Darwin, Volume 2: 1837-1843', 'The Correspondence of Charles Darwin, Volume 3: 1844-1846', 'The Correspondence of Charles Darwin, Volume 8: 1860', 'The Correspondence of Charles Darwin, Volume 4: 1847-1850', 'The Correspondence of Charles Darwin, Volume 5: 1851-1855', 'The Correspondence of Charles Darwin, Volume 6: 1856-1857', 'The Correspondence of Charles Darwin, Volume 7: 1858-1859', 'The Correspondence of Charles Darwin, Volume 9: 1861', 'The Correspondence of Charles Darwin, Volume 10: 1862', 'The Correspondence of Charles Darwin, Volume 11: 1863', 'The Correspondence of Charles Darwin, Volume 12: 1864', 'The Correspondence of Charles Darwin, Volume 13: 1865', 'The Correspondence of Charles Darwin, Volume 14: 1866', 'The Correspondence of Charles Darwin, Volume 15: 1867', 'The Correspondence of Charles Darwin, Volume 18: 1870', 'The Correspondence of Charles Darwin, Volume 17: 1869', 'The Correspondence of Charles Darwin, Volume 16: 1868', 'On the Movements and Habits of Climbing Plants', 'Geological Observations on South America']",Tiered-Forest,"Charles Darwin wrote ""On the Origin of Species,"" which presented his theory of evolution by natural selection.",True
WebQTest-1434,webqsp,test,who is in the american league in baseball?,"The American League in baseball consists of 15 teams across three divisions: the AL East, AL Central, and AL West.","['Boston Red Sox', 'Baltimore Orioles', 'Chicago White Sox', 'Cleveland Indians', 'Detroit Tigers', 'Houston Astros', 'Kansas City Royals', 'Los Angeles Angels of Anaheim', 'Minnesota Twins', 'Washington Senators', 'Oakland Athletics', 'Philadelphia Athletics', 'Tampa Bay Devil Rays', 'Seattle Mariners', 'Toronto Blue Jays', 'Tampa Bay Rays', 'Texas Rangers', 'New York Yankees', 'Seattle Pilots', 'St. Louis Browns', 'Milwaukee Brewers', 'New York Highlanders', 'Chicago White Stockings', 'Cleveland Naps', 'Kansas City Athletics', 'California Angels', 'Anaheim Angels']",Tiered-Forest,"The American League in baseball consists of 15 teams across three divisions: the AL East, AL Central, and AL West.",False
WebQTest-1875,webqsp,test,what type of political system is brazil?,Brazil has a federal republic political system.,"['Presidential system', 'Constitutional republic', 'Federal republic']",Tiered-Forest,Brazil has a federal republic political system.,True
WebQTest-1670,webqsp,test,who is tatyana ali parents?,Tatyana Ali's parents are Barry Allen and Arlene Johnson Allen.,"['Sheriff Ali', 'Sonia Ali']",Tiered-Forest,Tatyana Ali's parents are Barry Allen and Arlene Johnson Allen.,False
WebQTest-1853,webqsp,test,what made richard hammond famous?,"Richard Hammond gained fame as a presenter on automotive-themed television shows, particularly for his roles in ""Top Gear"" and ""Hammond's Junkyard Cars.""","['Presenter', 'Stunt Performer', 'Television producer', 'Radio personality', 'Writer', 'Journalist', 'Screenwriter', 'Author', 'Voice Actor']",Tiered-Forest,"Richard Hammond gained fame as a presenter on automotive-themed television shows, particularly for his roles in ""Top Gear"" and ""Hammond's Junkyard Cars.""",True
WebQTest-667,webqsp,test,what is the capital of republic of ireland?,The capital of the Republic of Ireland is Dublin.,['Dublin'],Tiered-Forest,The capital of the Republic of Ireland is Dublin.,True
WebQTest-1181,webqsp,test,what is the current time in kauai hawaii?,"I don't have real-time data access, so I can't provide the current time in Kauai, Hawaii. Check a reliable time zone converter or a current weather/time source for the most accurate information.",['Hawaii-Aleutian Time Zone'],Tiered-Forest,"I don't have real-time data access, so I can't provide the current time in Kauai, Hawaii. Check a reliable time zone converter or a current weather/time source for the most accurate information.",False
WebQTest-397,webqsp,test,what are the school colors for harvard university?,The school colors for Harvard University are crimson and gold.,['Crimson'],Tiered-Forest,The school colors for Harvard University are crimson and gold.,True
WebQTest-60,webqsp,test,where did eleanor roosevelt die?,Eleanor Roosevelt died in New York City.,['Manhattan'],Tiered-Forest,Eleanor Roosevelt died in New York City.,False
WebQTest-284,webqsp,test,where did the latin language originate from?,The Latin language originated from the Italic branch of the Indo-European language family and was developed in the Latium region of Italy.,"['Italic languages', 'Indo-European languages']",Tiered-Forest,The Latin language originated from the Italic branch of the Indo-European language family and was developed in the Latium region of Italy.,False
WebQTest-481,webqsp,test,what kind of money do they use in germany?,They use the Euro (EUR) in Germany.,['Euro'],Tiered-Forest,They use the Euro (EUR) in Germany.,True
WebQTest-1972,webqsp,test,where did john franklin live?,"John Franklin lived in various locations including London, England, and areas of the Canadian Arctic during his expeditions.",['Blue Island'],Tiered-Forest,"John Franklin lived in various locations including London, England, and areas of the Canadian Arctic during his expeditions.",False
WebQTest-1350,webqsp,test,what did jesse owens won?,Jesse Owens won four gold medals in the 1936 Berlin Olympics.,['Associated Press Male Athlete of the Year'],Tiered-Forest,Jesse Owens won four gold medals in the 1936 Berlin Olympics.,False
WebQTest-1656,webqsp,test,what are some of leonardo da vinci most famous inventions?,"Some of Leonardo da Vinci's most famous inventions include the flying machine, armored vehicle, and diving suit.","['Anemometer', 'Diving suit', 'Ornithopter', 'Viola organista', 'Double hull', 'Parachute', 'Triple Barrel Canon', '33-Barreled Organ', 'Aerial Screw', 'Armored car']",Tiered-Forest,"Some of Leonardo da Vinci's most famous inventions include the flying machine, armored vehicle, and diving suit.",True
WebQTest-1771,webqsp,test,what is the islamic belief?,"Islamic belief centers around the Quran, the words of Allah as revealed to the Prophet Muhammad, and the teachings and practices based on the Five Pillars of Islam.","['Mahdi', 'Tawhid', 'Prophets in Islam', 'Predestination in Islam', 'Entering Heaven alive', 'Monotheism', 'Islamic view of angels', 'Qiyamah', 'Sharia', 'Masih ad-Dajjal', 'Islamic holy books', 'God in Islam', 'Ṭūbā']",Tiered-Forest,"Islamic belief centers around the Quran, the words of Allah as revealed to the Prophet Muhammad, and the teachings and practices based on the Five Pillars of Islam.",False
WebQTest-1569,webqsp,test,what jamaican money called?,Jamaican money is called Jamaican dollars.,['Jamaican dollar'],Tiered-Forest,Jamaican money is called Jamaican dollars.,True
WebQTest-1132,webqsp,test,what did coretta scott king died from?,Coretta Scott King died from complications related to bladder cancer and kidney failure.,['Respiratory failure'],Tiered-Forest,Coretta Scott King died from complications related to bladder cancer and kidney failure.,False
WebQTest-823,webqsp,test,what does bolivia border?,"Bolivia borders Brazil, Paraguay, Argentina, Chile, and Peru.","['Brazil', 'Peru', 'Chile', 'Paraguay', 'Argentina']",Tiered-Forest,"Bolivia borders Brazil, Paraguay, Argentina, Chile, and Peru.",True
WebQTest-1282,webqsp,test,under what political system does the united states government operate?,The United States government operates under a federal republic political system.,"['Presidential system', 'Constitutional republic', 'Federal republic']",Tiered-Forest,The United States government operates under a federal republic political system.,True
WebQTest-564,webqsp,test,what is arkansas state capitol?,"The Arkansas State Capitol is the seat of government for the U.S. state of Arkansas, located in Little Rock.",['Little Rock'],Tiered-Forest,"The Arkansas State Capitol is the seat of government for the U.S. state of Arkansas, located in Little Rock.",True
WebQTest-534,webqsp,test,what is the milwaukee brewers mascot?,The Milwaukee Brewers' mascot is a beer bottle named Mr. Beer.,"['Hank', 'Bernie Brewer', 'Bonnie Brewer']",Tiered-Forest,The Milwaukee Brewers' mascot is a beer bottle named Mr. Beer.,False
WebQTest-873,webqsp,test,where does toronto get its water from?,Toronto gets its water primarily from the Lake Ontario and the Highland Creek Water Treatment Plant.,['Ashbridges Bay Wastewater Treatment Plant'],Tiered-Forest,Toronto gets its water primarily from the Lake Ontario and the Highland Creek Water Treatment Plant.,False
WebQTest-918,webqsp,test,who is the king of cambodia now?,The king of Cambodia now is King Norodom Sihamoni.,['Norodom Sihamoni'],Tiered-Forest,The king of Cambodia now is King Norodom Sihamoni.,True
WebQTest-531,webqsp,test,what style of music does michael jackson perform?,"Michael Jackson performed in a style that blended pop, R&B, rock, and funk.","['New jack swing', 'Contemporary R&B', 'Disco', 'Motown Sound', 'Electronic music', 'Dance-pop', 'Adult contemporary music', 'Funk', 'Post-disco', 'Pop rock', 'Pop music', 'Rock music', 'Rhythm and blues', 'Dance music', 'Soul music']",Tiered-Forest,"Michael Jackson performed in a style that blended pop, R&B, rock, and funk.",True
WebQTest-1323,webqsp,test,what to visit in atlanta?,"Visit the Georgia Aquarium, World of Coca-Cola, and Martin Luther King Jr. National Historical Park in Atlanta.","['Atlanta Symphony Orchestra', 'Turner Field', 'Cobb Energy Performing Arts Centre', 'Four Seasons Hotel Atlanta', 'Underground Atlanta', 'Atlanta Marriott Marquis', 'Georgia World Congress Center', 'The Tabernacle', 'Peachtree Road Race', 'Georgia Aquarium', 'Georgia Dome', 'Philips Arena', 'Omni Coliseum', 'Hyatt Regency Atlanta', 'Centennial Olympic Park', 'Zoo Atlanta', 'Six Flags Over Georgia', 'Six Flags White Water', 'Atlanta Cyclorama & Civil War Museum', 'Georgia State Capitol', 'World of Coca-Cola', 'CNN Center', 'Fernbank Science Center', 'Fernbank Museum of Natural History', 'Fox Theatre', 'Woodruff Arts Center', 'Margaret Mitchell House & Museum', 'Martin Luther King, Jr. National Historic Site', 'Atlanta History Center', 'Variety Playhouse', 'Jimmy Carter Library and Museum', 'Masquerade', 'Arbor Place Mall', 'Atlanta Ballet', 'Center for Puppetry Arts', 'Atlanta Jewish Film Festival']",Tiered-Forest,"Visit the Georgia Aquarium, World of Coca-Cola, and Martin Luther King Jr. National Historical Park in Atlanta.",True
WebQTest-1623,webqsp,test,what is the most common language spoken in argentina?,The most common language spoken in Argentina is Spanish.,['Spanish Language'],Tiered-Forest,The most common language spoken in Argentina is Spanish.,False
WebQTest-1088,webqsp,test,who originally voiced meg on family guy?,Meg Griffin on Family Guy was originally voiced by Mila Kunis.,['Lacey Chabert'],Tiered-Forest,Meg Griffin on Family Guy was originally voiced by Mila Kunis.,False
WebQTest-401,webqsp,test,who plays edward scissorhands?,Johnny Depp plays Edward Scissorhands in the film of the same name.,['Johnny Depp'],Tiered-Forest,Johnny Depp plays Edward Scissorhands in the film of the same name.,True
WebQTest-304,webqsp,test,what is jamie oliver children names?,"Jamie Oliver has five children named Lila Rose, Mason, Bear, Clifford, and Cruz.","['Petal Blossom Rainbow Oliver', 'Daisy Boo Pamela Oliver', 'Poppy Honey Rosie Oliver', 'Buddy Bear Maurice Oliver']",Tiered-Forest,"Jamie Oliver has five children named Lila Rose, Mason, Bear, Clifford, and Cruz.",False
WebQTest-276,webqsp,test,where was mission san rafael located?,"Mission San Rafael was located in what is now San Rafael, California.","['94901', 'Marin County']",Tiered-Forest,"Mission San Rafael was located in what is now San Rafael, California.",False
WebQTest-1239,webqsp,test,what is the zip code for concord?,"The primary ZIP code for Concord, California is 94520.","['94520', '94521', '94519', '94518', '94529', '94527', '94524', '94522']",Tiered-Forest,"The primary ZIP code for Concord, California is 94520.",True
WebQTest-1495,webqsp,test,where does airtran airways fly?,"Airtran Airways flew to destinations primarily within the United States, with a focus on short-haul routes.","['Logan International Airport', 'LaGuardia Airport', 'Philadelphia International Airport', 'Denver International Airport', 'Raleigh–Durham International Airport', 'Baltimore–Washington International Airport']",Tiered-Forest,"Airtran Airways flew to destinations primarily within the United States, with a focus on short-haul routes.",False
WebQTest-1080,webqsp,test,where did abraham and his descendants live?,"Abraham and his descendants initially lived in Mesopotamia, specifically in the regions of Ur, Haran, and Canaan.","['Mesopotamia', 'Canaan']",Tiered-Forest,"Abraham and his descendants initially lived in Mesopotamia, specifically in the regions of Ur, Haran, and Canaan.",True
WebQTest-655,webqsp,test,what is the zip code for wyoming michigan?,"The zip code for Wyoming, Michigan varies by area, but some common ones include 49505 and 49519.","['49509', '49519']",Tiered-Forest,"The zip code for Wyoming, Michigan varies by area, but some common ones include 49505 and 49519.",True
WebQTest-344,webqsp,test,what county is west st paul in?,"West St. Paul is in Ramsey County, Minnesota.",['Dakota County'],Tiered-Forest,"West St. Paul is in Ramsey County, Minnesota.",False
WebQTest-1502,webqsp,test,what city and state is yale located in?,"Yale University is located in New Haven, Connecticut.",['New Haven'],Tiered-Forest,"Yale University is located in New Haven, Connecticut.",True
WebQTest-686,webqsp,test,when the atlanta braves won the world series?,The Atlanta Braves won the World Series in 1995 and 2021.,['1995 World Series'],Tiered-Forest,The Atlanta Braves won the World Series in 1995 and 2021.,False
WebQTest-380,webqsp,test,where is mount st helens volcano?,"Mount St. Helens volcano is located in Washington State, United States.","['North America', 'Washington', 'United States of America', 'Cascade Range', 'Skamania County']",Tiered-Forest,"Mount St. Helens volcano is located in Washington State, United States.",True
WebQTest-1201,webqsp,test,who played carlton lassiter on psych?,"Danny Pudi played Carlton Lassiter in the later seasons of Psych, while Jimmi Simpson played the role in the earlier seasons.",['Timothy Omundson'],Tiered-Forest,"Danny Pudi played Carlton Lassiter in the later seasons of Psych, while Jimmi Simpson played the role in the earlier seasons.",False
WebQTest-589,webqsp,test,what russian language called?,"The Russian language is called ""русский язык"" (ruskiy yazyk) in Russian.",['Russian Language'],Tiered-Forest,"The Russian language is called ""русский язык"" (ruskiy yazyk) in Russian.",True
WebQTest-885,webqsp,test,who is sir james dyson?,"Sir James Dyson is a British inventor, industrial designer, and businessman, best known for founding the Dyson company, which designs and manufactures household appliances and other products.","['Designer', 'Industrial designer', 'Inventor', 'Engineer']",Tiered-Forest,"Sir James Dyson is a British inventor, industrial designer, and businessman, best known for founding the Dyson company, which designs and manufactures household appliances and other products.",True
WebQTest-13,webqsp,test,who was vice president after kennedy died?,Lyndon B. Johnson was the Vice President and became President after John F. Kennedy died.,['Lyndon B. Johnson'],Tiered-Forest,Lyndon B. Johnson was the Vice President and became President after John F. Kennedy died.,True
WebQTest-1091,webqsp,test,what type of religions are in the united states?,"The United States is home to a diverse array of religions, including Christianity, Islam, Judaism, Buddhism, Hinduism, and many others.","['Christianity', 'Judaism', 'Hinduism', 'Unitarian Universalism', 'Buddhism', 'Islam', 'Atheism']",Tiered-Forest,"The United States is home to a diverse array of religions, including Christianity, Islam, Judaism, Buddhism, Hinduism, and many others.",True
WebQTest-239,webqsp,test,where do american bulldogs originate from?,"American Bulldogs originate from the United States, specifically developed in the 19th and 20th centuries from English and American bulldogs.",['United States of America'],Tiered-Forest,"American Bulldogs originate from the United States, specifically developed in the 19th and 20th centuries from English and American bulldogs.",False
WebQTest-1200,webqsp,test,where did the mississippi river end?,The Mississippi River ends at the Gulf of Mexico.,['Gulf of Mexico'],Tiered-Forest,The Mississippi River ends at the Gulf of Mexico.,True
WebQTest-1163,webqsp,test,what rainforest is in south america?,"The Amazon rainforest, the largest tropical rainforest in the world, is located primarily in South America.",['Amazon rainforest'],Tiered-Forest,"The Amazon rainforest, the largest tropical rainforest in the world, is located primarily in South America.",True
WebQTest-1194,webqsp,test,what club does cristiano ronaldo play for in 2010?,"In 2010, Cristiano Ronaldo played for Manchester United.","['Portugal national football team', 'Real Madrid C.F.']",Tiered-Forest,"In 2010, Cristiano Ronaldo played for Manchester United.",False
WebQTest-908,webqsp,test,what awards gary paulsen won?,"Gary Paulsen won multiple awards including the Newbery Medal and Newbery Honor, among others, for his children's literature.","['John Newbery Medal', ""Dorothy Canfield Fisher Children's Book Award"", 'Margaret Edwards Award', 'Spur Award for Best Juvenile Fiction', 'Spur Award for Best Juvenile Nonfiction', ""Anne V. Zarrow Award for Young Readers' Literature"", 'Regina Medal']",Tiered-Forest,"Gary Paulsen won multiple awards including the Newbery Medal and Newbery Honor, among others, for his children's literature.",False
WebQTest-1127,webqsp,test,which country in north america is divided into provinces?,Canada is the country in North America that is divided into provinces.,['Canada'],Tiered-Forest,Canada is the country in North America that is divided into provinces.,True
WebQTest-680,webqsp,test,what team did aguero play for?,"Lionel Messi played for several teams throughout his career, including Barcelona and Paris Saint-Germain, but Sergio Agüero played for Manchester City.","['Manchester City F.C.', 'Argentina national football team', 'Club Atlético Independiente', 'Atlético Madrid']",Tiered-Forest,"Lionel Messi played for several teams throughout his career, including Barcelona and Paris Saint-Germain, but Sergio Agüero played for Manchester City.",False
WebQTest-1336,webqsp,test,what is utah's state capitol?,Utah's state capitol is located in Salt Lake City.,['Salt Lake City'],Tiered-Forest,Utah's state capitol is located in Salt Lake City.,True
WebQTest-157,webqsp,test,where is mission san buenaventura located?,"Mission San Buenaventura is located in Ventura, California.","['93001', 'Ventura County']",Tiered-Forest,"Mission San Buenaventura is located in Ventura, California.",False
WebQTest-1062,webqsp,test,what is the name of the currency used in italy?,The currency used in Italy is the Euro.,['Euro'],Tiered-Forest,The currency used in Italy is the Euro.,True
WebQTest-525,webqsp,test,who are the senators of virginia 2013?,"In 2013, the senators of Virginia were Mark Warner and Tim Kaine.","['Mark Warner', 'Tim Kaine', 'Jim Webb']",Tiered-Forest,"In 2013, the senators of Virginia were Mark Warner and Tim Kaine.",True
WebQTest-145,webqsp,test,what college did albert einstein go to?,Albert Einstein went to the Swiss Federal Polytechnic School (now ETH Zurich) and the University of Zurich for his higher education.,"['ETH Zurich', 'University of Zurich']",Tiered-Forest,Albert Einstein went to the Swiss Federal Polytechnic School (now ETH Zurich) and the University of Zurich for his higher education.,True
WebQTest-778,webqsp,test,what was jesse owens education?,"Jesse Owens attended Ohio State University, where he studied under the Carlisle Indian Industrial School's influence and excelled in athletics.","['Ohio State University', 'East Technical High School']",Tiered-Forest,"Jesse Owens attended Ohio State University, where he studied under the Carlisle Indian Industrial School's influence and excelled in athletics.",True
WebQTest-1178,webqsp,test,where is tupac from originally?,"Tupac Shakur was originally from East Harlem, New York City, though he was born in Oakland, California.",['East Harlem'],Tiered-Forest,"Tupac Shakur was originally from East Harlem, New York City, though he was born in Oakland, California.",True
WebQTest-791,webqsp,test,what other books did louis sachar write?,"Louis Sachar also wrote ""Holes,"" ""Shop Class as Soul Craft"" (though the latter is not fiction), and ""Freaks of Nature.""","['Small Steps', 'Someday Angeline', 'Sixth Grade Secrets', 'Holes', ""Johnny's in the basement"", 'Marvin Redpost', 'Wayside School gets a little stranger', 'Class President (A Stepping Stone Book(TM))', 'A magic crystal?', 'Der Fluch des David Ballinger. ( Ab 11 J.).', 'Sixth Grade Secrets (Apple Paperbacks)', 'Wayside School is falling down', ""There's a boy in the girls bathroom"", 'Kidnapped at Birth? (A Stepping Stone Book(TM))', 'The Boy Who Lost His Face', 'Il y a un garçon dans les toilettes des filles', 'A Flying Birthday Cake? (A Stepping Stone Book(TM))', 'Why Pick on Me? (A Stepping Stone Book(TM))', 'Sideways stories from Wayside School', 'Wayside School Boxed Set', ""Stanley Yelnats' Survival Guide to Camp Green Lake"", 'Super Fast, Out of Control! (A Stepping Stone Book(TM))', 'Holes Activity Pack', 'Löcher', ""Dogs Don't Tell Jokes"", 'Sideways Arithmetic From Wayside School', 'Small Steps (Readers Circle)', 'Someday Angeline (Avon/Camelot Book)', 'More Sideways Arithmetic from Wayside School', 'Stanley Yelnats Survival Guide to Camp Green Lake', 'Boy Who Lost His Face', 'Wayside School Gets a Little Stranger (rack) (Wayside School)', 'Marvin Redpost.', 'Wayside School is falling down (Celebrate reading, Scott Foresman)', 'Holes (Yearling Books)', 'Holes (with \\""Connections\\"") HRW Library (HRW library)', 'Holes. (Lernmaterialien)', 'Holes (Cascades)', 'Holes (Readers Circle)', 'Holes (World Book Day 2001)', 'Holes (Listening Library)', 'Sixth Grade Secrets (An Apple Paperback)', 'g.1218f5g0', 'Kidnapped at Birth?', 'A Flying Birthday Cake?', 'Class President', 'Why Pick on Me?', 'Wayside School Collection', 'Super Fast, Out of Control!', ""Alone in His Teacher's House"", 'Pequenos Pasos/ Small Steps', 'Louis Sacher Collection', 'Hoyos/Holes', 'Hay Un Chico En El Bano De Las Chicas', 'Monkey soup', ""There's a Boy in the Girls' Bathroom"", 'The Cardturner']",Tiered-Forest,"Louis Sachar also wrote ""Holes,"" ""Shop Class as Soul Craft"" (though the latter is not fiction), and ""Freaks of Nature.""",True
WebQTest-820,webqsp,test,what are the names of harry potter movies in order?,"The Harry Potter movies in order of release are: Harry Potter and the Philosopher's Stone, Harry Potter and the Chamber of Secrets, Harry Potter and the Prisoner of Azkaban, Harry Potter and the Goblet of Fire, Harry Potter","['Harry Potter and the Deathly Hallows - Part I', ""Harry Potter and the Philosopher's Stone"", 'Harry Potter and the Chamber of Secrets', 'Harry Potter and the Prisoner of Azkaban', 'Harry Potter and the Goblet of Fire', 'Harry Potter and the Order of the Phoenix', 'Harry Potter and the Half-Blood Prince', 'Harry Potter and the Deathly Hallows – Part 2']",Tiered-Forest,"The Harry Potter movies in order of release are: Harry Potter and the Philosopher's Stone, Harry Potter and the Chamber of Secrets, Harry Potter and the Prisoner of Azkaban, Harry Potter and the Goblet of Fire, Harry Potter",True
WebQTest-41,webqsp,test,where is the galapagos islands located on a world map?,The Galapagos Islands are located off the western coast of Ecuador in the Pacific Ocean.,"['Ecuador', 'Galápagos Province', 'Pacific Ocean']",Tiered-Forest,The Galapagos Islands are located off the western coast of Ecuador in the Pacific Ocean.,True
WebQTest-775,webqsp,test,what to do this weekend in manchester with kids?,"Visit the Manchester Museum for interactive exhibits, enjoy the Children's Gallery, and perhaps have lunch at the nearby Café Sciensce for kids.","['Imperial War Museum North', 'Urbis', 'Old Trafford', 'Whitworth Art Gallery', 'Manchester Art Gallery', 'Manchester Museum', 'Manchester Jewish Museum', 'Great Manchester Run', 'Chinatown, Manchester', 'Manchester Cathedral', 'The Moon Under Water, Manchester', 'Wheel of Manchester', 'Albert Hall, Manchester']",Tiered-Forest,"Visit the Manchester Museum for interactive exhibits, enjoy the Children's Gallery, and perhaps have lunch at the nearby Café Sciensce for kids.",True
WebQTest-2017,webqsp,test,what party was abe lincoln part of?,Abe Lincoln was part of the Republican Party.,"['Republican Party', 'Whig Party', 'National Union Party', 'Illinois Republican Party']",Tiered-Forest,Abe Lincoln was part of the Republican Party.,True
WebQTest-1426,webqsp,test,where is ibrahim afellay from?,Ibrahim Afellay is from Netherlands.,['Utrecht'],Tiered-Forest,Ibrahim Afellay is from Netherlands.,False
WebQTest-220,webqsp,test,what language turkey people speak?,Turkish is the primary language spoken in Turkey.,"['Turkish Language', 'Zaza language', 'Ladino Language', 'Kurdish languages', 'Arabic Language']",Tiered-Forest,Turkish is the primary language spoken in Turkey.,False
WebQTest-859,webqsp,test,what are the predominant religions in russia?,The predominant religion in Russia is Eastern Orthodox Christianity.,"['Russian Orthodox Church', 'Islam']",Tiered-Forest,The predominant religion in Russia is Eastern Orthodox Christianity.,False
WebQTest-996,webqsp,test,where do ireland play rugby union?,"Ireland play rugby union at home in various stadiums, including the Aviva Stadium in Dublin.",['Aviva Stadium'],Tiered-Forest,"Ireland play rugby union at home in various stadiums, including the Aviva Stadium in Dublin.",True
WebQTest-821,webqsp,test,what did pamela courson die from?,Pamela Courson died from complications related to diabetes.,"['Drug overdose', 'Heroin overdose']",Tiered-Forest,Pamela Courson died from complications related to diabetes.,False
WebQTest-371,webqsp,test,what are the major languages spoken in greece?,The major language spoken in Greece is Greek.,['Greek Language'],Tiered-Forest,The major language spoken in Greece is Greek.,False
WebQTest-830,webqsp,test,where is taylor swift from?,"Taylor Swift is from Reading, Pennsylvania.",['Reading'],Tiered-Forest,"Taylor Swift is from Reading, Pennsylvania.",True
WebQTest-684,webqsp,test,what sort of government does nigeria have?,Nigeria has a federal republic government.,"['Presidential system', 'Federal republic']",Tiered-Forest,Nigeria has a federal republic government.,True
WebQTest-1378,webqsp,test,who does kellan lutz play in prom night?,"Kellan Lutz plays the role of Kyle in the 2013 remake of ""Prom Night.""",['Rick Leland'],Tiered-Forest,"Kellan Lutz plays the role of Kyle in the 2013 remake of ""Prom Night.""",False
WebQTest-1866,webqsp,test,what is the state name of new york city?,New York City is located in the state of New York.,['New York'],Tiered-Forest,New York City is located in the state of New York.,True
WebQTest-759,webqsp,test,who brad pitt has dated?,"Brad Pitt has dated a variety of women including Jennifer Aniston, Angelina Jolie, Jennifer Lopez, and Lara Stone, among others.","['Thandie Newton', 'Juliette Lewis', 'Sinitta', 'Shalane McCall', 'Robin Givens']",Tiered-Forest,"Brad Pitt has dated a variety of women including Jennifer Aniston, Angelina Jolie, Jennifer Lopez, and Lara Stone, among others.",False
WebQTest-1806,webqsp,test,what position did lebron james play?,"LeBron James primarily plays as a small forward, though he can also play power forward and sometimes center.","['Power forward', 'Small forward', 'Point forward', 'Shooting guard', 'Forward']",Tiered-Forest,"LeBron James primarily plays as a small forward, though he can also play power forward and sometimes center.",True
WebQTest-608,webqsp,test,when did liverpool fc last win the champions league?,Liverpool FC last won the UEFA Champions League in 2019.,['2012 Football League Cup Final'],Tiered-Forest,Liverpool FC last won the UEFA Champions League in 2019.,False
WebQTest-960,webqsp,test,who plays dwight in the office?,Dwight Schrute is played by actor Rainn Wilson in The Office (US).,['Rainn Wilson'],Tiered-Forest,Dwight Schrute is played by actor Rainn Wilson in The Office (US).,True
WebQTest-696,webqsp,test,when did juventus win the champions league?,Juventus won the UEFA Champions League in 1996.,['1996 UEFA Champions League Final'],Tiered-Forest,Juventus won the UEFA Champions League in 1996.,False
WebQTest-133,webqsp,test,where did dolly parton grow up?,"Dolly Parton grew up in Sevier County, Tennessee, near the town of Jamestown.",['Sevierville'],Tiered-Forest,"Dolly Parton grew up in Sevier County, Tennessee, near the town of Jamestown.",False
WebQTest-752,webqsp,test,what drink did john pemberton create?,John Pemberton created Coca-Cola.,['Coca-Cola'],Tiered-Forest,John Pemberton created Coca-Cola.,True
WebQTest-1010,webqsp,test,what did bruce jenner win gold medal for?,Bruce Jenner won a gold medal in the men's decathlon at the 1976 Summer Olympics.,"[""Athletics at the 1976 Summer Olympics - Men's Decathlon""]",Tiered-Forest,Bruce Jenner won a gold medal in the men's decathlon at the 1976 Summer Olympics.,False
WebQTest-2022,webqsp,test,where is dwayne johnson ethnicity?,"Dwayne Johnson's ethnicity includes Samoan, Irish, English, and German ancestry.","['Samoan American', 'African American']",Tiered-Forest,"Dwayne Johnson's ethnicity includes Samoan, Irish, English, and German ancestry.",False
WebQTest-249,webqsp,test,what was the cause of death for bruce lee?,"Bruce Lee died from acute epiglottitis, an inflammation of the epiglottis that can rapidly lead to airway obstruction.",['Cerebral edema'],Tiered-Forest,"Bruce Lee died from acute epiglottitis, an inflammation of the epiglottis that can rapidly lead to airway obstruction.",False
WebQTest-768,webqsp,test,who owns volkswagen car company?,"Volkswagen AG owns the Volkswagen car company, with shares also held by various investors and stakeholders.",['Volkswagen Group'],Tiered-Forest,"Volkswagen AG owns the Volkswagen car company, with shares also held by various investors and stakeholders.",False
WebQTest-648,webqsp,test,who did kimberly williams marry?,Kimberly Williams married David Letterman in 1987.,['Brad Paisley'],Tiered-Forest,Kimberly Williams married David Letterman in 1987.,False
WebQTest-519,webqsp,test,what timezone is nashville tn?,"Nashville, TN is in the Central Time Zone (CT).",['Central Time Zone'],Tiered-Forest,"Nashville, TN is in the Central Time Zone (CT).",True
WebQTest-1009,webqsp,test,where did george herbert walker bush go to college?,George Herbert Walker Bush went to Yale University for both his undergraduate degree and later returned for graduate studies.,['University Yale'],Tiered-Forest,George Herbert Walker Bush went to Yale University for both his undergraduate degree and later returned for graduate studies.,False
WebQTest-427,webqsp,test,what is the zip code for midland tx?,"The zip code for Midland, TX is 79701.","['79702', '79705', '79701', '79707', '79703', '79706', '79711', '79712', '79710', '79708', '79704']",Tiered-Forest,"The zip code for Midland, TX is 79701.",True
WebQTest-958,webqsp,test,what are some famous people from el salvador?,"Some famous people from El Salvador include soccer legend Jorge ""Cruzito"" Valdés and journalist and Nobel Peace Prize laureate Óscar Arnulfo Romero.","['g.11b8058v7j', 'William Armando', 'Victor Lopez', 'Johnny Lopez', 'Francisco Funes', 'Damaris Quéles', 'Francisca González', 'Ricardo López Tenorio', 'Xenia Estrada', 'Mauricio Alvarenga', 'Milton Palacios', 'Alexander Campos', 'Jose Orlando Martinez', 'Mauricio Alonso Rodríguez', 'Miguel Cañizalez', 'Francisco Gavidia', 'Pedro Geoffroy Rivas', 'Camilo Minero', 'Ana Sol Gutierrez', 'Joel Aguilar', 'Wilfredo Iraheta', 'Mauricio Alfaro', 'José Luis Rugamas', 'Eduardo Hernández', 'Roberto Carlos Martinez', 'José Manfredi Portillo', 'Melvin Barrera', 'Pedro Chavarria', 'José María Cañas', 'Ruben Cedillos', 'Keoki', 'DJ Quest', 'Prudencia Ayala', 'Andrés Eduardo Menéndez', 'William Renderos Iraheta', 'Laura Molina', 'Félix Pineda', 'José Castellanos Contreras', 'Jose Solis', 'Edwin Ramos', 'Roberto Rivas', 'Alfredo Ruano', 'Rafael Menjívar Ochoa', 'Papa A.P.', 'Elmer Acevedo', 'Armando Chacón', 'Saturnino Osorio', 'Ernesto Aparicio', 'Arturo Armando Molina', 'Diego Velázquez', 'Miguel Cruz', 'Juan Rafael Bustillo', 'Sarah Ramos', 'Juan Ramón Sánchez', 'Jorge Búcaro', 'Tomás Medina', 'Doroteo Vasconcelos', 'Rafael Campo', 'Francisco Dueñas', 'Gerardo Barrios', 'Francisco Menéndez', 'Pedro José Escalón', 'Manuel Enrique Araujo', 'Jorge Meléndez', 'Salvador Castaneda Castro', 'Julio Adalberto Rivera Carballo', 'Consuelo de Saint Exupéry', 'Rubén Zamora', 'Rutilio Grande', 'Víctor Ramírez', 'Nicolas F. Shi', 'Eva Dimas', 'Fausto Omar Vásquez', 'Steve Montenegro', 'Carlos Linares', 'Miguel Angel Deras', 'Gualberto Fernández', 'Paula Heredia', 'Jorge Rivera', 'Erwin McManus', 'Claudia Lars', 'Victor Manuel Ochoa', 'Raúl Cicero', 'Carlos Barrios', 'José Inocencio Alas', 'Elena Diaz', 'Patricia Chica', 'Bernard Lewinsky', 'Jaime Portillo', 'Genaro Sermeño', 'Ana Maria de Martinez', 'Eduardo \\""Volkswagen\\"" Hernández', 'Arturo Rivera y Damas', 'Enrique Álvarez Córdova', 'Mario Montoya', 'José Francisco Valiente', 'Norman Quijano', 'Rene Moran', 'Jose B. Gonzalez', 'Richard Oriani', 'Alexander Méndoza', 'Ángel Orellana', 'Emilio Guardado', 'Américo González', 'Bobby Rivas', 'Óscar Antonio Ulloa', 'Guillermo García', 'Selvin González', 'William López', 'Marlon Menjívar', 'Isaías Choto', 'Takeshi Fujiwara', 'Mario Wilfredo Contreras', 'Malin Arvidsson', 'Robert Renderos', 'Santiago \\""Jimmy\\"" Mellado']",Tiered-Forest,"Some famous people from El Salvador include soccer legend Jorge ""Cruzito"" Valdés and journalist and Nobel Peace Prize laureate Óscar Arnulfo Romero.",False
WebQTest-327,webqsp,test,what two continents is turkey on?,Turkey is situated on both Europe and Asia.,"['Eurasia', 'Europe', 'Asia']",Tiered-Forest,Turkey is situated on both Europe and Asia.,True
WebQTest-73,webqsp,test,what language do the maasai tribe speak?,"The Maasai tribe primarily speaks Maasai, an Eastern Nilotic language.",['Maasai Language'],Tiered-Forest,"The Maasai tribe primarily speaks Maasai, an Eastern Nilotic language.",False
WebQTest-618,webqsp,test,where is chesapeake bay bridge?,"The Chesapeake Bay Bridge connects Maryland's Eastern Shore to the western part of the state, spanning Chesapeake Bay.","['Anne Arundel County', ""Queen Anne's County""]",Tiered-Forest,"The Chesapeake Bay Bridge connects Maryland's Eastern Shore to the western part of the state, spanning Chesapeake Bay.",False
WebQTest-1340,webqsp,test,what is steve nash nationality?,Steve Nash's nationality is Canadian.,"['United Kingdom', 'Canada']",Tiered-Forest,Steve Nash's nationality is Canadian.,False
WebQTest-1342,webqsp,test,what kind of language does france speak?,France speaks French.,['French'],Tiered-Forest,France speaks French.,True
WebQTest-903,webqsp,test,where turkish people originate?,Turkish people primarily originate from a region that includes modern-day Turkey and surrounding areas in Eurasia.,"['Belgium', 'Bulgaria', 'Bosnia and Herzegovina', 'Northern Cyprus', 'Turkey', 'Germany', 'Kazakhstan', 'Republic of Kosovo', 'Netherlands', 'Norway', 'Syria', 'United Kingdom', 'United States of America', 'Iraq', 'Canada', 'Sweden', 'France', 'Algeria', 'Austria', 'Azerbaijan', 'Kyrgyzstan', 'Denmark']",Tiered-Forest,Turkish people primarily originate from a region that includes modern-day Turkey and surrounding areas in Eurasia.,True
WebQTest-1625,webqsp,test,what are some inventions that leonardo da vinci invented?,"Leonardo da Vinci invented various concepts and designs, including flying machines, armored vehicles, diving suits, and various mechanical devices, though many were never built in his lifetime.","['Anemometer', 'Diving suit', 'Ornithopter', 'Viola organista', 'Double hull', 'Parachute', 'Triple Barrel Canon', '33-Barreled Organ', 'Aerial Screw', 'Armored car']",Tiered-Forest,"Leonardo da Vinci invented various concepts and designs, including flying machines, armored vehicles, diving suits, and various mechanical devices, though many were never built in his lifetime.",True
WebQTest-1854,webqsp,test,who originally voiced lois griffin?,"Lois Griffin was originally voiced by Alyson Stoner in the animated series ""Family Guy.""",['Alex Borstein'],Tiered-Forest,"Lois Griffin was originally voiced by Alyson Stoner in the animated series ""Family Guy.""",False
WebQTest-1050,webqsp,test,who does mila kunis play on family guy?,Mila Kunis plays the character of Lois Griffin on Family Guy.,['Meg Griffin'],Tiered-Forest,Mila Kunis plays the character of Lois Griffin on Family Guy.,False
WebQTest-1479,webqsp,test,who is dustin johnson the golfer?,Dustin Johnson is a professional golfer known for his powerful swing and multiple major tournament wins.,['Golfer'],Tiered-Forest,Dustin Johnson is a professional golfer known for his powerful swing and multiple major tournament wins.,True
WebQTest-965,webqsp,test,where did anne frank go to school?,Anne Frank attended a girls' school in Amsterdam before her family went into hiding.,"['Montessori Lyceum Amsterdam', 'Jewish Lyceum']",Tiered-Forest,Anne Frank attended a girls' school in Amsterdam before her family went into hiding.,False
WebQTest-508,webqsp,test,what is the best currency to take to turkey?,"The best currency to take to Turkey is the Turkish Lira (TRY), as it is the local currency and widely accepted in the country.",['Turkish lira'],Tiered-Forest,"The best currency to take to Turkey is the Turkish Lira (TRY), as it is the local currency and widely accepted in the country.",True
WebQTest-418,webqsp,test,what league are the indianapolis colts in?,The Indianapolis Colts are in the National Football League (NFL).,"['National Football League', 'AFC South', 'American Football Conference']",Tiered-Forest,The Indianapolis Colts are in the National Football League (NFL).,True
WebQTest-1534,webqsp,test,who are the coaches for the oakland raiders?,The current head coach of the Oakland Raiders is Shane Waldron.,['Tony Sparano'],Tiered-Forest,The current head coach of the Oakland Raiders is Shane Waldron.,False
WebQTest-1813,webqsp,test,what team does messi play for 2011?,"In 2011, Lionel Messi played for Barcelona.","['Argentina national football team', 'FC Barcelona']",Tiered-Forest,"In 2011, Lionel Messi played for Barcelona.",False
WebQTest-944,webqsp,test,what was van halen first album?,"Van Halen's first album was titled ""Van Halen"" and was released in 1978.","[""Ain't Talkin' 'Bout Love""]",Tiered-Forest,"Van Halen's first album was titled ""Van Halen"" and was released in 1978.",False
WebQTest-1477,webqsp,test,what episode of how i met your mother is carrie underwood on?,"Carrie Underwood appears in the episode titled ""Love and Carpool"" in Season 8 of How I Met Your Mother.",['Hooked'],Tiered-Forest,"Carrie Underwood appears in the episode titled ""Love and Carpool"" in Season 8 of How I Met Your Mother.",False
WebQTest-1052,webqsp,test,who played damien in the omen 2006?,"In the 2006 remake of ""The Omen,"" Damien was played by Logan Lerman.","['Tomas Wooler', 'Seamus Davey-Fitzpatrick']",Tiered-Forest,"In the 2006 remake of ""The Omen,"" Damien was played by Logan Lerman.",False
WebQTest-16,webqsp,test,what countries are part of the uk?,"The United Kingdom comprises four countries: England, Scotland, Wales, and Northern Ireland.","['England', 'Northern Ireland', 'Scotland', 'Wales']",Tiered-Forest,"The United Kingdom comprises four countries: England, Scotland, Wales, and Northern Ireland.",True
WebQTest-484,webqsp,test,what language does australia use?,English is the primary language used in Australia.,"['English Language', 'Esperanto Language', 'Lojban']",Tiered-Forest,English is the primary language used in Australia.,False
WebQTest-1356,webqsp,test,what drug killed marilyn monroe?,Marilyn Monroe's death was officially ruled as a suicide by barbiturate overdose.,['Barbiturate overdose'],Tiered-Forest,Marilyn Monroe's death was officially ruled as a suicide by barbiturate overdose.,True
WebQTest-1520,webqsp,test,what language speak in brazil?,Portuguese is the primary language spoken in Brazil.,"['Italian Language', 'Brazilian Portuguese', 'Portuguese Language']",Tiered-Forest,Portuguese is the primary language spoken in Brazil.,False
WebQTest-1177,webqsp,test,where did mario lopez go to school?,"Mario Lopez went to Santa Monica High School and UCLA, where he studied communications.",['Chula Vista High School'],Tiered-Forest,"Mario Lopez went to Santa Monica High School and UCLA, where he studied communications.",False
WebQTest-294,webqsp,test,who was carolus linnaeus?,"Carolus Linnaeus was a Swedish botanist, physician, and zoologist who laid the foundations for the modern system of naming organisms and is known as the father of modern taxonomy.","['Botanist', 'Physician', 'Scientist', 'Biologist']",Tiered-Forest,"Carolus Linnaeus was a Swedish botanist, physician, and zoologist who laid the foundations for the modern system of naming organisms and is known as the father of modern taxonomy.",True
WebQTest-1609,webqsp,test,who played alf on tv show?,"Alf was played by John Ritter on the TV show ""Alf.""",['Paul Fusco'],Tiered-Forest,"Alf was played by John Ritter on the TV show ""Alf.""",False
WebQTest-447,webqsp,test,what did laura ingalls wilder wrote?,"Laura Ingalls Wilder wrote a series of books about her childhood experiences on the American frontier, most famously ""Little House on the Prairie.""","['Little House on the Prairie', 'On the banks of Plum Creek', ""Dance at Grandpa's (My First Little House)"", 'A Little house reader', 'A little house sampler', 'A little house treasury', 'Winter on the Farm (My First Little House)', 'Little House Farm Days', 'My Little House Chapter Book Collection', 'By the shores of Silver Lake', 'Little town on the prairie', 'Laura & Mr. Edwards (Little House Chapter Book)', 'Little House the Laura Years Boxed Set', 'Prairie Day (My First Little House)', 'The Little House Collection', 'West from home', ""Laura's Christmas"", 'A Little Prairie House (Little House)', 'These happy golden years', 'Going to Town (My First Little House)', 'Dear Laura', 'On the way home', 'The adventures of Laura and Jack', 'My Book of Little House Paper Dolls', 'Laura & Nellie (Little House Chapter Book)', 'Christmas Stories (Little House Chapter Book)', 'Pioneer Sisters (Little House Chapter Book)', 'The long winter', 'Little House (9 Books, Boxed Set)', 'Hard Times on the Prairie', 'Going West (My First Little House)', 'Little House Friends (Little House Chapter Book)', 'School Days (Little House Chapter Book)', 'Christmas in the Big Woods (Little House)', 'The First Four Years CD (Little House the Laura Years)', 'A Little house traveler', 'Sugar Snow (My First Little House)', 'Saving graces', 'Animal Adventures (Little House Chapter Books)', 'The Deer in the Wood', 'Santa comes to little house', 'County Fair (My First Little House)', 'Words from a fearless heart', 'A Farmer Boy Birthday (My First Little House Books)', 'Little House Parties (Little House Chapter Book)', ""Laura's Early Years Collection"", 'Farmer Boy Days (Little House Chapter Book)', 'My Little House Songbook (My First Little House Books)', 'Little house in the big woods', 'Little House in the Big Woods.', 'Farmer Boy', 'Farmer Boy (Little House)', 'Little House in the Big Woods (Little House)', 'Little House in the Big Woods (Classic Mammoth)', 'Little House in the Big Woods (Little House Books)', 'Little House in the Big Woods 75th Anniversary Edition (Little House)', 'Little House In The Big Woods CD (Little House the Laura Years)', 'Little House in the Big Woods (Little House (Original Series Paperback))', 'Little House in the Big Woods Book and Charm (Charming Classics)', 'A Farmer Boy', 'Farmer Boy (Little House Books)', 'Farmer Boy (Little House (Original Series Paperback))', 'Little House in the Big Woods (Isis Large Print for Children Windrush)', 'Little House In The Big Woods Unabr CD Low Price (Little House the Laura Years)', 'The first four years', 'The First Four Years (Little House)', 'The first four years.', 'The First Four Years (Little House the Laura Years)', 'First Four Years (Little House (HarperTrophy))', 'The First Four Years (Little House Books)', 'The First Four Years (Little House (Original Series Library))', 'First Four Years (Little House (Original Series Paperback))', 'Long Winter', 'The Long Winter (Little House)', 'Long Winter (Little House (HarperTrophy))', 'The Long Winter (Little House Books)', 'Long Winter (Little House (Original Series Paperback))', 'The Long Winter (Little House (Original Series Paperback))', 'By the Shores of Silver Lake (Little House (Original Series Paperback))', 'Little Town on the Prairie CD', 'Little Town on the Prairie (Little House)', 'Little Town on the Prairie (Little House Books)', 'Little Town On The Prairie (Little House (Original Series Paperback))', 'These Happy Golden Years CD', 'These Happy Golden Years (Little House)', 'These Happy Golden Years (Laura Years)', 'These Happy Golden Years (Little House (Original Series Paperback))', 'These Happy Golden Years (Little House Books)', 'These Happy Golden Years (Little House on the Prairie)', 'These Happy Golden Years (Little House (HarperTrophy))', 'On the Banks of Plum Creek (Little House)', 'On the Banks of Plum Creek (One Cassette)', 'On the Banks of Plum Creek (Little House the Laura Years)', 'On the Banks of Plum Creek (Classic Mammoth)', 'On the Banks of Plum Creek CD (Little House the Laura Years)', 'On the Banks of Plum Creek (Little House (Original Series Paperback))', 'By the Shores of Silver Lake (Little House Books)', 'By the Shores of Silver Lake (Little House)', 'By the Shores of Silver Lake CD (Little House)', 'A Little Prairie House (My First Little House Books)', 'Little House Farm Days (Little House Chapter Books/the Laura Years, 7)', 'Little House Farm Days (Little House Chapter Books)', 'Winter on the Farm (My First Little House Books)', 'Winter on the Farm (My First Little House Books (Sagebrush))', 'The Adventures of Laura and Jack (A Little House Chapter Book) (A Little house chapter book)', 'Christmas Stories (Little House Chapter Books)', 'Christmas Stories (Little House Chapter Books/the Laura Years, 10)', 'Going to Town', 'Going to Town (My First Little House Books)', 'Little House Friends (Little House Chapter Books)', 'Little House Friends (Little House Chapter Books/the Laura Years, 9)', 'Hard Times on the Prairie (Little House Chapter Books/the Laura Years, 8)', 'Going West (My First Little House Books)', 'Hard Times on the Prairie (Little House Chapter Books)', 'Pioneer Sisters (Laura (Econo-Clad))', 'Pioneer Sisters (Little House Chapter Books/the Laura Years, 2)', 'Going West (My First Little Houe Books)', 'Christmas in the Big Woods (My First Little House Books)', 'Going West (My First Little House Books (Sagebrush))', 'Christmas in the Big Woods', 'Sugar Snow (My First Little House Books)', 'Sugar Snow (My First Little House Books (Sagebrush))', 'A Little House Collection', 'Animal Adventures (Little House Chapter Books/the Laura Years, 3)', 'The Little House Collection Box Set (Full Color) (Little House)', 'School Days (Little House Chapter Books/the Laura Years, 4)', 'School Days (Laura (Econo-Clad))', 'County Fair (My First Little House Books (Sagebrush))', 'Little House Parties (Little House Chapter Books/the Laura Years, 14)', 'Little House Parties (Little House Chapter Books)', 'Farmer Boy Days (Little House Chapter Books)', 'Farmer Boy Days (Little House Chapter Books/the Laura Years, 6)', 'My Little House Songbook (My First Little House Books Series)', 'My Little House Songbook (My First Little House Books, No 1)', 'Deer in the Wood', 'The deer in the wood (My first Little house books)', 'The Deer in the Wood (My First Little House Books (Sagebrush))', 'The Deer in the Wood (Little House)', 'Little House on the Prairie (Little House)', 'The Little House on the Prairie', 'Little house on the prairie.', 'Little House On The Prairie (Little House the Laura Years)', 'Little House on the Prairie (Classic Mammoth)', 'Little House on the Prairie NW 247', 'Little House on the Prairie (Little Brown Notebook Series)', 'Little House on the Prairie (Little House Books)', 'Little House on the Prairie (Little House (HarperTrophy))', 'Little House On The Prairie CD (Little House the Laura Years)', 'Little House on the Prairie Tie-in Edition (Little House)', 'Little House On The Prairie (Little House (Original Series Paperback))', 'Little House on the Prairie Book and Charm (Charming Classics)', 'Little House On The Prairie Low Price CD', 'Little House on the Prairie Boxed Set ((9 Books) Little House On the Prairie; Farmer Boy; On the Banks of Plum Creek; the Long Winter; These Happy Golden Years; the First Four Years; By the Shores of Silver Lake; Little House In the Big Woods; Little Town On the Prairie)', 'g.11b60fcs_w', 'g.122chq7m', 'Little House in the Ozarks: The Rediscovered Writings', 'A Little House Birthday', 'Summertime in the Big Woods', 'Winter Days in the Big Woods', 'Bedtime for Laura', 'Laura Helps Pa', ""Laura's Garden"", 'Hello, Laura!', 'My Book of Little House Christmas Paper Dolls: Christmas on the Prairie', 'My Little House 123', 'My Little House Birthday Book', 'My Little House Book of Animals', 'My Little House Book of Family', 'My Little House Book of Memories', 'My Little House Diary', 'Dear Laura: Letters from Children to Laura Ingalls Wilder', 'Little House Sisters', 'The Little House Baby Book', 'Laura & Mr. Edwards', 'Little House Friends', 'A Farmer Boy Birthday', 'Country Fair', 'Christmas Stories', 'School Days', 'Winter on the Farm', 'Prairie Day', ""Dance at Grandpa's"", 'A Little Prairie House', 'Laura & Nellie', 'Going West', 'Pioneer Sisters', 'Little House', 'Sugar Snow', 'Animal Adventures', 'My Little House Songbook', 'Little House Parties', 'Farmer Boy Days', 'A FAMILY COLLECTION', 'Orillas del río Plum', '1998 Laura Ingalls Wilder Country Engagement Book', 'Caroline and Her Sister', 'The Complete Little House on the Prairie', ""Laura's Little House"", ""Laura Ingalls Wilder's prairie wisdom"", 'Largo Invierno', 'A Day on the Prairie', ""Laura's Pa"", 'Writings to young women from Laura Ingalls Wilder']",Tiered-Forest,"Laura Ingalls Wilder wrote a series of books about her childhood experiences on the American frontier, most famously ""Little House on the Prairie.""",True
WebQTest-1582,webqsp,test,what time in china hong kong?,"Hong Kong is in the China Time Zone (UTC+8), which is Hong Kong Time (HK Time).",['Hong Kong Time Zone'],Tiered-Forest,"Hong Kong is in the China Time Zone (UTC+8), which is Hong Kong Time (HK Time).",False
WebQTest-1501,webqsp,test,where is the un based?,"The United Nations is headquartered in New York City, United States.",['New York City'],Tiered-Forest,"The United Nations is headquartered in New York City, United States.",True
WebQTest-559,webqsp,test,what instrument did robin gibb play?,"Robin Gibb played keyboards and sang, but he was also known for his skills on the piano and harmonica.","['Piano', 'Violin', 'Vocals', 'Harmonica', 'Drum machine']",Tiered-Forest,"Robin Gibb played keyboards and sang, but he was also known for his skills on the piano and harmonica.",True
WebQTest-1562,webqsp,test,what countries constitute the eu?,"The European Union (EU) currently consists of 27 member countries: Austria, Belgium, Bulgaria, Croatia, Cyprus, Czech Republic, Denmark, Estonia, Finland, France, Germany, Greece, Hungary, Ireland, Italy, Latvia, Lithuania, Luxembourg, Malta, Netherlands, Poland, Portugal, Romania, Slovakia, Slovenia, Spain, and Sweden.","['Belgium', 'Bulgaria', 'Czech Republic', 'Croatia', 'Cyprus', 'Estonia', 'Finland', 'Germany', 'Greece', 'Hungary', 'Italy', 'Republic of Ireland', 'Latvia', 'Luxembourg', 'Lithuania', 'Malta', 'Netherlands', 'Poland', 'Portugal', 'Romania', 'Spain', 'Slovakia', 'Slovenia', 'United Kingdom', 'Sweden', 'France', 'Austria', 'Denmark']",Tiered-Forest,"The European Union (EU) currently consists of 27 member countries: Austria, Belgium, Bulgaria, Croatia, Cyprus, Czech Republic, Denmark, Estonia, Finland, France, Germany, Greece, Hungary, Ireland, Italy, Latvia, Lithuania, Luxembourg, Malta, Netherlands, Poland, Portugal, Romania, Slovakia, Slovenia, Spain, and Sweden.",True
WebQTest-20,webqsp,test,what did st augustine do?,"St. Augustine was a theologian and philosopher who significantly contributed to the development of Christian doctrine and wrote extensively on theology, philosophy, and church history.","['Philosopher', 'Physician', 'Writer']",Tiered-Forest,"St. Augustine was a theologian and philosopher who significantly contributed to the development of Christian doctrine and wrote extensively on theology, philosophy, and church history.",True
WebQTest-1607,webqsp,test,who won fedex cup 2012?,Bubba Watson won the FedExCup in 2012.,['Brandt Snedeker'],Tiered-Forest,Bubba Watson won the FedExCup in 2012.,False
WebQTest-1696,webqsp,test,what did ferdinand magellan do?,Ferdinand Magellan is known for leading the first expedition to navigate all the way around the world.,"['Sailor', 'Navigator', 'Explorer']",Tiered-Forest,Ferdinand Magellan is known for leading the first expedition to navigate all the way around the world.,False
WebQTest-1553,webqsp,test,where does sami yusuf live?,Sami Yusuf lives in Bahrain.,['Tehran'],Tiered-Forest,Sami Yusuf lives in Bahrain.,False
WebQTest-561,webqsp,test,when was abe lincoln president?,Abe Lincoln was president from 1861 to 1865.,"['Abraham Lincoln 1861 presidential inauguration', 'Abraham Lincoln 1865 presidential inauguration']",Tiered-Forest,Abe Lincoln was president from 1861 to 1865.,False
WebQTest-300,webqsp,test,who is sir francis bacon?,"Sir Francis Bacon was an English philosopher, statesman, scientist, lawyer, and author who is widely regarded as one of the founders of the scientific method.","['Spy', 'Statesman', 'Philosopher', 'Scientist', 'Author']",Tiered-Forest,"Sir Francis Bacon was an English philosopher, statesman, scientist, lawyer, and author who is widely regarded as one of the founders of the scientific method.",True
WebQTest-638,webqsp,test,what languages are there in japan?,"Japanese is the primary language in Japan, with some regional dialects and minority languages like Korean and Chinese also spoken by some communities.","['English Language', 'Korean Language', 'Esperanto Language', 'Japanese Language', 'Ainu Language']",Tiered-Forest,"Japanese is the primary language in Japan, with some regional dialects and minority languages like Korean and Chinese also spoken by some communities.",False
WebQTest-83,webqsp,test,which countries speak german officially?,"Germany, Austria, Switzerland, Liechtenstein, and parts of Belgium and Italy have German as an official language.","['Belgium', 'Germany', 'East Germany', 'Luxembourg', 'Liechtenstein', 'Switzerland', 'Austria']",Tiered-Forest,"Germany, Austria, Switzerland, Liechtenstein, and parts of Belgium and Italy have German as an official language.",True
WebQTest-502,webqsp,test,where did al qaeda attack?,"Al-Qaeda has carried out attacks in multiple countries, including the United States, Afghanistan, Pakistan, and others.","['Taliban insurgency', 'September 11 attacks']",Tiered-Forest,"Al-Qaeda has carried out attacks in multiple countries, including the United States, Afghanistan, Pakistan, and others.",False
WebQTest-1617,webqsp,test,what did nicholas copernicus discover?,"Nicholas Copernicus discovered and proposed the heliocentric model of the solar system, with the Sun at the center.","['Heliocentrism', 'Copernican heliocentrism', 'Copernican Revolution']",Tiered-Forest,"Nicholas Copernicus discovered and proposed the heliocentric model of the solar system, with the Sun at the center.",False
WebQTest-1101,webqsp,test,who is martin luther king jr facts?,"Martin Luther King Jr. was an American civil rights leader who advocated for nonviolent protest and is famous for his leadership in the advancement of civil rights, including his famous ""I Have a Dream"" speech.","['Civil rights activist', 'Pastor', 'Minister', 'Humanitarian', 'Writer', 'Clergy']",Tiered-Forest,"Martin Luther King Jr. was an American civil rights leader who advocated for nonviolent protest and is famous for his leadership in the advancement of civil rights, including his famous ""I Have a Dream"" speech.",False
WebQTest-1269,webqsp,test,where was the boston tea party 1773?,The Boston Tea Party took place at Griffin's Wharf in Boston.,['Boston Harbor'],Tiered-Forest,The Boston Tea Party took place at Griffin's Wharf in Boston.,False
WebQTest-116,webqsp,test,which country was justin bieber born in?,"Justin Bieber was born in London, Ontario, Canada.",['Canada'],Tiered-Forest,"Justin Bieber was born in London, Ontario, Canada.",True
WebQTest-659,webqsp,test,what form of government is the uk?,The UK has a constitutional monarchy and a parliamentary democracy.,"['Parliamentary system', 'Unitary state', 'Constitutional monarchy']",Tiered-Forest,The UK has a constitutional monarchy and a parliamentary democracy.,True
WebQTest-1020,webqsp,test,what highschool did r. kelly attend?,"R. Kelly attended J. T. Williams High School in Chicago, Illinois.",['Kenwood Academy'],Tiered-Forest,"R. Kelly attended J. T. Williams High School in Chicago, Illinois.",False
WebQTest-1362,webqsp,test,who is the state governor of florida?,The current state governor of Florida is Ron DeSantis.,['Rick Scott'],Tiered-Forest,The current state governor of Florida is Ron DeSantis.,False
WebQTest-1344,webqsp,test,what two states is st louis in?,St. Louis is not a state but a city located in Missouri and Illinois.,['Missouri'],Tiered-Forest,St. Louis is not a state but a city located in Missouri and Illinois.,True
WebQTest-256,webqsp,test,what is the primary language of china?,The primary language of China is Mandarin Chinese.,['Standard Chinese'],Tiered-Forest,The primary language of China is Mandarin Chinese.,False
WebQTest-51,webqsp,test,who will play mr gray in the film?,"The role of Mr. Gray in the film ""50 Shades of Grey"" was played by Jamie Dornan.",['Jamie Dornan'],Tiered-Forest,"The role of Mr. Gray in the film ""50 Shades of Grey"" was played by Jamie Dornan.",True
WebQTest-193,webqsp,test,what school did ben roethlisberger go to?,Ben Roethlisberger went to the University of Pittsburgh.,['Miami University'],Tiered-Forest,Ben Roethlisberger went to the University of Pittsburgh.,False
WebQTest-740,webqsp,test,who was selena gomez in barney and friends?,Selena Gomez voiced the character of Olivia in the TV show Barney and Friends.,['Gianna'],Tiered-Forest,Selena Gomez voiced the character of Olivia in the TV show Barney and Friends.,False
WebQTest-1435,webqsp,test,who did kurt warner play 4?,Kurt Warner played for the St. Louis Rams and the Arizona Cardinals.,"['Amsterdam Admirals', 'Northern Iowa Panthers football', 'Iowa Barnstormers', 'New York Giants', 'St. Louis Rams', 'Arizona Cardinals']",Tiered-Forest,Kurt Warner played for the St. Louis Rams and the Arizona Cardinals.,True
WebQTest-651,webqsp,test,what is the currency of germany now?,The currency of Germany is the Euro.,['Euro'],Tiered-Forest,The currency of Germany is the Euro.,True
WebQTest-1068,webqsp,test,what famous people are from barbados?,"Bob Marley, while not from Barbados, is a famous person associated with the island, as he visited and performed there frequently. Notable Barbadian figures include Dwayne ""The Rock"" Johnson and Rihanna.","['Hadan Holligan', 'Xavier Marcus', 'Kycia Knight', 'Shaquana Quintyne', 'Shakera Selman', 'Kyshona Knight', 'Shane Dowrich', 'Ryan Wiggins', 'Rashidi Boucher', 'Kyle Hope', 'Kyle Corbin', 'Dadrian Forde', 'Anthony Alleyne', 'Romario Harewood', 'Chai Lloyd', 'Michael Stoute', 'Kensley Reece', 'Richard Roett', 'Colin Forde', 'Raheim Sargeant', 'Renaldo Fenty', 'Eyre Sealy', 'Thomas Jordan', 'Alana Shipp', 'Andy Straughn', 'Jabarry Chandler', 'Shai Hope', 'Cecil Foster', 'Rayvon', 'Kat Flint', 'Arturo Tappin', 'Owen Arthur', 'Hartley Alleyne', 'John Lucas', 'Arthur Hendy', 'Hal Padmore', 'Albert Beckles', 'Ricky Hoyte', 'Winston Reid', 'Wendell White', 'Roger Blades', 'Ashley Bickerton', 'Martin Nurse', 'Emmerson Trotman', 'Mabel Keaton Staupers', 'Jim Hendy', 'William T. Shorey', 'Greg Armstrong', 'Pamela Lavine', 'Richard B. Moore', 'Float Woods', 'Avinash Persaud', 'Frank L. White', 'Alvin Rouse', 'Percy Tarilton', 'George Blackman', 'Redd Pepper', 'Chris Jordan', 'Clyde Mascoll', 'Sam Seale', 'Anne Cools', 'Tony Cordle', 'Wyndham Gittens', 'Magnet Man', 'Mia Mottley', 'Shawn Terry Cox', 'Gordon Greenidge', 'Douglas Dummett', 'Billie Miller', 'Rickey A. Walcott', 'Priya Balachandran', 'Norman Forde', 'Dave Wilkins', 'Henry Doorly', 'Kirk Edwards', 'John Parris', 'Frank Leslie Walcott', 'Seibert Straughn', 'Sylvester Braithwaite', 'Tom Adams', 'George Alleyne', 'William Perkins', 'Arnold Josiah Ford', 'Edwin Lascelles, 1st Baron Harewood', 'Ricardo Ellcock', 'Wilfred Wood', 'Anthony Forde', 'Micky Welch', 'Hal Linton', ""Lunden De'Leon"", 'Nita Barrow', 'Deandra Dottin', 'Renn Dickson Hampden', 'June Gibbons', 'Jennifer Gibbons', 'Austin Clarke', 'Odimumba Kwamdela', 'Hilary Beckles', 'Colin Young', 'Hugh Laing', 'John Holder', 'Nick Nanton', 'Alison Sealy-Smith', 'Frank Collymore', 'G. Aubrey Goodman', 'Lloyd Erskine Sandiford', 'Christopher Codrington', 'Samuel Hinds', 'Tony Reid', 'Conrad Hunte', 'Ryan Hinds', 'Philo Wallace', 'Tony Cozier', 'William Maynard Gomm', 'Alan Emtage', 'Seymour Nurse', 'Anderson Cummins', 'Neville Goddard', 'James Waithe', 'Lloyd A. Thompson', 'Jaicko', 'Peter Lashley', 'Prof Edwards', 'Robert Callender', 'Agymah Kamau', 'John Goddard', 'Robin Bynoe', 'Charlie Griffith', 'David Holford', 'John Shepherd', 'Ron King', 'Tony White', 'Zeeteah Massiah', 'Robert Bailey', 'Tim Thorogood', 'Hugh Springer', 'Goodridge Roberts', 'Jon Rubin', 'Woodie Blackman', 'Annalee Davis', 'Nevada Phillips', 'Clennell Wickham', 'Henry Honychurch Gorringe', 'Trevor W. Payne', 'Richard Pile', 'Hugh Gordon Cummins', 'Lene Hall', 'Javon Searles', 'Earl Maynard', 'Karen Lord', 'Samuel Jackman Prescod', 'Sylvesta Stuart', 'Roy Callender', 'George Codrington', 'Marita Payne', 'John Richard Farre', 'Gregory Goodridge', 'Wayne Sobers', 'Romell Brathwaite', 'Dwight James', 'Anthony Kellman', 'Sir William Randolph Douglas', 'Denys Williams', 'Glenville Lovell', 'Monica Braithwaite', 'Ronald Fenty', 'Dennis Archer', 'William Cleeve', 'Keith Griffith', 'Jason Boxhill', 'Omar Archer', 'Bryan Neblett', 'Adrian Chase', 'Dwayne Stanford', 'Barry Skeete', 'Rashida Williams', 'Kerry Holder', 'Riviere Williams', 'Jonathan Straker', 'Mario Harte', 'Jason Carter', 'Sheridan Grosvenor', 'Carlos Brathwaite', 'Bentley Springer', 'Ramuel Miller', 'Stephen Griffith', 'Omari Eastmond', 'Lionel Paul', 'Carl Joseph', 'Renaldo Gilkes', 'Jomo Brathwaite', 'Andre Bourne', 'Richard Lavine', 'Diquan Adamson', 'Kadeem Latham', 'Curtis Odle', 'Jamal Chandler', 'Tristan Parris', 'Kyle Gibson', 'George Moe', 'Horace Stoute', 'Adriel Brathwaite', 'Dwayne Griffith', 'Craig Worrell', 'Shakera Reece', 'Kandy Fenty', 'Crystal Fenty', 'Brandy Fenty', 'Richard Moody', 'James Wedderburn', 'David Comissiong', 'Chris Braithwaite', 'Edward Evelyn Greaves', 'Kirk Corbin', 'Jason Holder', 'Branford Taitt', 'Kyle Mayers', 'Ricardo Morris', 'Malcolm Marshall', 'Kemar Headley', 'Armando Lashley', 'Louis Eugene King', 'Ella Jane New', 'Don Kinch', 'Cynthia Rosalina La Touche Andersen', 'Campbell Foster', 'Jackie Roberts', 'Ivor Germain', 'Menelik Shabazz', 'Murr', 'Denzil H. Hurley']",Tiered-Forest,"Bob Marley, while not from Barbados, is a famous person associated with the island, as he visited and performed there frequently. Notable Barbadian figures include Dwayne ""The Rock"" Johnson and Rihanna.",False
WebQTest-700,webqsp,test,where is french spoken most?,"French is most widely spoken in France, but it also has significant speakers in countries of the former French colonial empire, such as Belgium, Canada, and several African nations.","['Belgium', 'Barbados', 'Benin', 'Burkina Faso', 'Burundi', 'Comoros', 'Cameroon', 'Central African Republic', 'Chad', 'Cyprus', 'Congo', 'Cambodia', 'Djibouti', 'Dominica', 'Equatorial Guinea', 'Jersey', 'Gabon', 'Guinea', 'Habsburg Netherlands', 'Holy Roman Empire', 'Haiti', 'Luxembourg', 'Laos', 'Lebanon', 'Madagascar', 'Mali', 'Martinique', 'Mauritius', 'Monaco', 'Morocco', 'Niger', 'Qatar', 'Rwanda', 'Switzerland', 'Senegal', 'Seychelles', 'Tunisia', 'Vatican City', 'Vanuatu', 'France', 'Ivory Coast', 'South Vietnam', 'Algeria']",Tiered-Forest,"French is most widely spoken in France, but it also has significant speakers in countries of the former French colonial empire, such as Belgium, Canada, and several African nations.",True
WebQTest-1510,webqsp,test,what are staffordshire terriers?,"Staffordshire terriers, also known as Staffies, are a breed of dog known for their friendly, loyal nature and robust build.",['Dog'],Tiered-Forest,"Staffordshire terriers, also known as Staffies, are a breed of dog known for their friendly, loyal nature and robust build.",True
WebQTest-1480,webqsp,test,who did cher have a son with?,Cher had a son with guitarist Shepperd Sullivan.,"['Gregg Allman', 'Sonny Bono']",Tiered-Forest,Cher had a son with guitarist Shepperd Sullivan.,False
WebQTest-603,webqsp,test,what money to take to turkey?,You should take Turkish Lira (TRY) and consider having some Euros (EUR) or US Dollars (USD) for international transactions.,['Turkish lira'],Tiered-Forest,You should take Turkish Lira (TRY) and consider having some Euros (EUR) or US Dollars (USD) for international transactions.,True
WebQTest-1433,webqsp,test,what to do with kids in asheville nc?,"In Asheville, NC, you can explore the Biltmore Estate, visit the Children's Museum of Asheville and Buncombe County, or enjoy the scenic Blue Ridge Parkway.","['Blue Ridge Parkway', 'The Omni Grove Park Inn', 'Biltmore Estate', 'Thomas Wolfe House', 'Folk Art Center', 'Smith-McDowell House', 'Carl Sandburg Home National Historic Site', 'Pisgah National Forest', 'Bele Chere', 'Asheville Art Museum']",Tiered-Forest,"In Asheville, NC, you can explore the Biltmore Estate, visit the Children's Museum of Asheville and Buncombe County, or enjoy the scenic Blue Ridge Parkway.",True
WebQTest-1638,webqsp,test,what language is most commonly spoken in belgium?,The most commonly spoken language in Belgium is Dutch.,"['Dutch Language', 'German Language', 'French']",Tiered-Forest,The most commonly spoken language in Belgium is Dutch.,False
WebQTest-1266,webqsp,test,what did romo do?,"Romo served as a quarterback in the NFL, most notably for the Dallas Cowboys.",['Baseball player'],Tiered-Forest,"Romo served as a quarterback in the NFL, most notably for the Dallas Cowboys.",False
WebQTest-1261,webqsp,test,where did the battle of passchendaele happen?,"The Battle of Passchendaele took place in Flanders, Belgium.","['Passendale', 'Flanders']",Tiered-Forest,"The Battle of Passchendaele took place in Flanders, Belgium.",True
WebQTest-254,webqsp,test,what countries in the world speak chinese?,"Several countries, including China, Taiwan, Singapore, and parts of Indonesia and Malaysia, have significant populations that speak Chinese.","['Brunei', 'Vietnam', 'Singapore', 'Malaysia', 'China', 'Canada', 'Shěn']",Tiered-Forest,"Several countries, including China, Taiwan, Singapore, and parts of Indonesia and Malaysia, have significant populations that speak Chinese.",True
WebQTest-400,webqsp,test,what was the capital city of the east roman empire?,The capital city of the Eastern Roman Empire was Constantinople.,['Constantinople'],Tiered-Forest,The capital city of the Eastern Roman Empire was Constantinople.,True
WebQTest-818,webqsp,test,where was the ottoman empire based?,"The Ottoman Empire was based in Istanbul, Turkey.",['Near East'],Tiered-Forest,"The Ottoman Empire was based in Istanbul, Turkey.",False
WebQTest-1998,webqsp,test,what party was thomas jefferson affiliated with?,Thomas Jefferson was affiliated with the Democratic-Republican Party.,['Democratic-Republican Party'],Tiered-Forest,Thomas Jefferson was affiliated with the Democratic-Republican Party.,True
WebQTest-1449,webqsp,test,what was laura ingalls wilder famous for?,Laura Ingalls Wilder is famous for her series of children's novels based on her childhood experiences growing up on the American frontier.,"['Teacher', 'Writer', 'Journalist', 'Author']",Tiered-Forest,Laura Ingalls Wilder is famous for her series of children's novels based on her childhood experiences growing up on the American frontier.,False
WebQTest-269,webqsp,test,where does delaware river start?,The Delaware River starts at the confluence of the East and West Branches in New York.,"['West Branch Delaware River', 'Mount Jefferson']",Tiered-Forest,The Delaware River starts at the confluence of the East and West Branches in New York.,False
WebQTest-488,webqsp,test,who did sir francis drake marry?,"Sir Francis Drake married Mary Newman, also known as Mary Mylwaye.","['Mary Newman', 'Elizabeth Sydenham']",Tiered-Forest,"Sir Francis Drake married Mary Newman, also known as Mary Mylwaye.",True
WebQTest-777,webqsp,test,where is the main headquarters of google?,"Google's main headquarters is located in Mountain View, California, often referred to as Silicon Valley.",['Mountain View'],Tiered-Forest,"Google's main headquarters is located in Mountain View, California, often referred to as Silicon Valley.",True
WebQTest-1580,webqsp,test,what type of democracy is the united states?,The United States has a representative democracy with a constitutional republic form of government.,"['Presidential system', 'Constitutional republic', 'Federal republic']",Tiered-Forest,The United States has a representative democracy with a constitutional republic form of government.,True
WebQTest-626,webqsp,test,what does the missouri river bisect?,The Missouri River bisects the state of North Dakota.,"['Iowa', 'Kansas', 'Missouri', 'Montana', 'Nebraska', 'North Dakota', 'South Dakota']",Tiered-Forest,The Missouri River bisects the state of North Dakota.,True
WebQTest-546,webqsp,test,who is michael j fox's wife?,Michael J. Fox's wife is Catherine Fox.,['Tracy Pollan'],Tiered-Forest,Michael J. Fox's wife is Catherine Fox.,False
WebQTest-287,webqsp,test,what movies has carmen electra been in?,"Carmen Electra has appeared in movies such as ""Beverly Hills Ninja,"" ""Deuce Bigalow: European Gigolo,"" and ""Scary Movie 3.""","['Dragula', 'Chocolate City', 'Good Burger', 'Scary Movie', 'Epic Movie', 'Starsky & Hutch', 'Full of It', 'I Want Candy', ""Lil' Pimp"", 'Bedtime Stories', 'Meet the Spartans', 'Christmas in Wonderland', 'Perfume', 'Mr. 3000', 'Sol Goode', 'Disaster Movie', 'Baywatch: Hawaiian Wedding', 'Naked Movie', 'Hot Tamale', ""30 Days Until I'm Famous"", 'Whacked!', 'Uptown Girls', 'Get Over It', 'Searching for Bobby D', 'Cheaper by the Dozen 2', ""National Lampoon's Pledge This!"", 'Scary Movie 4', 'The Chosen One: Legend of the Raven', 'Oy Vey! My Son Is Gay!!', 'Date Movie', 'American Dreamz', 'Dirty Love', 'Starstruck', 'Barry Munday', 'American Vampire', ""Carmen Electra's Fit to Strip"", 'Rent Control', 'BThere Dvd Magazine', 'We Are Family', 'Monster Island', 'Max Havoc: Curse of the Dragon', ""My Boss's Daughter"", 'Getting Played', 'The Mating Habits of the Earthbound Human', 'The Back Nine', '2-Headed Shark Attack', 'Mardi Gras: Spring Break', 'Lap Dance', 'Book of Fire', 'The Axe Boat', ""Lolo's Cafe""]",Tiered-Forest,"Carmen Electra has appeared in movies such as ""Beverly Hills Ninja,"" ""Deuce Bigalow: European Gigolo,"" and ""Scary Movie 3.""",True
WebQTest-302,webqsp,test,what are the official colors of the dallas cowboys?,The official colors of the Dallas Cowboys are blue and gold.,"['Blue', 'Navy Blue', 'Silver', 'Royal blue', 'White']",Tiered-Forest,The official colors of the Dallas Cowboys are blue and gold.,True
WebQTest-323,webqsp,test,what movies did ron howard director?,"Ron Howard directed a variety of movies including ""Apollo 13,"" ""A Beautiful Mind,"" ""The Da Vinci Code,"" and ""Iron Man 3,"" among others.","['Apollo 13', 'Inferno', 'Willow', 'Splash', 'EDtv', 'Night Shift', 'Backdraft', 'Frost/Nixon', 'Grand Theft Auto', 'Far and Away', 'Cocoon', 'Ransom', 'Parenthood', 'The Missing', 'Cinderella Man', 'The Dark Tower', 'The Da Vinci Code', 'The Paper', 'Cotton Candy', 'Gung Ho', 'A Beautiful Mind', 'The Dilemma', 'The Lost Symbol', ""Dr. Seuss' How the Grinch Stole Christmas"", 'Angels & Demons', 'Presidential Reunion', 'Rush', 'Jay-Z: Made in America', 'In the Heart of the Sea']",Tiered-Forest,"Ron Howard directed a variety of movies including ""Apollo 13,"" ""A Beautiful Mind,"" ""The Da Vinci Code,"" and ""Iron Man 3,"" among others.",True
WebQTest-164,webqsp,test,what did stephen hawking become famous for?,"Stephen Hawking became famous for his contributions to theoretical physics and cosmology, particularly his work on black holes and the origins of the universe.","['Professor', 'Astrophysicist', 'Science writer', 'Cosmologist', 'Mathematician', 'Physicist', 'Scientist', 'Writer', 'Astronomer', 'Author']",Tiered-Forest,"Stephen Hawking became famous for his contributions to theoretical physics and cosmology, particularly his work on black holes and the origins of the universe.",False
WebQTest-867,webqsp,test,what else has jennifer lawrence played in?,"Jennifer Lawrence has played a variety of roles in films such as ""The Hunger Games"" series, ""X-Men: Days of Future Past,"" and ""Silver Linings Playbook,"" among others.","['X-Men: Apocalypse', 'Joy', 'Not Another High School Show', 'The Burning Plain', 'Garden Party', 'Company Town', 'Winter’s Bone', 'The Beaver', 'The Poker House', 'X-Men: First Class', 'Like Crazy', 'The Hunger Games', 'House at the End of the Street', 'Devil You Know', 'Silver Linings Playbook', 'The Hunger Games: Catching Fire', 'The Hunger Games: Mockingjay, Part 1', 'The Hunger Games: Mockingjay, Part 2', 'X-Men: Days of Future Past', 'Serena', 'American Hustle', 'East of Eden', 'Burial Rites', 'The Glass Castle']",Tiered-Forest,"Jennifer Lawrence has played a variety of roles in films such as ""The Hunger Games"" series, ""X-Men: Days of Future Past,"" and ""Silver Linings Playbook,"" among others.",True
WebQTest-240,webqsp,test,what colleges did albert einstein teach at?,"Albert Einstein taught at the University of Zurich, the Swiss Federal Institute of Technology Zurich, and Princeton University.","['Institute for Advanced Study', 'ETH Zurich', 'University of Zurich', 'Charles University in Prague', 'Leiden University']",Tiered-Forest,"Albert Einstein taught at the University of Zurich, the Swiss Federal Institute of Technology Zurich, and Princeton University.",True
WebQTest-134,webqsp,test,what type of books did agatha christie wrote?,"Agatha Christie wrote detective novels, mystery novels, and crime fiction.","['Playwright', 'Novelist', 'Poet', 'Writer', 'Screenwriter']",Tiered-Forest,"Agatha Christie wrote detective novels, mystery novels, and crime fiction.",False
WebQTest-1764,webqsp,test,where is daud ibrahim?,"I don't have real-time data, so I can't provide the current location of Daud Ibrahim.",['Maharashtra'],Tiered-Forest,"I don't have real-time data, so I can't provide the current location of Daud Ibrahim.",False
WebQTest-1539,webqsp,test,who is ryan reynolds married to 2012?,"In 2012, Ryan Reynolds was married to Blake Lively.",['Blake Lively'],Tiered-Forest,"In 2012, Ryan Reynolds was married to Blake Lively.",True
WebQTest-1752,webqsp,test,what did f. scott fitzgerald do?,"F. Scott Fitzgerald was an American author best known for his novel ""The Great Gatsby,"" which explores themes of wealth, decadence, and the American Dream.","['Novelist', 'Poet', 'Writer']",Tiered-Forest,"F. Scott Fitzgerald was an American author best known for his novel ""The Great Gatsby,"" which explores themes of wealth, decadence, and the American Dream.",False
WebQTest-1977,webqsp,test,where did crabtree go to college?,Crabtree went to college at the University of Arizona.,['Texas Tech University'],Tiered-Forest,Crabtree went to college at the University of Arizona.,False
WebQTest-1425,webqsp,test,what colleges did mitt romney attend?,Mitt Romney attended Brigham Young University and Harvard Business School.,"['Harvard Law School', 'Harvard University', 'Stanford University', 'Harvard Business School', 'Brigham Young University']",Tiered-Forest,Mitt Romney attended Brigham Young University and Harvard Business School.,True
WebQTest-1311,webqsp,test,what was antoni gaudi inspired by?,"Antoni Gaudí was inspired by nature, Gothic architecture, and the Art Nouveau movement.","['Eugène Viollet-le-Duc', 'William Morris']",Tiered-Forest,"Antoni Gaudí was inspired by nature, Gothic architecture, and the Art Nouveau movement.",False
WebQTest-891,webqsp,test,who was the leader of the first communist party of china?,The leader of the first Communist Party of China was Chen Duxiu.,"['Li Dazhao', 'Mao Zedong', 'Zhou Enlai', 'Chen Duxiu']",Tiered-Forest,The leader of the first Communist Party of China was Chen Duxiu.,True
WebQTest-251,webqsp,test,what type of currency do they use in england?,"England uses the **British Pound Sterling (GBP)**, often simply called the pound (£).",['Pound sterling'],Tiered-Forest,"England uses the **British Pound Sterling (GBP)**, often simply called the pound (£).",True
WebQTest-1975,webqsp,test,what was the last movie sean connery was in?,"Sean Connery's last movie was ""The Man from U.N.C.L.E."" in 2015.",['Sir Billi'],Tiered-Forest,"Sean Connery's last movie was ""The Man from U.N.C.L.E."" in 2015.",False
WebQTest-1825,webqsp,test,what did lincoln steffens wrote?,"Lincoln Steffens wrote exposés on political corruption and social injustices, most famously in his book ""The Shame of the Cities.""","['Die Geschichte meines Lebens', 'The Shame of the Cities', 'The autobiography of Lincoln Steffens', 'John Reed', 'The struggle for self-government', 'Lincoln Steffens speaking', 'The world of Lincoln Steffens', 'Into Mexico and out', 'Moses in red', 'The Least Of These', 'Upbuilders', 'Boy on horseback', 'The Old Jim Horse']",Tiered-Forest,"Lincoln Steffens wrote exposés on political corruption and social injustices, most famously in his book ""The Shame of the Cities.""",True
WebQTest-1114,webqsp,test,what countries makes up the uk?,"The UK is made up of England, Scotland, Wales, and Northern Ireland.","['England', 'Northern Ireland', 'Scotland', 'Wales']",Tiered-Forest,"The UK is made up of England, Scotland, Wales, and Northern Ireland.",True
WebQTest-1629,webqsp,test,what currency does dominican republic take?,The Dominican Republic uses the Dominican peso as its currency.,['Dominican peso'],Tiered-Forest,The Dominican Republic uses the Dominican peso as its currency.,True
WebQTest-624,webqsp,test,who plays elena gilbert on vampire diaries?,Elena Gilbert on Vampire Diaries is played by Nina Dobrev.,['Nina Dobrev'],Tiered-Forest,Elena Gilbert on Vampire Diaries is played by Nina Dobrev.,True
WebQTest-1691,webqsp,test,what is houston timezone?,"Houston, Texas is in the Central Time Zone (CT).",['Central Time Zone'],Tiered-Forest,"Houston, Texas is in the Central Time Zone (CT).",True
WebQTest-833,webqsp,test,what is the main language used in china?,The main language used in China is Mandarin Chinese.,['Standard Chinese'],Tiered-Forest,The main language used in China is Mandarin Chinese.,False
WebQTest-1507,webqsp,test,who was kate chopin?,Kate Chopin was an American writer known for her pioneering works that explored feminist themes and the lives of women in late 19th-century Louisiana.,"['Businessperson', 'Novelist', 'Writer', 'Author']",Tiered-Forest,Kate Chopin was an American writer known for her pioneering works that explored feminist themes and the lives of women in late 19th-century Louisiana.,True
WebQTest-691,webqsp,test,what school did miley cyrus?,Miley Cyrus attended The King's Academy in Israel for a year before completing her education in the United States.,['Heritage Elementary School'],Tiered-Forest,Miley Cyrus attended The King's Academy in Israel for a year before completing her education in the United States.,False
WebQTest-755,webqsp,test,what was bonnie prince charlie full name?,Bonnie Prince Charlie's full name was Charles Edward Stuart.,['Charles Edward Stuart'],Tiered-Forest,Bonnie Prince Charlie's full name was Charles Edward Stuart.,True
WebQTest-154,webqsp,test,what instruments did louis armstrong play?,Louis Armstrong primarily played the trumpet and sang.,"['Cornet', 'Trumpet']",Tiered-Forest,Louis Armstrong primarily played the trumpet and sang.,True
WebQTest-1819,webqsp,test,what religion does canada follow?,"Canada does not follow a single religion; it is diverse, with significant populations practicing Christianity, Islam, Buddhism, and other religions.","['Protestantism', 'Catholicism', 'Islam']",Tiered-Forest,"Canada does not follow a single religion; it is diverse, with significant populations practicing Christianity, Islam, Buddhism, and other religions.",True
WebQTest-33,webqsp,test,what timezone is sweden?,Sweden generally observes Central European Time (CET) and Central European Summer Time (CEST).,['Central European Time Zone'],Tiered-Forest,Sweden generally observes Central European Time (CET) and Central European Summer Time (CEST).,False
WebQTest-581,webqsp,test,where was anne boleyn executed?,Anne Boleyn was executed at Tower Green within the Tower of London.,['Tower of London'],Tiered-Forest,Anne Boleyn was executed at Tower Green within the Tower of London.,True
WebQTest-723,webqsp,test,what is there to see in sydney australia?,"Your candidate answer is correct. Sydney's key sights include:

1. **Iconic landmarks:** Sydney Opera House and Sydney Harbour Bridge.
2. **Famous beach:** Bondi Beach.
3. **Natural spaces:** Royal Botanic Garden, The Domain, and coastal walks.
4. **Vibrant areas:** The Rocks (historic district), Darling Harbour, and the CBD.

You can expand slightly by mentioning the Taronga Zoo, Sydney Tower Eye, and day trips to the Blue Mountains.","['Oatley Park, New South Wales', 'Port Jackson', 'Rose Seidler House', 'Bondi Beach', 'Wild Life Sydney', 'Sydney Film Festival', 'The Rocks', 'Sydney Markets', 'Powerhouse Museum', 'Luna Park Sydney', 'City2Surf', ""St Mary's Cathedral, Sydney"", 'Sydney Opera House', 'Sydney Harbour Bridge', 'North Head Quarantine Station', 'Hillsong Church', 'Darling Harbour', 'Australian National Maritime Museum', 'Featherdale Wildlife Park', 'Kamay Botany Bay National Park']",Tiered-Forest,"Your candidate answer is correct. Sydney's key sights include:

1. **Iconic landmarks:** Sydney Opera House and Sydney Harbour Bridge.
2. **Famous beach:** Bondi Beach.
3. **Natural spaces:** Royal Botanic Garden, The Domain, and coastal walks.
4. **Vibrant areas:** The Rocks (historic district), Darling Harbour, and the CBD.

You can expand slightly by mentioning the Taronga Zoo, Sydney Tower Eye, and day trips to the Blue Mountains.",True
WebQTest-1818,webqsp,test,what state is saint louis university in?,Saint Louis University is in the state of Missouri.,['Missouri'],Tiered-Forest,Saint Louis University is in the state of Missouri.,True
WebQTest-953,webqsp,test,where is kansas city?,"Kansas City is located in the central United States, spanning parts of Kansas and Missouri.",['Platte County'],Tiered-Forest,"Kansas City is located in the central United States, spanning parts of Kansas and Missouri.",False
WebQTest-335,webqsp,test,what type of money to take to cuba?,"Take Cuban convertible pesos (CUC) or US dollars when traveling to Cuba, as they are widely accepted; however, be aware that Cuban pesos (CUP) are the official currency but have limited use for tourists.","['Cuban peso', 'Cuban convertible peso']",Tiered-Forest,"Take Cuban convertible pesos (CUC) or US dollars when traveling to Cuba, as they are widely accepted; however, be aware that Cuban pesos (CUP) are the official currency but have limited use for tourists.",True
WebQTest-1152,webqsp,test,who is the voice of kitt?,"The voice of KITT in ""Knight Rider"" was provided by William Daniels.",['William Daniels'],Tiered-Forest,"The voice of KITT in ""Knight Rider"" was provided by William Daniels.",True
WebQTest-1209,webqsp,test,when does ziva start on ncis?,"Ziva David first appears in the second season of NCIS, which aired in 2005.",['NCIS - Season 3'],Tiered-Forest,"Ziva David first appears in the second season of NCIS, which aired in 2005.",False
WebQTest-1739,webqsp,test,who is the voice of eric cartman on south park?,The voice of Eric Cartman on South Park is provided by Trey Parker.,['Trey Parker'],Tiered-Forest,The voice of Eric Cartman on South Park is provided by Trey Parker.,True
WebQTest-538,webqsp,test,what are all the movies taylor swift has been in?,"Taylor Swift has appeared in the movies ""Cats"" (2019) and ""The Lucky One"" (2010).","['Hannah Montana: The Movie', ""Valentine's Day"", 'The Lorax', 'Jonas Brothers: The Concert Experience', 'The Giver']",Tiered-Forest,"Taylor Swift has appeared in the movies ""Cats"" (2019) and ""The Lucky One"" (2010).",False
WebQTest-1110,webqsp,test,where was john jay born?,John Jay was born in New York City.,['New York City'],Tiered-Forest,John Jay was born in New York City.,True
WebQTest-39,webqsp,test,who is niall ferguson's wife?,Niall Ferguson's wife is Sarah Bird Ferguson.,['Ayaan Hirsi Ali'],Tiered-Forest,Niall Ferguson's wife is Sarah Bird Ferguson.,False
WebQTest-1285,webqsp,test,what city is mt lassen in?,"Mt. Lassen is located in California, within Lassen County and near the city of Tehama.","['California', 'Lassen Volcanic National Park', 'North America', 'United States of America', 'Cascade Range', 'Shasta County']",Tiered-Forest,"Mt. Lassen is located in California, within Lassen County and near the city of Tehama.",True
WebQTest-28,webqsp,test,what electorate does anna bligh represent?,Anna Bligh represented the electorate of Griffith in the Australian House of Representatives.,['Electoral district of South Brisbane'],Tiered-Forest,Anna Bligh represented the electorate of Griffith in the Australian House of Representatives.,False
WebQTest-2028,webqsp,test,who is the current leader of france 2010?,The current leader of France in 2010 was Nicolas Sarkozy.,['Nicolas Sarkozy'],Tiered-Forest,The current leader of France in 2010 was Nicolas Sarkozy.,True
WebQTest-1485,webqsp,test,what is the currency in turkey called?,The currency in Turkey is called the Turkish Lira (TRY).,['Turkish lira'],Tiered-Forest,The currency in Turkey is called the Turkish Lira (TRY).,True
WebQTest-1060,webqsp,test,what is the currency in italy?,The currency in Italy is the Euro (EUR).,['Euro'],Tiered-Forest,The currency in Italy is the Euro (EUR).,True
WebQTest-749,webqsp,test,who was president in 1988 in the united states?,The president of the United States in 1988 was Ronald Reagan.,['Ronald Reagan'],Tiered-Forest,The president of the United States in 1988 was Ronald Reagan.,True
WebQTest-1256,webqsp,test,who did terrell owens play for in 2010?,"In 2010, Terrell Owens played for the Philadelphia Eagles.","['Buffalo Bills', 'Cincinnati Bengals', 'Texas Revolution']",Tiered-Forest,"In 2010, Terrell Owens played for the Philadelphia Eagles.",False
WebQTest-1724,webqsp,test,when did arsenal won the league?,Arsenal last won the Premier League in the 2017-18 season.,"['2004–05 FA Cup', '1992–93 FA Cup', '2002–03 FA Cup', '2001–02 FA Cup', '1997–98 FA Cup', '1978–79 FA Cup', '1970–71 FA Cup', '2013–14 FA Cup']",Tiered-Forest,Arsenal last won the Premier League in the 2017-18 season.,False
WebQTest-241,webqsp,test,who plays the voice of brian on family guy?,The voice of Brian on Family Guy is played by Seth MacFarlane.,['Seth MacFarlane'],Tiered-Forest,The voice of Brian on Family Guy is played by Seth MacFarlane.,True
WebQTest-1838,webqsp,test,what sports are popular in germany?,"Football (soccer) is the most popular sport in Germany, followed by basketball and ice hockey.","['Germany national football team', 'Germany national cricket team', 'Germany national handball team', ""Germany women's national field hockey team"", ""Germany women's national volleyball team"", 'Germany national beach handball team', ""Germany women's national beach handball team"", ""Germany women's national handball team"", 'Germany Davis Cup team', 'Germany Fed Cup team', ""Germany women's national rugby union team"", ""Germany women's national football team"", ""Germany men's national volleyball team"", 'Germany national korfball team', 'Germany national rugby league team', 'German National Ice Hockey Team', 'Germany national baseball team', 'Germany national badminton team', 'Germany national American football team', ""Germany men's national inline hockey team"", 'Germany national beach soccer team', ""Germany men's national water polo team"", ""Germany women's national basketball team"", 'Germany national speedway team', ""Germany men's national pitch and putt team"", ""Germany women's national under-18 ice hockey team"", 'Germany national rugby union team', ""Germany women's national ice hockey team"", 'Germany national basketball team', ""Germany U20 women's volleyball team"", 'FC Bayern Munich', 'BG Göttingen', 'Alba Berlin', 'Brose Baskets', ""Germany men's national field hockey team"", 'Telekom Baskets Bonn', 'Skyliners Frankfurt', 'Köln 99ers', 'Bayer Giants Leverkusen', 'EWE Baskets Oldenburg', 'QTSV Quackenbrück']",Tiered-Forest,"Football (soccer) is the most popular sport in Germany, followed by basketball and ice hockey.",False
WebQTest-210,webqsp,test,where is tyrese gibson from?,"Tyrese Gibson is from Detroit, Michigan.",['Watts'],Tiered-Forest,"Tyrese Gibson is from Detroit, Michigan.",False
WebQTest-991,webqsp,test,who played donna on west wing?,Michelle Phillips played the role of Donna Moss on The West Wing.,['Janel Moloney'],Tiered-Forest,Michelle Phillips played the role of Donna Moss on The West Wing.,False
WebQTest-1291,webqsp,test,how many kids were there in the kennedy family?,There were nine children in the Kennedy family.,"['Ted Kennedy', 'Rosemary Kennedy', 'Joseph P. Kennedy, Jr.', 'Jean Kennedy Smith', 'Kathleen Cavendish', 'Patricia Kennedy Lawford', 'Robert F. Kennedy', 'Eunice Kennedy Shriver', 'John F. Kennedy']",Tiered-Forest,There were nine children in the Kennedy family.,False
WebQTest-1324,webqsp,test,what college did john nash go to?,"John Nash attended Carnegie Institute of Technology, which is now Carnegie Mellon University.","['Carnegie Mellon College of Engineering', 'Princeton University']",Tiered-Forest,"John Nash attended Carnegie Institute of Technology, which is now Carnegie Mellon University.",False
WebQTest-390,webqsp,test,when was the last time the toronto maple leafs were in the stanley cup finals?,The Toronto Maple Leafs were in the Stanley Cup Finals in 2023.,['1967 Stanley Cup Finals'],Tiered-Forest,The Toronto Maple Leafs were in the Stanley Cup Finals in 2023.,False
WebQTest-1398,webqsp,test,what movies did joan crawford play in?,"Joan Crawford starred in numerous films throughout her career, including classics like ""Grand Hotel,"" ""Possessed,"" and ""Mildred Pierce.""","['Possessed', 'Sudden Fear', 'Humoresque', 'Harriet Craig', 'Susan and God', 'The Women', 'The Stolen Jools', 'Spring Fever', 'Sally, Irene and Mary', 'Across to Singapore', 'This Woman Is Dangerous', 'Pretty Ladies', 'Old Clothes', 'Tramp, Tramp, Tramp', 'The Boob', 'The Taxi Dancer', 'Winners of the Wilderness', 'The Understanding Heart', 'Twelve Miles Out', 'The Law of the Range', 'West Point', 'Four Walls', 'Dream of Love', 'The Duke Steps Out', 'Our Modern Maidens', 'Montana Moon', 'Our Blushing Brides', 'Paid', 'Dance, Fools, Dance', 'This Modern Age', 'Laughing Sinners', 'Letty Lynton', 'Today We Live', 'Chained', 'Forsaking All Others', 'No More Ladies', 'I Live My Life', 'The Bride Wore Red', 'The Shining Hour', 'Mannequin', 'The Ice Follies of 1939', 'Strange Cargo', ""A Woman's Face"", 'When Ladies Meet', 'They All Kissed the Bride', 'Reunion in France', 'Above Suspicion', 'Female on the Beach', 'Goodbye, My Fancy', 'The Story of Esther Costello', 'A Slave of Fashion', 'Tide of Empire', 'The Merry Widow', 'Trog', 'Great Day', 'The Last of Mrs. Cheyney', 'The Best of Everything', 'Paris', 'Queen Bee', 'Johnny Guitar', 'The Gorgeous Hussy', 'Torch Song', 'Hush… Hush, Sweet Charlotte', 'Autumn Leaves', 'The Karate Killers', 'What Ever Happened to Baby Jane?', 'Our Dancing Daughters', ""It's a Great Feeling"", ""The Damned Don't Cry!"", 'Rain', 'Flamingo Road', 'Dancing Lady', 'Rose-Marie', 'The Circle', 'The Unknown', 'Sadie McKee', 'Strait-Jacket', 'The Caretakers', 'Untamed', 'I Saw What You Did', 'Berserk!', 'Grand Hotel', 'The Hollywood Revue of 1929', 'Love on the Run', 'Harry Langdon: The Forgotten Clown', 'Mildred Pierce', 'Daisy Kenyon', 'Della']",Tiered-Forest,"Joan Crawford starred in numerous films throughout her career, including classics like ""Grand Hotel,"" ""Possessed,"" and ""Mildred Pierce.""",True
WebQTest-1850,webqsp,test,what religion does madonna practice?,"Madonna has practiced various religions throughout her life, including Catholicism, Wicca, and Buddhism, but she currently identifies as an agnostic.","['Jewish Renewal', 'Catholicism']",Tiered-Forest,"Madonna has practiced various religions throughout her life, including Catholicism, Wicca, and Buddhism, but she currently identifies as an agnostic.",True
WebQTest-1094,webqsp,test,who was isaac newton and what did he do?,"Isaac Newton was an English mathematician, physicist, and astronomer who formulated the laws of motion and universal gravitation, among other significant contributions to science.","['Chemist', 'Philosopher', 'Mathematician', 'Physicist', 'Scientist', 'Astronomer']",Tiered-Forest,"Isaac Newton was an English mathematician, physicist, and astronomer who formulated the laws of motion and universal gravitation, among other significant contributions to science.",True
WebQTest-966,webqsp,test,what basketball player is married to monica?,The basketball player married to Monica is Chris Webber.,['Shannon Brown'],Tiered-Forest,The basketball player married to Monica is Chris Webber.,False
WebQTest-297,webqsp,test,what time zone is anaheim california?,"Anaheim, California is in the Pacific Time Zone.",['Pacific Time Zone'],Tiered-Forest,"Anaheim, California is in the Pacific Time Zone.",True
WebQTest-866,webqsp,test,where did otto frank go to college?,Otto Frank went to college at the University of Frankfurt.,['Heidelberg University'],Tiered-Forest,Otto Frank went to college at the University of Frankfurt.,False
WebQTest-1547,webqsp,test,what is the title of george bush's new book?,"George Bush's new book is titled ""All In: The Memoirs of George W. Bush.""",['In My Time: A Personal and Political Memoir'],Tiered-Forest,"George Bush's new book is titled ""All In: The Memoirs of George W. Bush.""",False
WebQTest-2015,webqsp,test,what type of government does argentina have today?,Argentina has a unitary presidential constitutional republic government today.,"['Presidential system', 'Constitutional republic', 'Representative democracy', 'Federal republic']",Tiered-Forest,Argentina has a unitary presidential constitutional republic government today.,True
WebQTest-1789,webqsp,test,what is john edwards indicted for?,"John Edwards was indicted for conspiracy to commit mail and wire fraud, and making false statements to investigators.",['Political corruption'],Tiered-Forest,"John Edwards was indicted for conspiracy to commit mail and wire fraud, and making false statements to investigators.",False
WebQTest-1306,webqsp,test,what kind of government does iran have after 1979?,"Iran has a theocratic government with a Supreme Leader at its helm, established after the 1979 Islamic Revolution.","['Parliamentary system', 'Presidential system', 'Islamic republic', 'Unitary state', 'Theocracy']",Tiered-Forest,"Iran has a theocratic government with a Supreme Leader at its helm, established after the 1979 Islamic Revolution.",False
WebQTest-1206,webqsp,test,what was francis bacon contributions?,"Francis Bacon contributed significantly to the development of the scientific method and empirical research, emphasizing inductive reasoning and the importance of experimentation in the scientific process.","['Spy', 'Statesman', 'Philosopher', 'Scientist', 'Author']",Tiered-Forest,"Francis Bacon contributed significantly to the development of the scientific method and empirical research, emphasizing inductive reasoning and the importance of experimentation in the scientific process.",False
WebQTest-1613,webqsp,test,what language do they speak in malta?,Maltese and English are the official languages of Malta.,"['English Language', 'Maltese Language']",Tiered-Forest,Maltese and English are the official languages of Malta.,False
WebQTest-1417,webqsp,test,when was the last time the boston bruins went to the stanley cup?,The Boston Bruins last won the Stanley Cup in 2019.,['2013 Stanley Cup Finals'],Tiered-Forest,The Boston Bruins last won the Stanley Cup in 2019.,False
WebQTest-69,webqsp,test,what county is brentwood tennessee in?,"Brentwood, Tennessee is in Davidson County.",['Williamson County'],Tiered-Forest,"Brentwood, Tennessee is in Davidson County.",False
WebQTest-1830,webqsp,test,what language do they speak in colombia south america?,"In Colombia, Spanish is the official and most widely spoken language.","['Piratapuyo Language', 'Cocama language', 'Bora Language', 'Wayuu Language', 'Malayo Language', 'Quechua, Napo Lowland Language', 'Curripaco Language', 'Hupdë Language', 'Baudo language', 'Siona Language', 'Cabiyarí Language', 'Nukak language', 'Barí Language', 'Tama Language', 'Awa-Cuaiquer Language', 'Guanano Language', 'Tanimuca-Retuarã Language', 'Cagua Language', 'Runa Language', 'Coyaima Language', 'Ponares Language', 'Macaguaje Language', 'Inga, Jungle Language', 'Coxima Language', 'Tomedes Language', 'Natagaimas Language', 'Cumeral Language', 'Carijona Language', 'Tunebo, Barro Negro Language', 'Siriano Language', 'Muinane Language', 'Macaguán Language', 'Pijao Language', 'Puinave Language', 'Cubeo Language', 'Desano Language', 'Tunebo, Central Language', 'Guayabero Language', 'Arhuaco Language', 'Tunebo, Western Language', 'Totoro Language', 'Palenquero Language', 'Kogi Language', 'Barasana Language', 'Yukpa Language', 'Waimajã Language', 'Colombian Sign Language', 'Guambiano Language', 'Minica Huitoto', 'Piaroa Language', 'Emberá, Northern Language', 'Ocaina Language', 'Anserma Language', 'Carabayo Language', 'Macuna Language', 'Omejes Language', 'Andoque Language', 'Chipiajes Language', 'Inga Language', 'Piapoco Language', 'Tunebo, Angosturas Language', 'Catio language', 'Koreguaje Language', 'Kuna, Border Language', 'Andaqui Language', 'Sáliba Language', 'Camsá Language', 'Murui Huitoto language', 'Yucuna Language', 'Guahibo language', 'Cuiba language', 'Playero language', 'Uwa language', 'Achawa language', 'Ticuna language', 'Islander Creole English', 'Nheengatu language', 'Spanish Language', 'Tinigua language', 'Providencia Sign Language', 'Romani, Vlax Language', 'Tuyuca language', 'Tucano Language', 'Páez language', 'Cofán Language', 'Nonuya language']",Tiered-Forest,"In Colombia, Spanish is the official and most widely spoken language.",False
WebQTest-1568,webqsp,test,what university did obama graduated from?,Barack Obama graduated from Columbia University and Harvard Law School.,['Columbia University'],Tiered-Forest,Barack Obama graduated from Columbia University and Harvard Law School.,True
WebQTest-828,webqsp,test,what is the head judge of the supreme court called?,The head judge of the Supreme Court is called the Chief Justice.,['Chief Justice of the United States'],Tiered-Forest,The head judge of the Supreme Court is called the Chief Justice.,False
WebQTest-425,webqsp,test,where english is spoken?,"English is spoken in many countries, including the United States, the United Kingdom, Australia, Canada, and India, among others.","['Bahamas', 'Bangladesh', 'Barbados', 'Belize', 'Bermuda', 'Botswana', 'Brunei', 'Transkei', 'Ethiopia', 'Kenya', 'State of Palestine', 'Cameroon', 'Cayman Islands', 'Cyprus', 'Cook Islands', 'Territory of Papua and New Guinea', 'Dominica', 'England', 'Timor-Leste', 'Fiji', 'Jordan', 'Japan', 'Jersey', 'Guyana', 'Guam', 'Ghana', 'Gibraltar', 'South Yemen', 'Grenada', 'Honduras', 'Hong Kong', 'India', 'Republic of Ireland', 'Indonesia', 'Israel', 'Isle of Man', 'Kiribati', 'Laos', 'Lesotho', 'Liberia', 'Malta', 'Marshall Islands', 'Montserrat', 'Namibia', 'Nauru', 'Nigeria', 'Papua New Guinea', 'Puerto Rico', 'Pakistan', 'Philippines', 'Gazankulu', 'Qatar', 'Rwanda', 'Sri Lanka', 'Saint Kitts and Nevis', 'Sierra Leone', 'Saint Lucia', 'Saint Vincent and the Grenadines', 'Samoa', 'Singapore', 'Sudan', 'Swaziland', 'Tanzania', 'Tokelau', 'Turks and Caicos Islands', 'Tuvalu', 'United Kingdom', 'Uganda', 'Vatican City', 'Vanuatu', 'Zimbabwe', 'Zambia', 'Malaysia', 'Territory of New Guinea', 'Australia', 'New Zealand', 'China', 'Canada', 'Mandatory Palestine', 'Curaçao', 'Gambia', 'South Africa', 'Wales', 'Antigua and Barbuda', 'Bonaire', 'Kingdom of Great Britain', 'United States of America']",Tiered-Forest,"English is spoken in many countries, including the United States, the United Kingdom, Australia, Canada, and India, among others.",True
WebQTest-1802,webqsp,test,where are the timezones in the usa?,"The timezones in the USA include Eastern Time, Central Time, Mountain Time, and Pacific Time, among others, spanning from the Atlantic to the Pacific coasts.","['Samoa Time Zone', 'Chamorro Time Zone', 'Central Time Zone', 'Eastern Time Zone', 'Mountain Time Zone', 'Pacific Time Zone', 'Alaska Time Zone', 'Hawaii-Aleutian Time Zone', 'Atlantic Time Zone']",Tiered-Forest,"The timezones in the USA include Eastern Time, Central Time, Mountain Time, and Pacific Time, among others, spanning from the Atlantic to the Pacific coasts.",False
WebQTest-1242,webqsp,test,what are all the names of the harry potter books?,"The Harry Potter books are titled ""Harry Potter and the Philosopher's Stone,"" ""Harry Potter and the Chamber of Secrets,"" ""Harry Potter and the Prisoner of Azkaban,"" ""Harry Potter and the Goblet of Fire,"" ""Harry","['Harry Potter and the Order of the Phoenix', 'Harry Potter and the Chamber of Secrets', 'Harry Potter and the Prisoner of Azkaban', 'Harry Potter and the Goblet of Fire', 'Harry Potter and the Deathly Hallows', 'Harry Potter and the Half-Blood Prince', ""Harry Potter and the Philosopher's Stone""]",Tiered-Forest,"The Harry Potter books are titled ""Harry Potter and the Philosopher's Stone,"" ""Harry Potter and the Chamber of Secrets,"" ""Harry Potter and the Prisoner of Azkaban,"" ""Harry Potter and the Goblet of Fire,"" ""Harry",True
WebQTest-612,webqsp,test,who does jeremy shockey play for in 2012?,"In 2012, Jeremy Shockey played for the Dallas Cowboys.",['Carolina Panthers'],Tiered-Forest,"In 2012, Jeremy Shockey played for the Dallas Cowboys.",False
WebQTest-1124,webqsp,test,who played samantha stephens in bewitched?,Elizabeth MacRae played Samantha Stephens in the original Bewitched television series.,['Elizabeth Montgomery'],Tiered-Forest,Elizabeth MacRae played Samantha Stephens in the original Bewitched television series.,False
WebQTest-1487,webqsp,test,where does kate middleton live 2012?,"In 2012, Kate Middleton lived in Nottingham Cottage at Windsor Great Park, which was her residence as the Duchess of Cambridge.","['Bucklebury', 'Reading']",Tiered-Forest,"In 2012, Kate Middleton lived in Nottingham Cottage at Windsor Great Park, which was her residence as the Duchess of Cambridge.",False
WebQTest-468,webqsp,test,where did venus williams come from?,"Venus Williams came from the United States, specifically from Compton and later Boca Raton, Florida.",['Lynwood'],Tiered-Forest,"Venus Williams came from the United States, specifically from Compton and later Boca Raton, Florida.",False
WebQTest-518,webqsp,test,what type of money do they use in costa rica?,They use the Costa Rican colon (CRC) as their currency.,['Costa Rican colón'],Tiered-Forest,They use the Costa Rican colon (CRC) as their currency.,False
WebQTest-79,webqsp,test,what country did buddha come from?,Buddha came from ancient India.,['Nepal'],Tiered-Forest,Buddha came from ancient India.,False
WebQTest-1233,webqsp,test,what are the colors of the ny giants?,"The New York Giants' colors are white, black, and old gold.","['Blue', 'Grey', 'Red', 'White']",Tiered-Forest,"The New York Giants' colors are white, black, and old gold.",True
WebQTest-1090,webqsp,test,where are boeing headquarters?,"Boeing's headquarters is located in Chicago, Illinois, although its main corporate headquarters and CEO office are in Bellevue, Washington.",['Chicago'],Tiered-Forest,"Boeing's headquarters is located in Chicago, Illinois, although its main corporate headquarters and CEO office are in Bellevue, Washington.",True
WebQTest-1822,webqsp,test,who is in paul ryan's family?,"Paul Ryan's family includes his wife Jodi and their children, though specific details about each family member are not provided in the question.","['Janna Ryan', 'Elizabeth Ryan', 'Charles Ryan', 'Samuel Ryan', 'Paul Murray Ryan', 'Elizabeth A. Ryan']",Tiered-Forest,"Paul Ryan's family includes his wife Jodi and their children, though specific details about each family member are not provided in the question.",False
WebQTest-1933,webqsp,test,what year did adam morrison get drafted?,Adam Morrison was drafted in 2007.,['2006 NBA draft'],Tiered-Forest,Adam Morrison was drafted in 2007.,False
WebQTest-173,webqsp,test,what countries are part of the baltic?,"The Baltic states are Latvia, Lithuania, and Estonia.","['Estonia', 'Latvia', 'Lithuania']",Tiered-Forest,"The Baltic states are Latvia, Lithuania, and Estonia.",True
WebQTest-1204,webqsp,test,where did the anasazi indians live?,"The Anasazi Indians lived in the southwestern United States, primarily in what is now Arizona, New Mexico, Colorado, and Utah.",['Four Corners'],Tiered-Forest,"The Anasazi Indians lived in the southwestern United States, primarily in what is now Arizona, New Mexico, Colorado, and Utah.",False
WebQTest-227,webqsp,test,where were the seneca indians located?,"The Seneca Indians were located in New York state, primarily in the western part including the Finger Lakes region.","['New York', 'Ontario']",Tiered-Forest,"The Seneca Indians were located in New York state, primarily in the western part including the Finger Lakes region.",True
WebQTest-170,webqsp,test,who played bilbo in lord of the rings?,Martin Freeman played Bilbo Baggins in the Lord of the Rings films.,['Norman Bird'],Tiered-Forest,Martin Freeman played Bilbo Baggins in the Lord of the Rings films.,False
WebQTest-739,webqsp,test,what pieces of music did claude debussy compose?,"Claude Debussy composed a wide range of music including preludes, nocturnes, images, and his well-known piano piece ""Clair de Lune.""","['g.11b821q1dm', 'Lindaraja', 'g.1234bndn', 'g.1234nfvz', 'Le promenoir des deux amants', 'Le Martyre de Saint-Sébastien: I. La cour des lys: N°2', 'Le Martyre de Saint-Sébastien: II. La chambre magique: N°1', 'Études, L. 136: XI. Pour les arpèges composés', 'Pelléas et Mélisande: Act II, Scene II. \\""Je suis ... je suis malade ici\\"" (Mélisande, Golaud)', 'Chansons de Bilitis, L. 90: La Flûte de Pan «Pour le jour des Hyacinthies»', ""Chansons de Bilitis, L. 90: «La Chevelure «Il m'a dit «Cette nuit d'ai rêvé»»"", 'Dans le jardin, L. 78, CD 107, mélodie pour voix et piano \\""Je regardais dans le jardin\\""', 'Preludes, Book I: 6. Des pas sur la neige', 'Estampes II: La soir e dans Grenade', 'Chansons de Bilitis, L. 90: Le Tombeau des naïades: «Le long du bois couvert de givre»', 'Petite Suite, L. 65, CD 71b, pour orchestre : I. En bateau', 'Le promenoir des deux amants, L. 118, CD 129, mélodies pour voix et piano : I. \\""Auprès de cette grotte sombre\\""', 'My Reverie', 'Proses lyriques, L. 84, CD 90 : IV. De Soirs, mélodie \\""Dimanche sur les villes\\""', 'Trio in G Major for Violin, Cello and Piano: II. Scherzo - Intermezzo. Moderato con allegro', 'La Damoiselle élue, L. 62, CD 69, poème lyrique pour voix de femmes, solo, chœur et orchestre', 'Études, L. 136: V. Pour les octaves', 'Six épigraphes antiques, L. 131: III. Pour que la nuit soit propice', 'Preludes, Book II: 7. La Terrasse des audiences du clair de lune', 'En blanc et noir: II. Lent, sombre', 'Quatuor à cordes en sol mineur, op. 10, L. 85, CD 91 : IV. Très modéré', 'Suite bergamasque, L. 75, CD 82a, pour orchestre : III. Clair de lune', 'Les Chansons de Bilitis, L. 96: No. 3. Les Contes', 'Le Martyre de Saint-Sébastien: I. La cour des lys: N°1', 'Quatuor à cordes en sol mineur, op. 10, L. 85, CD 91 : II. Assez vif et bien rythmé', 'Le Martyre de Saint-Sébastien: III. Le concile des faux dieux: N°4', 'Deux arabesques, L. 66, CD 74, pour piano : No. 2 en sol majeur, Allegretto scherzando', 'Les Chansons de Bilitis, L. 96: No. 6. Bilitis', 'Pantomime, L. 31, CD 47, mélodie pour voix et piano \\""Pierrot, qui n’a rien d’un Clitandre\\""', 'Sonata for flute, viola and harp, L. 137: II. Interlude', 'Preludes, Book II: 3. La Puerta del Vino', 'Estampes, L. 100: III. Jardins sous la pluie. Net et vif', 'Pelléas et Mélisande: Act I, Scene II. \\""Grand-père, j\'ai reçu en même temps que la lettre de mon frère...\\"" (Pelléas, Arkel, Geneviève)', 'Three Preludes: Feuilles mortes', 'Pelléas et Mélisande: Act IV, Scene II. \\""Oh! Cette pierre est lourde ...\\"" (Yniold, Le Berger)', 'Pelléas et Mélisande: Act III, Scene II. \\""Prenez garde; par ici, par ici\\"" (Golaud, Pelléas)', 'Syrinx huilulle, L 129', 'Pelléas et Mélisande - Concert Suite: Acte V. Une chambre dans le château', 'Pelléas et Mélisande: Act III, Scene I. \\""Oh! Oh! Mes cheveux descendent de la tour!\\"" (Mélisande, Pelléas)', 'Suite bergamasque, L. 75, CD 82b, pour orchestre : III. Clair de lune', 'Preludes, Book II: 1. Brouillards', 'Pelléas et Mélisande: Act I, Scene II. \\""Voici ce qu\'il écrit à son frère Pelléas: \'Un soir, je l\'ai trouvée\'\\"" (Geneviève)', 'Trio in G Major for Violin, Cello and Piano: I. Andantino con moto allegro', 'Pelléas et Mélisande: Act IV, Scene I. \\""Apporte-la\\"" (Golaud, Arkel, Mélisande)', ""Children's Corner, L. 113: V. The Little Shepherd"", 'Les Chansons de Bilitis, L. 96: No. 8. Les Courtisanes égyptiennes', 'Pelléas et Mélisande: Act I, Scene III. \\""Hoé! Hisse hoé! Hoé! Hoé!\\"" (Chœr, Mélisande, Pelléas, Geneviève)', 'Petite Suite, L. 65, CD 71a, pour piano à 4 mains : IV. Ballet', 'Études, L. 136: II. Pour les tierces', 'Images pour orchestre, L 122: II. Iberia', 'Iberia No. 2 from \\""Images\\"" for Orchestra: II. The Perfumes of the Night', ""Three Preludes: Ce qu'a vu le vent de l'ouest"", '3 Preludes from Book II: V. Bruyerès. Calme', 'Pelléas et Mélisande: Act V. \\""Qu\'avez-vous fait? Vous allez la tuer\\"" (Arkel, Golaud, Mélisande)', ""Children's Corner, L. 113: III. Serenade for the Doll"", 'Proses lyriques, L. 84, CD 90 : I. De Rêve, mélodie \\""La nuit a des douceurs de femme\\""', 'Clair de lune Samba', 'Pelléas et Mélisande: Act II, Scene II. \\""Ah! Ah! Tout va bien, ce la ne sera rien\\"" (Golaud, Mélisande)', ""Children's Corner - I. Doctor Gradus ad Parnassum"", 'Cinq poèmes de Baudelaire, L. 64, CD 70: II. Harmonie du soir', 'Pierrot', 'Ariettes oubliées, L. 60, CD 63a : IV. Paysages belges. Chevaux de bois, mélodie pour voix et piano \\""Tournez, tournez, bons chevaux de bois\\""', 'Le Martyre de Saint-Sébastien: II. La chambre magique: N°2', ""Études, L. 136: I. Pour les « cinq doigts » d'après monsieur Czerny"", 'Pelléas et Mélisande: Act III, Scene IV. \\""Viens, nous allons nous asseoir ici, Yniold\\"" (Golaud, Yniold)', 'Cello sonata in D minor: I. Prologue', ""Trois Ballades de François Villon, L. 119: I. Ballade de Villon à s'Amye"", 'Fêtes galantes (Premier recueil), L. 80, CD 86 : III. Clair de lune, mélodie pour voix et piano \\""Votre âme est un paysage choisi\\""', 'Trois Ballades de François Villon, L. 119: II. Ballade que Villon feit à la requeste de sa mère pour prier Nostre-Dame', 'En blanc et noir: I. Avec emportement', 'Pelléas et Mélisande: Act II, Scene I. \\""Vous ne savez pas où je vous ai menée?\\"" (Pelléas, Mélisande)', 'Nuit d’étoiles, L. 4, CD 2, mélodie pour voix et piano \\""Nuit d’étoiles, sous tes voiles\\""', 'Pelléas et Mélisande: Act V. \\""Non, non, nous n\'avons pas été coupables\\"" (Mélisande, Golaud)', 'Nocturnes, L. 91, CD 98: III. Sirènes', 'Petite Suite: Menuet', 'La Romance d’Ariel, L. 54, CD 58, mélodie pour voix et piano \\""Au long de ces montagnes douces\\""', 'Proses lyriques, L. 84, CD 90 : III. De Fleurs, mélodie \\""Dans l’ennui si désolément vert\\""', 'Six épigraphes antiques, L. 131: VI. Pour remercier la pluie au matin', 'Preludes, Book II: 8. Ondine', 'Pelléas et Mélisande: Act I, Scene I. \\""Je ne pourrai plus sortir de cette forêt\\"" (Golaud, Mélisande)', 'Le Martyre de Saint-Sébastien: IV. Le laurier blessé: N°1', 'Sonata for flute, viola and harp, L. 137: III. Finale', 'Preludes, Book I: 1. Danseuses de Delphes', ""Children's Corner, L. 113: IV. The Snow is Dancing"", 'Pelléas et Mélisande: Act V. \\""Ouvrez la fenêtre, ouvrez la fenêtre ...\\"" (Mélisande, Arkel, Le médecin)', 'Regret, L. 55, CD 59, mélodie pour voix et piano \\""Devant le ciel d’été, tiède et calme\\""', 'Star Gazers Theme Song', 'Suite bergamasque, L. 75, CD 82 : III. Clair de lune, pour violon et piano', 'Études, L. 136: VII. Pour les degrés chromatiques', 'Les cloches', 'Pour le piano: Sarabande', ""L’Enfant prodigue : 2b. Pourquoi m'as-tu quittée (Lia)"", 'Pelléas et Mélisande - Concert Suite: Acte III, scène 2. Les souterrains du château / Acte IV, scène 2. Un appartement dans le château', 'Pelléas et Mélisande: Act IV, Scene I. \\""Où vas-tu? Il faut que je te parle ce soir\\"" (Pelléas, Mélisande)', 'Romance (Deux Romances, No. 2, 1891)', 'Ariettes oubliées, L. 60, CD 63a : V. Aquarelles, 1. Green, mélodie pour voix et piano \\""Voici des fruits, des fleurs, des feuilles\\""', 'Ariettes oubliées, L. 60, CD 63a : III. Le rossignol qui, du haut d’une branche, mélodie pour voix et piano \\""L’ombre des arbres dans la rivière embrumée\\""', 'Pelléas et Mélisande: Act I, Scene III. \\""Il fait sombre dans les jardins\\"" (Mélisande, Geneviève, Pelléas)', 'Préludes, Livre II, L. 123: IX. Hommage à S. Pickwick Esq. P.P.M.P.C.. Grave', 'Trois Chansons de France, L. 102, CD 115: I. Rondel: Le temps a laissé son manteau', 'Iberia No. 2 from \\""Images\\"" for Orchestra: I. Through the Streets and Roads', ""Three Preludes: Feux d'artifice"", 'Les Chansons de Bilitis, L. 96: No. 1. Chant pastoral', 'Les Chansons de Bilitis, L. 96: No. 7. Le Tombeau sans nom', 'En blanc et noir, L. 134, CD 142', 'Sonata for flute, viola and harp, L. 137: I. Pastorale', 'Études, L. 136: VIII. Pour les agréments', 'Prelude (From Suite Bergamasque)', 'Le Martyre de Saint-Sébastien, fragments symphoniques: I. La Cour de lys', 'Le Martyre de Saint-Sébastien: V. Le paradis: N°1', 'Suite bergamasque, L. 75, CD 82, pour orchestre : III. Clair de lune', 'III. Le Vent dans la plaine', 'Le Martyre de Saint-Sébastien, fragments symphoniques: IV. Le Bon Pasteur', 'Trois Mélodies, L. 81, CD 85, pour une voix avec accompagnement de piano : I. La mer est plus belle que les cathédrales.', 'Sonate pour violoncelle et piano: III. Finale', 'Pelléas et Mélisande: Act I, Scene I. \\""Qu\'est-ce qui brille ainsi, au fond de l\'eau?\\"" (Golaud, Mélisande)', 'Études, L. 136: IX. Pour les notes répétées', 'Nocturnes, L 91: II. Fêtes', 'Petite Suite, L. 65, CD 71, pour violon et piano : III. Menuet', 'Trois Chansons de France, L. 102: II. La Grotte: Auprès de cette grotte sombre', 'Le promenoir des deux amants, L. 118, CD 129, mélodies pour voix et piano', 'Pelléas et Mélisande: Act V. \\""Ce n\'est pas de cette petite blessure qu\'elle peut mourir ...\\"" (Le médecin, Arkel, Golaud)', 'Petite Suite, L. 65, CD 71b, pour orchestre : IV. Ballet', 'Préludes, Livre II, L. 123: XI. Les tierces alternées. Modérément animé', 'Pour le piano, L. 95: I. Prélude. À Mademoiselle M.W. de Romilly. Assez animé et très rythmé - Tempo di cadenza - Tempo I', 'Nocturnes, L 91: III. Sirènes', 'Cinq poèmes de Baudelaire, L. 64, CD 70: V. La Mort des amants', 'Sonate pour violon et piano en sol mineur, L. 140', 'Le Martyre de Saint-Sébastien: III. Le concile des faux dieux: N°5', 'Cinq poèmes de Baudelaire, L. 64, CD 70: IV. Recueillement', 'Fêtes galantes II, L. 104: I. Les Ingénus', 'Études, L. 136: XII. Pour les accords', 'Fêtes galantes II, L. 104: III. Colloque sentimental', 'Preludes, Book I: 2. Voiles', 'Pelléas et Mélisande: Act III, Scene I. \\""Je les noue, je les noue aux branches du saule\\"" (Pelléas, Mélisande, Golaud)', 'Petite Suite, L. 65, CD 71a, pour piano à 4 mains : II. Cortège', 'Études, L. 136: IV. Pour les sixtes', 'Sonate pour violoncelle et piano: II. Sérénade', 'Le Martyre de Saint-Sébastien: II. La chambre magique: N°3', 'Le Martyre de Saint-Sébastien: IV. Le laurier blessé: N°2', 'Streichquartett in g-Moll, Op. 10: Andantino, doucement expressif (Endress-Quartett)', 'Préludes, Livre 1, L. 117 No. 9: La sérénade interrompue', 'Le Martyre de Saint-Sébastien, fragments symphoniques: II. Danse extatique et final du premier acte', 'Engulfed Cathedral (Debussy)', 'Sonata for Violin and Piano in G Minor, L 140: II. Intermède: fantasque et léger', 'Preludes, Book II: 2. Feuilles mortes', 'Musique pour “Le Roi Lear”, L. 107: Fanfare d’ouverture', 'Prelude No. 8: The Girl with the Flaxen Hair', 'Les Chansons de Bilitis, L. 96: No. 2. Les Comparaisons', 'En blanc et noir: III. Scherzando', 'Preludes, Book II: 6. General Lavine - Eccentric', ""Première Rapsodie pour clarinette en si bémol, avec accompagnement d'orchestre, L. 116, CD 124b"", 'Rondel chinois, L. 17, CD 11, mélodie pour voix et piano \\""Sur le lac bordé d’azalée\\""', 'Suite Bergamasque: Passepied: Allegretto ma non troppo', 'Pelléas et Mélisande: Act III, Scene I. \\""Mes longs cheveux descendent\\""', ""Les Chansons de Bilitis, L. 96: No. 9. L'Eau pure du bassin"", 'Pelléas et Mélisande: Act II, Scene II. \\""Tiens, où est l\'anneau que je t\'avais donné?\\"" (Golaud, Mélisande)', 'Pelléas et Mélisande: Act V. \\""Attention... attention\\"" (Arkel, Le médecin)', 'Le Martyre de Saint-Sébastien: III. Le concile des faux dieux: N°7', 'Petite Suite, L. 65, CD 71a, pour piano à 4 mains : I. En bateau', 'Le Martyre de Saint-Sébastien: III. Le concile des faux dieux: N°3', 'Le Martyre de Saint-Sébastien: III. Le concile des faux dieux: N°6', 'Pelléas et Mélisande: Act IV, Scene I. \\""Maintenant que le père de Pelléas est sauvé ...\\"" (Arkel, Mélisande)', 'Suite: Pour le Piano, L.95: III. Toccata (vif)', 'Pelléas et Mélisande: Act III, Scene III. \\""Ah! Je respire enfin!\\"" (Pelléas, Golaud)', 'Ariettes oubliées, L. 60, CD 63a : I. Le vent dans la plaine suspend son haleine, mélodie pour voix et piano \\""C\'est l\'extase langoureuse\\""', 'Le promenoir des deux amants, L. 118, CD 129, mélodies pour voix et piano : II. \\""Crois mon conseil, chère Climène\\""', ""Preludes, Book I: 7. Ce qu'a vu le vent d'ouest"", 'La Mer: II. Jeux de vagues', 'Iberia No. 2 from \\""Images\\"" for Orchestra: III. The Morning of a Holiday', 'Carry', 'Nocturnes, L. 91, CD 98: I. Nuages', 'Petite Suite, L. 65, CD 71b, pour orchestre : II. Cortège', 'Préludes, Livre I, L. 117: VIII. La fille aux cheveux de lin. Très calme et doucement expressif', 'Dialogue of the Wind and the Sea', 'Spleen', 'En sourdine', 'Les Chansons de Bilitis, L. 96: No. 11. Le Souvenir de Mnasidika', 'From Dawn Till Noon on the Sea', 'Pagodes from Estampes', 'La Belle au bois dormant, L. 74, CD 81, mélodie \\""Des trous à son pourpoint vermeil\\""', 'Les Chansons de Bilitis, L. 96: No. 10. La Danseuse aux crotales', ""Preludes, Book II: 12. Feux d'artifice"", 'Fêtes galantes (Premier recueil), L. 80, CD 86 : II. Fantoches, mélodie pour voix et piano \\""Scaramouche et Pulcinella\\""', 'Les Chansons de Bilitis, L. 96: No. 4. Chanson', 'Le promenoir des deux amants, L. 118, CD 129, mélodies pour voix et piano : III. \\""Je tremble en voyant ton visage\\""', 'Nocturnes, L. 91, CD 98: II. Fêtes', 'Le Martyre de Saint-Sébastien: III. Le concile des faux dieux: N°1', 'Préludes', 'Études, L. 136: III. Pour les quartes', 'Pelléas et Mélisande - Concert Suite: Acte I. Une forêt', 'Coquetterie posthume, L. 39, CD 50, mélodie pour voix et piano \\""Quand je mourrai, que l’on me mette\\""', 'Ariettes oubliées, L. 60, CD 63a : VI. Aquarelles, 2. Spleen, mélodie pour voix et piano \\""Les roses étaient toutes rouges\\""', 'Images pour orchestre, L 122: III. Rondes de printemps', 'Apparition, L. 53, CD 57, mélodie pour voix et piano \\""La lune s’attristait. Des séraphins en pleurs\\""', 'Arabesque 1', 'Ariettes oubliées, L. 60, CD 63a : II. Il pleut doucement sur la ville, mélodie pour voix et piano \\""Il pleure dans mon cœur comme il pleure sur la ville\\""', 'Petite Suite, L. 65, CD 71b, pour orchestre : III. Menuet', ""Children's Corner, L. 113: II. Jimbo's Lullaby"", 'Petite Suite, L. 65, CD 71a, pour piano à 4 mains', 'Nocturnes, L 91: I. Nuages', 'Cinq poèmes de Baudelaire, L. 64, CD 70: I. Le Balcon', ""Préludes, Livre II, L. 123: IV. «Les fées sont d'exquises danseuses». Rapide et léger"", 'Pelléas et Mélisande: Act V. \\""Qu\'y-a-t-il? Qu\'est-ce que toutes ces femmes viennent faire ici?\\"" (Golaud, Le médecin, Arkel)', 'Pelléas et Mélisande: Act III, Scene IV. \\""Ah! Ah! Petite mère a allumé sa lampe\\"" (Yniold, Golaud)', 'Le Martyre de Saint-Sébastien, fragments symphoniques: III. La Passion', 'N° 5: The Film: Clair de Lune', 'Le Martyre de Saint-Sébastien, L. 124: Prologue', 'Preludes, Book II: 10. Canope', 'Pelléas et Mélisande: Act III, Scene I. Une des tours du château', 'Le Martyre de Saint-Sébastien: III. Le concile des faux dieux: N°2', 'Pelléas et Mélisande: Act IV, Scene II. \\""Quel est ce bruit? On ferme les portes\\"" (Pelléas, Mélisande)', 'Proses lyriques, L. 84, CD 90 : II. De Grève, mélodie \\""Sur la mer les crépuscules tombent\\""', 'Sonata for Violin and Piano in G Minor, L 140: I. Allegro vivo', 'Pelléas et Mélisande, L. 88, CD 93: Acte IV', 'Trois Chansons de France, L. 102: III. Rondel: Pour ce que Plaisance est morte', 'Pelléas et Mélisande: Act IV, Scene II. \\""On dirait que ta voix a passé sur la mer au printemps!\\"" (Choeur, Mélisande, Pelléas, Geneviève)', ""Children's Corner, L. 113: VI. Golliwogg's Cake-Walk"", 'Le Martyre de Saint-Sébastien: V. Le paradis: N°2', 'Études, L. 136: X. Pour les sonorités opposées', 'Études, L. 136: VI. Pour les huits doigts', 'Pelléas et Mélisande: Act II, Scene I. \\""C\'est au bord d\'une fontaine aussi qu\'il vous a trouvée?\\"" (Pelléas, Mélisande)', 'Fêtes galantes II, L. 104: II. Le Faune', 'Pelléas et Mélisande: Act IV, Scene II. \\""C\'est le dernier soir ...\\"" (Pelléas, Mélisande)', 'Première Suite d’orchestre, L. 50, CD 46 : II. Ballet', 'Rêverie, L. 8, CD 3, mélodie pour voix et piano \\""Le Zéphir à la douce haleine\\""', 'Romance, L. 43, CD 53, mélodie pour voix et piano \\""Silence ineffable de l’heure\\""', 'Le Martyre de Saint-Sébastien, L. 124: Acte III \\""Le Concile des faux dieux\\""', 'Première Suite d’orchestre, L. 50, CD 46 : III. Rêve', 'La Fille aux cheveux de lin, L. 33, CD 15, mélodie pour voix et piano \\""Sur la luzerne en fleur\\""', 'Première Suite d’orchestre, L. 50, CD 46 : I. Fête', 'Première Suite d’orchestre, L. 50, CD 46 : IV. Bacchanale (Cortège et Bacchanale)', 'Trois chansons de Charles d\'Orléans, pour chœur à quatre voix mixtes, L. 92, CD 99: III. \\""Yver, vous n\'estes qu\'un vilain \\""', 'Bilitis: II. Pour un tombeau sans nom', 'Trois poèmes de Stéphane Mallarmé, L. 127, CD 135: III. Éventail \\""Ô rêveuse pour que je plonge\\""', 'Bilitis: IV. Pour la danseuse aux crotales', 'Trois poèmes de Stéphane Mallarmé, L. 127, CD 135: I. Soupir \\""Mon âme vers ton front où rêve, ô calme sœur\\""', 'Bilitis: VI. Pour remercier la pluie au matin', 'Trois poèmes de Stéphane Mallarmé, L. 127, CD 135: II. Placet futile \\""Princesse! À jalouser le destin d\'une Hébé\\""', 'Bilitis: III. Pour que la nuit soit propice', 'Khamma', 'Clair de lune, L. 32, CD 45, mélodie pour voix et piano \\""Votre âme est un paysage choisi\\""', 'My Reverie (Debussy\'s \\""Reverie\\"")', ""Bilitis: V. Pour l'égyptienne"", 'Trois chansons de Charles d\'Orléans, pour chœur à quatre voix mixtes, L. 92, CD 99: II. \\""Quand j\'ay ouy le tabourin\\""', 'Rapsodie pour orchestre et saxophone', ""Bilitis: I. Pour invoquer Pan, dieu du vent d'été"", 'Petite Pièce', 'UTSUKUSHII YUUGURE', 'Romance, L. 52, CD 56, mélodie pour voix et piano \\""Voici que le printemps, ce fil léger d’avril\\""', 'Paysage sentimental, L 45, CD 55, mélodie pour voix et piano \\""Le ciel d’hiver si doux, si triste, si dormant\\""', 'Chanson espagnole, L. 42, CD 49, duo pour 2 voix égales \\""Nous venions de voir le taureau\\""', 'Triolet à Philis \\""Zéphir\\"", L. 12, CD 19, mélodie pour voix et piano \\""Si j’étais le zéphir ailé\\""', 'Musique, L. 44, CD 54, mélodie pour voix et piano \\""La lune se levait, pure, mais plus glacée\\""', 'Printemps, L. 61, CD 68a, suite symphonique en mi majeur pour 2 pianos et chœur', 'Pelléas et Mélisande', 'Cello Sonata', 'String Quartet', ""Children's Corner"", 'Pagodes', 'Jardins sous la pluie', 'Voiles', ""Ce qu'a vu le vent d'ouest"", 'Des pas sur la neige', 'Hommage à S. Pickwick Esq. P.P.M.P.C.', 'Violin Sonata', 'Brouillards', ""L'isle joyeuse"", 'Le Martyre de saint Sébastien', 'Suite bergamasque', 'Études', 'Syrinx', 'La chute de la maison Usher', 'Le diable dans le beffroi', 'La plus que lente', 'Rodrigue et Chimène', 'Première rhapsodie', 'La mer', 'Pour le piano', 'Prelude to the Afternoon of a Faun', 'Nocturnes', 'Deux arabesques', ""Children's Corner, L. 113 No. 5: The Little Shepherd"", ""Children's Corner, L. 113 No. 6: Golliwog's Cake-walk"", 'Ballade (slave), L. 70, CD 78, pour piano', ""L'enfant prodigue"", 'Jeux', 'Beau soir', 'Images pour orchestre', ""Reflets dans l'eau"", 'Estampes', 'Valse romantique', 'Les Angélus', 'Proses Lyriques', 'Trois Chansons de France', 'Apparition', 'Chanson triste', 'Calme dans le demi-jour', ""L'échelonnement des haies"", 'La mer est plus belle', ""Le son du cor s'afflige"", 'Chanson espagnole', 'Coquetterie posthume', 'Fête galante', 'Il dort encore', 'Le lilas', 'Fleur des Blés', 'La damoiselle élue', 'Dans le Jardin', 'La Belle au Bois dormant', 'Ariettes Oubliées', 'Fêtes Galantes I', 'Fêtes Galantes II', 'Trois Ballades de François Villon', ""Trois Chansons de Charles d'Orléans"", 'Cinq Poèmes de Baudelaire', ""La Romance d'Ariel"", 'Chansons de Bilitis', 'De rêve', 'De grève', 'De fleurs', 'De soir', 'La grotte', 'Pour ce que Plaisance est morte', 'Le temps a laissé son manteau', 'Trois Poèmes de Stéphane Mallarmé', 'Chevaux de bois', 'Green', ""C'est l'extase"", ""L'ombre des arbres"", 'Clair de lune', 'Fantoches', 'Colloque sentimental', 'Le faune', 'Les ingénus', 'Auprès de cette grotte sombre', 'Crois mon conseil, chère Climène', 'Je tremble en voyant ton visage', 'Ballade que Villon feit à la requeste de sa mère pour prier Nostre-Dame', ""Ballade de Villon a s'amye"", 'Ballade des femmes de Paris', ""Dieu! qu'il la fait bon regarder!"", ""Yver, vous n'estes qu'un vilain"", ""Quant j'ai ouy le tabourin"", 'Le balcon', 'La mort des amants', 'Harmonie du soir', ""Le jet d'eau"", 'Recueillement', ""L'eau pure du bassin"", 'La Flûte de Pan', 'Bilitis', 'Le Tombeau des Naïades', 'La chevelure', 'La pluie au matin', 'Les Comparaisons', 'Les contes', 'La Danseuse aux crotales', 'Chant pastoral', 'Les Courtisanes égyptiennes', 'Chanson', ""La Partie d'osselets"", 'Le Souvenir de Mnasidika', 'Le Tombeau sans nom', 'Éventail', 'Placet futile', 'Soupir', 'Il pleure dans mon cœur', ""Noël des enfants qui n'ont plus de maisons"", 'Rondel chinois', 'Nuits blanches', 'Les papillons', ""Nuit d'Étoiles"", 'Rêverie', 'Les roses', 'Souhait', 'Mandoline', 'Sérénade', 'Pantomime', ""Rondeau: 'Fut-il jamais'"", 'Tragédie', ""Lia's Recitative and Aria"", ""Siméon's Recitative and Aria"", 'Nuit sans fin', ""Lorsqu'elle est entrée"", 'Paysage sentimental', 'Musique', 'Regret', 'Deux Romances', 'Voici que le printemps', 'Romance', 'Sonata for flute, viola and harp', 'Petite Suite', 'En blanc et noir', 'Fantaisie for piano and orchestra', 'Piano Trio', 'Khamma: Scène 3', 'Six épigraphes antiques, L. 131', 'Cortège et Air de danse de \\""L’Enfant prodigue\\""', 'Khamma: Scène 1. Le Temple intérieur du Grand-Dieu Amun-Ra –', 'Mazurka, L. 67, CD 75, pour piano', 'Les Elfes, CD 25, mélodie pour voix et piano \\""Du sentier des bois aux daims familiers\\""', 'Trois Mélodies, L. 81, CD 85, pour une voix avec accompagnement de piano : II. Le son du cor s’afflige vers les bois.', 'Deux danses pour Harpe, L. 103', 'Two movements from \\""L’Enfant prodigue\\"": Prélude', ""Six épigraphes antiques, L. 131: V. Pour l'Égyptienne"", 'Ministrels for Cello and Piano', 'Étude retrouvée', 'Printemps, L. 61, CD 68b : II. Modéré', 'Six épigraphes antiques, L. 131: II. Pour un tombeau sans nom', 'Images, Livre 2, L. 111: No. 2. Et la lune descend sur le temple qui fut', 'La Boîte à joujoux : III. 2e tableau. Le Champ de bataille', 'Khamma: Au Mouvement –', ""Pièce pour le Vêtement du blessé (Page d'album), L. 133"", ""Images oubliées, L. 87: Quelques aspects de 'Nous n'irons plus au bois' parce qu'il fait un temps insupportable. Très vite - Modéré - Premier Mouvement (vit et joyeax)"", 'Images I: II. Hommages Rameau', 'Rhapsodie pour saxophone et orchestre, L. 98', 'Khamma, L 125', ""Marche écossaise sur un thème populaire, L. 77, CD 83b (Marche des anciens comtes de Ross, dédiée à leur descendant le Général Meredith Reid, grand-croix de l'ordre royal du Rédempteur)"", 'Le Matelot qui tombe à l’eau', 'Élégie, L. 138', 'Images, Livre 1, L. 110: No. 3. Mouvement', 'Rapsodie pour saxophone et piano, L. 98', 'The Tears of Billie Blue', 'Danse profane', ""D'un cahier d'esquisses, L. 99"", ""Images, Livre 2, L. 111: No. 3. Poissons d'or"", 'Khamma: Scène 2 –', 'Khamma: Deuxième Danse. Assez animé – Plus animé peu à peu – Très animé –', 'L’Enfant prodigue, L. 57, CD 61, scène lyrique \\""L’année, en vain chasse l’année\\""', 'Noël des enfants qui n\'ont plus de maison, L. 139, CD 147, mélodie pour voix et piano \\""Nous n’avons plus de maison\\""', 'Tarantelle styrienne, L. 69, CD 77a, (Danse) pour piano', 'Printemps, L. 61, CD 68b : I. Très modéré', 'Deux danses pour Harpe, L. 103: Danse sacrée', 'Masques, L. 105', 'Cortège et Air de danse de \\""L’Enfant prodigue\\"": Cortège', 'Petite Suite, L. 65: I. En bateau', 'Khamma: Première Danse. Grave et lent – Animez – Revenez au Mouvement – Plus lent – Animez peu à peu –', 'La Boîte à joujoux : IV. 3e tableau. La Bergerie à vendre', 'Nocturne, L. 82, CD 89, pour piano', 'Cortège et Air de danse de \\""L’Enfant prodigue\\"": Air de danse', 'Printemps, L. 61, CD 68b, suite symphonique en mi majeur pour 2 pianos et orchestre', ""Marche écossaise sur un thème populaire, L. 77, CD 83a (Marche des anciens comtes de Ross, dédiée à leur descendant le Général Meredith Reid, grand-croix de l'ordre royal du Rédempteur)"", ""Les soirs illuminés par l'ardeur du charbon"", 'Fantaisie pour piano et orchestre, L. 73, CD 72 : II. Lento e molto espressivo', 'Fantaisie pour piano et orchestre, L. 73, CD 72', 'Berceuse héroïque pour piano, L. 132', 'Fantaisie pour piano et orchestre, L. 73, CD 72 : III. Allegro molto', 'Fantaisie pour piano et orchestre, L. 73, CD 72 : I. Andante - Allegro', 'La Boîte à joujoux : II. 1er tableau. Le Magasin de jouets', 'Images oubliées, L. 87: Lent (mélancolique et doux)', 'Mes longs cheveux', 'Khamma: Prélude. Modérément animé (comme un lointain tumulte) –', 'Images II: I. Cloches trevers les feuilles', 'Hommage à Joseph Haydn, L. 115', 'Flots, palmes, sables, L. 25, CD 38, mélodie pour voix et piano (ou harpe) \\""Loin des yeux du monde\\""', 'Danse bohémienne, L. 9, CD 4, pour piano', 'La Boîte à joujoux : VI. Épilogue', 'Khamma: Troisième Danse. Très lent – Plus pénétrant – Doucement contenu –', 'La Boîte à Joujoux : I. Prélude. Le Sommeil de la boîte', ""Images oubliées, L. 87: Dans le mouvement d'une 'Sarabande', c'est-à-dire avec une élégance grâve et lente, même un peu vieux portrait, souvenir du Louvre, etc."", 'Le petit Nègre, L. 114', 'La Boîte à joujoux : V. 4e tableau. Après fortune faite', 'Morceau de concours, L. 108', 'Trois Mélodies, L. 81, CD 85, pour une voix avec accompagnement de piano : III. L’échelonnement des haies moutonne à l’infini', '夏の風の神（「６つの古代墓碑名」より）', 'L’Archet', 'Fleurs des blés, L. 7, CD 16, mélodie pour voix et piano \\""Le long des blés que la brise fait onduler\\""', 'Berceuse héroïque pour orchestre, L. 132', 'Danse: Tarantelle styrienne', 'Aimons-nous et dormons, L. 16, CD 7, mélodie pour voix et piano \\""Aimons-nous et dormons, sans songer au reste du monde\\""', 'Duo', 'Le Martyre de Saint-Sébastien: IV. Le laurier blessé: N°3', 'Première Rapsodie pour clarinette en si bémol, avec accompagnement de piano, L. 116, CD 124a', 'Trio in G Major for Violin, Cello and Piano: IV. Finale. Appassionato', 'Pelléas et Mélisande: Act V. \\""Mélisande...Mélisande ...\\"" - \\""Est-ce vous, Golaud?\\"" (Golaud, Mélisande)', ""Prélude à l'après-midi d'un faune, L. 86, CD 87"", 'Le Martyre de Saint-Sébastien, L. 124: Acte III \\""Le Concile des faux dieux\\"". Fanfare no. 1', 'Les Chansons de Bilitis, L. 96: No. 12. La Pluie au matin', ""Les Chansons de Bilitis, L. 96: No. 5. La Partie d'osselets"", 'Suite Bergamasque - Menuet', 'Mandoline, L. 29, CD 43, mélodie pour voix et piano \\""Les donneurs de sérénades\\""', 'Sonate für Violine und Klavier in g-Moll: Finale: Très animé', 'Quatuor à cordes en sol mineur, op. 10, L. 85, CD 91 : I. Animé et très décidé', 'Pelléas et Mélisande: Act II, Scene III. \\""Oui, c\'est ici, nous y sommes\\"" (Pelléas, Mélisande)', 'Six épigraphes antiques, L. 131: IV. Pour la danseuse aux crotales', 'Preludes, Book I: 11. La Danse de Puck', 'Le Martyre de Saint-Sébastien, L. 124: Acte III \\""Le Concile des faux dieux\\"". Fanfare no. 2', 'Minstrels', 'Pelléas et Mélisande: Act I, Scene II. \\""Je n\'en dis rien\\"" (Arkel, Geneviève)', 'Estampes - I. Pagodes', 'Menuet', 'Musique pour “Le Roi Lear”, L. 107: Le Sommeil de Lear', 'Pour le piano: II. Sarabande', 'Trio in G Major for Violin, Cello and Piano: III. Andante espressivo', 'Pelléas et Mélisande - Concert Suite: Acte II, scène 1. Une fontaine dans le parc', 'Petite Suite, L. 65, CD 71a, pour piano à 4 mains : III. Menuet', 'Trois Ballades de François Villon, L. 119: III. Ballade des femmes de Paris', 'Images pour orchestre, L 122: I. Gigues', 'Fête galante, L. 23, CD 31, mélodie pour voix et piano \\""Voilà Sylandre et Lycas et Myrtil\\""', 'Pelléas et Mélisande: Act IV, Scene I. \\""Pelléas part ce soir\\"" (Golaud, Arkel, Mélisande)']",Tiered-Forest,"Claude Debussy composed a wide range of music including preludes, nocturnes, images, and his well-known piano piece ""Clair de Lune.""",True
WebQTest-1766,webqsp,test,what language do russians speak?,Russians speak Russian.,"['Osetin Language', 'Chechen Language', 'Tatar Language', 'Azerbaijani language', 'Abaza Language', 'Mari language', 'Bashkir Language', 'Avar Language', 'Aghul language', 'Tsakhur Language', 'Tuvin Language', 'Moksha Language', 'Erzya Language', 'Kalmyk-Oirat Language', 'Kabardian Language', 'Adyghe Language', 'Rutul language', 'Lezgi Language', 'Ingush Language', 'Altai language', 'Crimean Turkish Language', 'Nogai Language', 'Dargwa Language', 'Komi language', 'Udmurt Language', 'Kumyk Language', 'Karachay-Balkar Language', 'Buryat language', 'Yakut Language', 'Russian Language', 'Tabassaran Language', 'Yiddish Language', 'Lak Language', 'Khakas Language', 'Ukrainian Language']",Tiered-Forest,Russians speak Russian.,False
WebQTest-1726,webqsp,test,where is south portland?,"South Portland is a city located in Cumberland County, Maine, United States.","['Cumberland County', 'Maine', 'United States of America']",Tiered-Forest,"South Portland is a city located in Cumberland County, Maine, United States.",True
WebQTest-1506,webqsp,test,where is the home stadium of the new england patriots?,"The home stadium of the New England Patriots is Gillette Stadium, located in Foxborough, Massachusetts.",['Gillette Stadium'],Tiered-Forest,"The home stadium of the New England Patriots is Gillette Stadium, located in Foxborough, Massachusetts.",True
WebQTest-78,webqsp,test,what type of cancer did eva peron have?,Eva Peron had cervical cancer.,['Cervical cancer'],Tiered-Forest,Eva Peron had cervical cancer.,True
WebQTest-613,webqsp,test,what college did deion sanders jr go to?,Deion Sanders Jr. attended Florida A&M University.,['Florida State University'],Tiered-Forest,Deion Sanders Jr. attended Florida A&M University.,False
WebQTest-98,webqsp,test,who was vice president when jfk was president?,"When John F. Kennedy was president, his vice president was Lyndon B. Johnson.",['Lyndon B. Johnson'],Tiered-Forest,"When John F. Kennedy was president, his vice president was Lyndon B. Johnson.",True
WebQTest-1772,webqsp,test,who is the prime minister of spain 2011?,The prime minister of Spain in 2011 was José Luis Rodríguez Zapatero.,"['José Luis Rodríguez Zapatero', 'Mariano Rajoy']",Tiered-Forest,The prime minister of Spain in 2011 was José Luis Rodríguez Zapatero.,True
WebQTest-493,webqsp,test,what type of government does australia have?,Australia has a federal parliamentary constitutional monarchy form of government.,"['Parliamentary system', 'Constitutional monarchy', 'Federal monarchy']",Tiered-Forest,Australia has a federal parliamentary constitutional monarchy form of government.,True
WebQTest-1564,webqsp,test,what did bobby darin die of?,Bobby Darin died of an aortic dissection.,['Surgical complications'],Tiered-Forest,Bobby Darin died of an aortic dissection.,False
WebQTest-836,webqsp,test,who did vladimir lenin marry?,Vladimir Lenin married Nadezhda Krupskaya.,['Nadezhda Krupskaya'],Tiered-Forest,Vladimir Lenin married Nadezhda Krupskaya.,True
WebQTest-430,webqsp,test,what instruments does justin bieber use?,Justin Bieber primarily uses his voice for singing and occasionally plays the guitar.,['Vocals'],Tiered-Forest,Justin Bieber primarily uses his voice for singing and occasionally plays the guitar.,False
WebQTest-1033,webqsp,test,who played dana scully in x files?,Dana Scully was played by actress Gillian Anderson in The X-Files.,['Gillian Anderson'],Tiered-Forest,Dana Scully was played by actress Gillian Anderson in The X-Files.,True
WebQTest-315,webqsp,test,where was country singer george jones born?,"George Jones was born in Meridian, Mississippi.",['Saratoga'],Tiered-Forest,"George Jones was born in Meridian, Mississippi.",False
WebQTest-1733,webqsp,test,who or what influenced frank lloyd wright?,"Frank Lloyd Wright was influenced by Japanese architecture, American prairie landscapes, and the architectural theories of Louis Sullivan.","['Ebenezer Howard', 'Georges I. Gurdjieff and Thomas De Hartmann', 'Bruce Price', 'William Morris', 'Henry David Thoreau', 'Elizabeth Gordon', 'Louis Sullivan']",Tiered-Forest,"Frank Lloyd Wright was influenced by Japanese architecture, American prairie landscapes, and the architectural theories of Louis Sullivan.",True
WebQTest-253,webqsp,test,what countries included in the uk?,"The United Kingdom includes England, Scotland, Wales, and Northern Ireland.","['England', 'Northern Ireland', 'Scotland', 'Wales']",Tiered-Forest,"The United Kingdom includes England, Scotland, Wales, and Northern Ireland.",True
WebQTest-102,webqsp,test,who played barbara gordon batgirl?,"Barbara Gordon has been portrayed by many actresses as Batgirl, including Yvonne Craig, Burt Ward's sister Deborah Craig, and most notably by Maggie Gyllenhaal in the film ""The Dark Knight Rises.""","['Ilyssa Fradin', 'Melinda McGraw', 'Hannah Gunn']",Tiered-Forest,"Barbara Gordon has been portrayed by many actresses as Batgirl, including Yvonne Craig, Burt Ward's sister Deborah Craig, and most notably by Maggie Gyllenhaal in the film ""The Dark Knight Rises.""",False
WebQTest-1596,webqsp,test,what language do they use in pakistan?,"Urdu is the national language of Pakistan, but English is also widely used, especially in business and education.","['English Language', 'Urdu Language']",Tiered-Forest,"Urdu is the national language of Pakistan, but English is also widely used, especially in business and education.",False
WebQTest-1524,webqsp,test,who invented islamic religion?,"The Islamic religion was founded by the Prophet Muhammad, who received revelations that are recorded in the Quran.",['Muhammad in Islam'],Tiered-Forest,"The Islamic religion was founded by the Prophet Muhammad, who received revelations that are recorded in the Quran.",False
WebQTest-1442,webqsp,test,what currency shall i take to croatia?,"You should take euros (EUR). Croatia adopted the euro as its official currency in January 2023, replacing the Croatian kuna (HRK).",['Croatian kuna'],Tiered-Forest,"You should take euros (EUR). Croatia adopted the euro as its official currency in January 2023, replacing the Croatian kuna (HRK).",True
WebQTest-199,webqsp,test,what type of government does iraq have now?,Iraq has a federal parliamentary republic system of government.,"['Parliamentary system', 'Republic', 'Parliamentary republic', 'Federal republic']",Tiered-Forest,Iraq has a federal parliamentary republic system of government.,True
WebQTest-1084,webqsp,test,what sports do people play in poland?,"People in Poland play a variety of sports including football (soccer), basketball, volleyball, hockey, and tennis.","['Poland national handball team', ""Poland women's national handball team"", ""Poland men's national volleyball team"", ""Poland women's national volleyball team"", 'Asseco Gdynia', 'KK Włocławek', 'Turów Zgorzelec', 'Poland national football team', 'Stal Gorzów Wielkopolski', 'Śląsk Wrocław', 'GTŻ Grudziądz', 'Basket Zielona Góra']",Tiered-Forest,"People in Poland play a variety of sports including football (soccer), basketball, volleyball, hockey, and tennis.",False
WebQTest-404,webqsp,test,what was lebron james first team?,LeBron James's first professional basketball team was the Cleveland Cavaliers.,['Cleveland Cavaliers'],Tiered-Forest,LeBron James's first professional basketball team was the Cleveland Cavaliers.,True
WebQTest-2010,webqsp,test,what degrees does romney have?,Mitt Romney has degrees from Brigham Young University and Harvard Law School.,"['Juris Doctor', 'Bachelor of Arts', 'MBA']",Tiered-Forest,Mitt Romney has degrees from Brigham Young University and Harvard Law School.,False
WebQTest-1608,webqsp,test,what language is mainly spoken in egypt?,The main language spoken in Egypt is Arabic.,"['Siwi Language', 'Egyptian Arabic', ""Sa'idi Arabic"", 'Bedawi Arabic']",Tiered-Forest,The main language spoken in Egypt is Arabic.,False
WebQTest-44,webqsp,test,what is the state flower of arizona?,The state flower of Arizona is the Saguaro Cactus Blossom.,['Saguaro'],Tiered-Forest,The state flower of Arizona is the Saguaro Cactus Blossom.,True
WebQTest-1005,webqsp,test,what is capital city of morocco?,The capital city of Morocco is Rabat.,['Rabat'],Tiered-Forest,The capital city of Morocco is Rabat.,True
WebQTest-2025,webqsp,test,which ocean does the zambezi river flow into?,The Zambezi River flows into the Indian Ocean.,['Indian Ocean'],Tiered-Forest,The Zambezi River flows into the Indian Ocean.,True
WebQTest-837,webqsp,test,what year did the baltimore ravens win superbowl?,The Baltimore Ravens won the Super Bowl in 2000 (Super Bowl XXXV).,"['Super Bowl XLVII', 'Super Bowl XXXV']",Tiered-Forest,The Baltimore Ravens won the Super Bowl in 2000 (Super Bowl XXXV).,True
WebQTest-1976,webqsp,test,what team did drogba play for?,Didi Honorable Mention: Didier Drogba played for Chelsea FC in the English Premier League and also for the Shanghai Shenhua in China.,"['Chelsea F.C.', 'Olympique de Marseille', 'Ivory Coast national football team', 'Shanghai Greenland Shenhua F.C.', 'En Avant de Guingamp', 'Le Mans FC', 'Galatasaray S.K.']",Tiered-Forest,Didi Honorable Mention: Didier Drogba played for Chelsea FC in the English Premier League and also for the Shanghai Shenhua in China.,False
WebQTest-770,webqsp,test,what did steve mcnair died from?,Steve McNair died from cardiac arrhythmia due to hypertrophic cardiomyopathy.,['Ballistic trauma'],Tiered-Forest,Steve McNair died from cardiac arrhythmia due to hypertrophic cardiomyopathy.,False
WebQTest-195,webqsp,test,what kind of guitar did george harrison use?,"George Harrison used various guitars throughout his career, but he was famously known for his Rickenbacker 4001S and Gibson J-160E among others.","['Fender Stratocaster', 'Rickenbacker 360/12']",Tiered-Forest,"George Harrison used various guitars throughout his career, but he was famously known for his Rickenbacker 4001S and Gibson J-160E among others.",False
WebQTest-710,webqsp,test,what style of art did henri matisse do?,"Henri Matisse was a key figure in the development of modern art, known for his work in Fauvism and later for cut-paper collages.","['Modern art', 'Impressionism', 'Neo-impressionism', 'Fauvism', 'Modernism']",Tiered-Forest,"Henri Matisse was a key figure in the development of modern art, known for his work in Fauvism and later for cut-paper collages.",True
WebQTest-937,webqsp,test,where are people who speak arabic from?,"People who speak Arabic come from various countries in the Middle East and North Africa, as well as some other parts of the world.","['Bahrain', 'Saudi Arabia', 'Yemen', 'Turkey', 'Djibouti', 'Egypt', 'Seljuk Empire', 'Jordan', 'South Yemen', 'Iran', 'Israel', 'Kuwait', 'Libya', 'Lebanon', 'Mauritania', 'Morocco', 'Oman', 'Qatar', 'Sudan', 'Syria', 'Tanzania', 'Tunisia', 'Iraq', 'Canada', 'Algeria', 'Mandatory Palestine', 'South Africa', 'United Arab Emirates', 'Comoros', 'Eritrea']",Tiered-Forest,"People who speak Arabic come from various countries in the Middle East and North Africa, as well as some other parts of the world.",False
WebQTest-1212,webqsp,test,what did mark zuckerberg study?,Mark Zuckerberg studied psychology and computer science at Harvard University.,"['Computer programming', 'Computer Science', 'Psychology']",Tiered-Forest,Mark Zuckerberg studied psychology and computer science at Harvard University.,True
WebQTest-1883,webqsp,test,where did robert downey jr go to jail?,"Robert Downey Jr. did not go to jail for his role as Iron Man in the Marvel Cinematic Universe, but he has had legal troubles, including arrests related to drug charges in the past.","['California Substance Abuse Treatment Facility and State Prison, Corcoran']",Tiered-Forest,"Robert Downey Jr. did not go to jail for his role as Iron Man in the Marvel Cinematic Universe, but he has had legal troubles, including arrests related to drug charges in the past.",False
WebQTest-1840,webqsp,test,what do they speak in norway?,"Norwegians speak Norwegian, which includes both Bokmål and Nynorsk varieties, as well as other dialects.","['Saami, South Language', 'Saami, North Language', 'Norwegian Language', 'Saami, Lule Language', 'Finnish, Kven Language', 'Bokmål', 'Nynorsk']",Tiered-Forest,"Norwegians speak Norwegian, which includes both Bokmål and Nynorsk varieties, as well as other dialects.",True
WebQTest-1063,webqsp,test,where is audrey hepburn from?,"Audrey Hepburn was from Belgium, though she was also closely associated with the United States.",['Ixelles'],Tiered-Forest,"Audrey Hepburn was from Belgium, though she was also closely associated with the United States.",False
WebQTest-1455,webqsp,test,what capital city of brazil?,The capital city of Brazil is Brasília.,['Brasília'],Tiered-Forest,The capital city of Brazil is Brasília.,True
WebQTest-1355,webqsp,test,what school did robert f kennedy go to?,Robert F. Kennedy attended Harvard University and the University of Virginia School of Law.,"['Harvard College', 'Bates College', 'Milton Academy', 'Harvard University', 'University of Virginia School of Law', 'University of Virginia']",Tiered-Forest,Robert F. Kennedy attended Harvard University and the University of Virginia School of Law.,True
WebQTest-1104,webqsp,test,what do we call the currency of france?,The currency of France is called the Euro (EUR).,"['CFP franc', 'Euro']",Tiered-Forest,The currency of France is called the Euro (EUR).,True
WebQTest-1810,webqsp,test,what type of art leonardo da vinci do?,"Leonardo da Vinci was a polymath who created various types of art, but he is particularly renowned for his paintings, such as the Mona Lisa and The Last Supper.","['Drawing', 'Painting', 'Sculpture']",Tiered-Forest,"Leonardo da Vinci was a polymath who created various types of art, but he is particularly renowned for his paintings, such as the Mona Lisa and The Last Supper.",True
WebQTest-77,webqsp,test,what capital of austria?,The capital of Austria is Vienna.,['Vienna'],Tiered-Forest,The capital of Austria is Vienna.,True
WebQTest-1482,webqsp,test,who played carmen cortez in spy kids?,Carmen Cortez in Spy Kids was played by Salma Hayek.,"['Alexa Vega', 'Addisyn Fair']",Tiered-Forest,Carmen Cortez in Spy Kids was played by Salma Hayek.,False
WebQTest-1847,webqsp,test,where does kurdish people live?,"Kurdish people primarily live in the Kurdish region, which spans parts of Turkey, Iraq, Iran, and Syria.",['Asia'],Tiered-Forest,"Kurdish people primarily live in the Kurdish region, which spans parts of Turkey, Iraq, Iran, and Syria.",False
WebQTest-1146,webqsp,test,who did johnny depp play in corpse bride?,"In ""Corpse Bride,"" Johnny Depp played the role of Victor Van Dort, a living coffin-maker who falls in love with the Corpse Bride.",['Victor Van Dort'],Tiered-Forest,"In ""Corpse Bride,"" Johnny Depp played the role of Victor Van Dort, a living coffin-maker who falls in love with the Corpse Bride.",True
WebQTest-1770,webqsp,test,what country does rafael nadal play for?,Rafael Nadal plays for Spain.,['Spain'],Tiered-Forest,Rafael Nadal plays for Spain.,True
WebQTest-1078,webqsp,test,what language do australia people speak?,The primary language spoken in Australia is English.,"['English Language', 'Esperanto Language', 'Lojban']",Tiered-Forest,The primary language spoken in Australia is English.,False
WebQTest-356,webqsp,test,what airport is near arlington tx?,"The Dallas/Fort Worth International Airport is the major airport nearest to Arlington, TX.",['Arlington Municipal Airport'],Tiered-Forest,"The Dallas/Fort Worth International Airport is the major airport nearest to Arlington, TX.",False
WebQTest-1928,webqsp,test,what wnba team is diana taurasi on?,Diana Taurasi currently plays for the Phoenix Mercury in the WNBA.,"['UMMC Ekaterinburg', 'Phoenix Mercury']",Tiered-Forest,Diana Taurasi currently plays for the Phoenix Mercury in the WNBA.,True
WebQTest-635,webqsp,test,what characters does matt stone do?,"Matt Stone voices and creates characters for the animated series ""Weird Al"" Yankovic's ""Weird Al"" Yankovic in Space and other projects.","['Kenny McCormick', 'Kyle Broflovski', 'Wizard of Oz', 'Terrance Henry Stoot', 'Gerald Broflovski', 'Bill Gates', 'Ethan Hawke', 'Chris', 'George Clooney', 'Danny Glover', 'Jimbo Kearn', 'Saddam Hussein', 'James Humphries', 'Former Columbine Student', 'Doug Remer', 'Hermaphrodite', 'Taper Guy', 'Kyle / Kenny / Jesus', 'Dave the Lighting Guy', 'Man toasting drinks at MCA outdoor bar', 'Ticket Taker']",Tiered-Forest,"Matt Stone voices and creates characters for the animated series ""Weird Al"" Yankovic's ""Weird Al"" Yankovic in Space and other projects.",False
WebQTest-573,webqsp,test,where did melba beals live?,"Melba Beals lived in various places, but she was born and primarily raised in Little Rock, Arkansas.",['Arkansas'],Tiered-Forest,"Melba Beals lived in various places, but she was born and primarily raised in Little Rock, Arkansas.",True
WebQTest-392,webqsp,test,what team is hank baskett on 2010?,"In 2010, Hank Baskett was on the Denver Nuggets.","['Indianapolis Colts', 'Minnesota Vikings', 'Philadelphia Eagles']",Tiered-Forest,"In 2010, Hank Baskett was on the Denver Nuggets.",False
WebQTest-1612,webqsp,test,what type of art did raphael sanzio create?,"Raphael Sanzio created Renaissance art, known for its emphasis on humanism, perspective, and beauty.","['Drawing', 'Painting']",Tiered-Forest,"Raphael Sanzio created Renaissance art, known for its emphasis on humanism, perspective, and beauty.",False
WebQTest-1947,webqsp,test,what currency do they use in switzerland?,Switzerland uses the Swiss Franc as its currency.,['Swiss franc'],Tiered-Forest,Switzerland uses the Swiss Franc as its currency.,True
WebQTest-1427,webqsp,test,who was the secretary of state when andrew jackson was president?,"When Andrew Jackson was president, his Secretary of State was Martin Van Buren.","['Edward Livingston', 'Louis McLane', 'Martin Van Buren', 'James Alexander Hamilton']",Tiered-Forest,"When Andrew Jackson was president, his Secretary of State was Martin Van Buren.",True
WebQTest-1183,webqsp,test,where was farrah fawcett buried?,"Farrah Fawcett was buried at Forest Lawn Memorial Park in Glendale, California.",['Westwood Village Memorial Park Cemetery'],Tiered-Forest,"Farrah Fawcett was buried at Forest Lawn Memorial Park in Glendale, California.",False
WebQTest-1327,webqsp,test,where is shakira from?,Shakira is from Colombia.,['Colombia'],Tiered-Forest,Shakira is from Colombia.,True
WebQTest-1705,webqsp,test,where was franz ferdinand from?,"Franz Ferdinand was from the Habsburg dynasty, originally from what is now Austria and Germany.",['Glasgow'],Tiered-Forest,"Franz Ferdinand was from the Habsburg dynasty, originally from what is now Austria and Germany.",False
WebQTest-627,webqsp,test,what nationality is taylor lautner jacob black?,"Taylor Lautner, who played Jacob Black in the ""Twilight"" series, is American.",['United States of America'],Tiered-Forest,"Taylor Lautner, who played Jacob Black in the ""Twilight"" series, is American.",False
WebQTest-58,webqsp,test,who did jackie robinson first play for?,Jackie Robinson first played professionally for the Brooklyn Dodgers.,['UCLA Bruins football'],Tiered-Forest,Jackie Robinson first played professionally for the Brooklyn Dodgers.,False
WebQTest-1592,webqsp,test,what are all the songs justin bieber wrote?,"Listing all the songs Justin Bieber wrote would be extensive, as he has written for many of his own tracks and also for other artists, but a comprehensive and accurate list would require detailed research and is not easily summarized in a single sentence.","['Lolly', 'Home to Mama', 'Baby', 'Never Let You Go', 'Eenie Meenie', 'Somebody to Love', 'Never Say Never', 'Bigger', 'Pray', 'First Dance', 'Live My Life', 'Boyfriend', ""Turn to You (Mother's Day Dedication)"", 'Die in Your Arms', 'Thought Of You', 'Beauty And A Beat', 'All Around The World', 'As Long as You Love Me', 'Beautiful', 'Right Here', '#thatPower', 'Heartbreaker', 'All That Matters', 'Hold Tight', 'Wait for a Minute', 'Recovery', 'Bad Day', 'All Bad', 'PYD', 'Change Me', 'Roller Coaster', 'Confident']",Tiered-Forest,"Listing all the songs Justin Bieber wrote would be extensive, as he has written for many of his own tracks and also for other artists, but a comprehensive and accurate list would require detailed research and is not easily summarized in a single sentence.",False
WebQTest-1313,webqsp,test,who were demeter's siblings?,"Demeter's siblings were Pluto, Hades, Hera, Hestia, Poseidon, and Zeus, all children of Cronus and Rhea in Greek mythology.",['Zeus'],Tiered-Forest,"Demeter's siblings were Pluto, Hades, Hera, Hestia, Poseidon, and Zeus, all children of Cronus and Rhea in Greek mythology.",True
WebQTest-1963,webqsp,test,what position did vince lombardi play?,Vince Lombardi played as a halfback in football.,['Right guard'],Tiered-Forest,Vince Lombardi played as a halfback in football.,False
WebQTest-1065,webqsp,test,who does darth vaders voice?,"David Prowse provided the physical performance for Darth Vader, while James Earl Jones supplied the voice.","['Dr. Smoov', 'Zac Efron', 'Abraham Benrubi', 'Matt Lanter', 'James Earl Jones']",Tiered-Forest,"David Prowse provided the physical performance for Darth Vader, while James Earl Jones supplied the voice.",True
WebQTest-317,webqsp,test,where does russia import from?,"Russia imports from various countries, but major sources include China, Germany, Turkey, and the Netherlands, among others.",['Uzbekistan'],Tiered-Forest,"Russia imports from various countries, but major sources include China, Germany, Turkey, and the Netherlands, among others.",False
WebQTest-1396,webqsp,test,who played darth vader at the end of return of the jedi?,"At the end of ""Return of the Jedi,"" David Prowse provided the body double for Darth Vader's actions, while James Earl Jones provided the voice.","['Sebastian Shaw', 'David Prowse', 'James Earl Jones']",Tiered-Forest,"At the end of ""Return of the Jedi,"" David Prowse provided the body double for Darth Vader's actions, while James Earl Jones provided the voice.",True
WebQTest-841,webqsp,test,what is money called in italy?,"In Italy, money is called ""soldi.""",['Euro'],Tiered-Forest,"In Italy, money is called ""soldi.""",False
WebQTest-1889,webqsp,test,who was vice president with bill clinton?,Al Gore was the Vice President with Bill Clinton.,['Al Gore'],Tiered-Forest,Al Gore was the Vice President with Bill Clinton.,True
WebQTest-629,webqsp,test,what company does nike own?,"Nike owns several companies and brands, including Jordan Brand, which owns Jordan Sports Investment Ltd., the company that manages Michael Jordan's brand assets.","['Nike Brand Kitchen', 'Converse', 'Umbro', 'Hurley International', 'NIKE Deutschland GmbH', 'NIKE Mexico Holdings LLC', 'NIKE Vietnam Co', 'Cole Haan Co Store', 'NIKE Flight', 'Umbro Sportwear Ltd', 'Yugen Kaisha Hurley Japan', 'Converse Footwear Technical Service (Zhongshan) Co Ltd', 'Hurley999 UK Ltd', 'BRS NIKE Taiwan Inc', 'Converse Trading Co B.V.', 'Bragano Trading S.r.l.', 'Converse Canada Holding B.V.', 'Converse Hong Kong Ltd', 'PT Hurley Indonesia', 'NIKE 360 Holding B.V.', 'NIKE SALES (MALAYSIA) SDN. BHD.', 'NIKE Chile B.V.', 'NIKE Tailwind', 'Savier Inc', 'NIKE GmbH', 'NIKE Poland Sp.zo.o', 'NIKE Huarache', 'NIKE Finland OY', 'Umbro Schweiz Ltd', 'Converse Sporting Goods (China) Co Ltd', 'NIKE India Holding B.V.', 'NIKE Servicios de Mexico S. de R.L. de C.V.', 'Twin Dragons Holding B.V.', 'NIKE Licenciamentos do Brasil Ltda', 'NIKE UK Holding B.V.', 'NIKE BH B.V.', 'NIKE International Ltd', 'NIKE Sports (China) Co Ltd', 'Converse Netherlands B.V.', 'Exeter Hong Kong Ltd', 'PT NIKE Indonesia', 'NIKE Argentina Srl', 'PMG International Ltd', 'Cole Haan Hong Kong Ltd', 'Umbro Worldwide Ltd', 'NIKE de Chile Ltda', 'Umbro HK Ltd', 'NIKE European Operations Netherlands B.V.', 'Umbro Licensing Ltd', 'Converse Canada Corp', 'NIKE (Suzhou) Sports Co Ltd', 'NIKE Hellas EPE', 'NIKE Retail LLC', 'Manchester United Merchandising Ltd', 'NIKE Cortez', 'Umbro Asia Sourcing Ltd', 'NIKE Africa Ltd', 'Exeter Brands Group LLC', 'NIKE Asia Holding B.V.', 'NIKE Group Holding B.V.', 'NIKE Retail B.V.', 'American NIKE SL', 'Cole Haan Japan', 'Umbro.com', 'NIKE (UK) Ltd', 'NIKE Russia LLC', 'NIKE Laser Holding B.V.', 'NIKE TN Inc', 'Umbro Finance Ltd', 'NIKE Denmark ApS', 'NIKE Max LLC', 'NIKE Vapor Ltd', 'NIKE Japan Corp', 'NIKE Canada Corp', 'NIKE Italy S.R.L.', 'NIKE Suzhou Holding HK Ltd', 'NIKE Europe Holding B.V.', 'NIKE Zoom LLC', 'Umbro JV Ltd', 'NIKE Global Trading PTE. LTD', 'NIKE Philippines Inc', 'Futbol Club Barcelona SL', 'NIKE France SAS.', 'NIKE (Switzerland) GmbH', 'NIKE Holding LLC', 'NIKE Retail Poland sp. z o. o.', 'Hurley 999 SL', 'NIKE Canada Holding B.V.', 'NIKE Sweden AB', 'NIKE (Thailand) Ltd', 'NIKE Hong Kong Ltd', 'NIKE Retail Services Inc', 'NIKE Finance Ltd', 'Umbro Ltd', 'NIKE China Holding HK Ltd', 'NIKE International Holding B.V.', 'NIKE Sourcing India Private Ltd', 'NIKE do Brasil Comercio e Participacoes Ltda', 'NIKE New Zealand Co', 'NIKE Vision Timing & Techlab LP', 'Triax Insurance Inc', 'Umbro International JV', 'Umbro International Holdings Ltd', 'NIKE Australia Pty. Ltd', 'NIKE International LLC', 'NIKE South Africa Ltd', 'NIKE Galaxy Holding B.V.', 'Hurley Australia Pty Ltd', 'Juventus Merchandising S.r.l.', 'NIKE Jump Ltd', 'Umbro International Ltd', 'NIKE Dunk Holding B.V.', 'NIKE NZ Holding B.V.', 'NIKE Waffle', 'NIKE Lavadome', 'NIKE Trading Co B.V.', 'NIKE IHM Inc', 'Twin Dragons Global Ltd', 'Converse Hong Kong Holding Co Ltd', 'NIKE de Mexico S de R.L. de C.V.', 'NIKE Logistics Yugen Kaisha', 'NIKE USA Inc', 'Converse (Asia Pacific) Ltd', 'NIKE Australia Holding B.V.', 'NIKE International Holding Inc', 'NIKE South Africa Holdings LLC', 'NIKE Sports Korea Co Ltd', 'NIKE Israel Ltd', 'NIKE CA LLC', 'NIKE Global Holding B.V.', 'NIKE Offshore Holding B.V.', 'USISL Inc', 'NIKE Global Services PTE. LTD', 'NIKE Pegasus', 'Hurley International Holding B.V.', 'NIKE India Private Ltd', 'NIKE SINGAPORE PTE LTD', 'Nike Vision', 'Cole Haan', 'Nike Golf']",Tiered-Forest,"Nike owns several companies and brands, including Jordan Brand, which owns Jordan Sports Investment Ltd., the company that manages Michael Jordan's brand assets.",False
WebQTest-751,webqsp,test,who owns google 2012?,"In 2012, Google was owned by the parent company Alphabet Inc.","['Vic Gundotra', 'Patrick Pichette', 'Nikesh Arora', 'David Drummond', 'Larry Page']",Tiered-Forest,"In 2012, Google was owned by the parent company Alphabet Inc.",False
WebQTest-1387,webqsp,test,what time zone is toronto gmt?,Toronto is in the GMT-5 time zone during Eastern Standard Time and GMT-4 during Eastern Daylight Time.,['Eastern Time Zone'],Tiered-Forest,Toronto is in the GMT-5 time zone during Eastern Standard Time and GMT-4 during Eastern Daylight Time.,False
WebQTest-1174,webqsp,test,what cancer did jackie kennedy die of?,Jackie Kennedy died of lung cancer.,['Lymphoma'],Tiered-Forest,Jackie Kennedy died of lung cancer.,False
WebQTest-1861,webqsp,test,what is the government system of saudi arabia?,Saudi Arabia has an absolute monarchy system where the king holds ultimate authority.,"['Unitary state', 'Islamic state', 'Absolute monarchy']",Tiered-Forest,Saudi Arabia has an absolute monarchy system where the king holds ultimate authority.,True
WebQTest-1591,webqsp,test,what was obama's former occupation?,"Barack Obama's former occupation included being the 44th President of the United States, a U.S. Senator from Illinois, and a lawyer.","['Lawyer', 'Writer', 'Politician', 'Law professor', 'Author']",Tiered-Forest,"Barack Obama's former occupation included being the 44th President of the United States, a U.S. Senator from Illinois, and a lawyer.",True
WebQTest-787,webqsp,test,where is the riviera casino?,"The Riviera Casino is located in Las Vegas, Nevada.",['Las Vegas'],Tiered-Forest,"The Riviera Casino is located in Las Vegas, Nevada.",True
WebQTest-1249,webqsp,test,what is the state flower of new mexico?,The state flower of New Mexico is the yucca flower.,['Yucca flower'],Tiered-Forest,The state flower of New Mexico is the yucca flower.,True
WebQTest-1765,webqsp,test,what region is turkey considered?,Turkey is considered to be primarily in Asia Minor (Anatolia) and partially in Southeast Europe (East Thrace).,['Eurasia'],Tiered-Forest,Turkey is considered to be primarily in Asia Minor (Anatolia) and partially in Southeast Europe (East Thrace).,False
WebQTest-814,webqsp,test,where is harley davidson corporate headquarters?,"Harley-Davidson's corporate headquarters is located in Milwaukee, Wisconsin, USA.",['Milwaukee'],Tiered-Forest,"Harley-Davidson's corporate headquarters is located in Milwaukee, Wisconsin, USA.",True
WebQTest-362,webqsp,test,when did conflict start in ireland?,"The conflict in Ireland, often referred to as the Troubles, began in the late 1960s.","['Irish War of Independence', ""Nine Years' War"", 'Irish Confederate Wars', 'Irish Rebellion of 1798', 'Wars of the Three Kingdoms', 'Irish Civil War', 'Siege of Smerwick', 'Anglo-Spanish War', 'Williamite War in Ireland', 'Jacobite risings', ""Expédition d'Irlande"", 'Irish Rebellion of 1641', 'Cromwellian conquest of Ireland', 'Desmond Rebellions', 'Planned French invasion of Britain', 'Sack of Dun Gallimhe', 'Battle of Tochar Cruachain-Bri-Ele', 'Battle of Ros-Mhic-Thriúin', 'Guerrilla phase of the Irish Civil War', 'Battle of Affane', 'Siege of Drogheda', 'Battle of the Curragh', 'Battle of Knockdoe', 'Irish Free State offensive', 'Siege of Waterford', 'Norman invasion of Ireland', 'Bruce campaign in Ireland', 'Battle of Belahoe', 'Second Desmond Rebellion', 'Battle of Glentaisie', 'Siege of Wexford']",Tiered-Forest,"The conflict in Ireland, often referred to as the Troubles, began in the late 1960s.",False
WebQTest-1922,webqsp,test,what offices did theodore roosevelt hold?,"Theodore Roosevelt held the offices of New York State Assemblyman, Police Commissioner of New York City, Assistant Secretary of the Navy, Governor of New York, and Vice President and then President of the United States.","['President', 'Member of the Legislative Assembly', 'Assistant Secretary', 'Vice President', 'Governor']",Tiered-Forest,"Theodore Roosevelt held the offices of New York State Assemblyman, Police Commissioner of New York City, Assistant Secretary of the Navy, Governor of New York, and Vice President and then President of the United States.",True
WebQTest-1460,webqsp,test,what was gregor mendel contribution?,"Gregor Mendel is known for his contributions to the field of genetics through his pioneering work on heredity, which established the basic laws of inheritance.","['Monk', 'Botanist', 'Scientist']",Tiered-Forest,"Gregor Mendel is known for his contributions to the field of genetics through his pioneering work on heredity, which established the basic laws of inheritance.",False
WebQTest-1057,webqsp,test,what concentration camp did anne frank died in?,Anne Frank died in the Bergen-Belsen concentration camp.,['Bergen-Belsen concentration camp'],Tiered-Forest,Anne Frank died in the Bergen-Belsen concentration camp.,True
WebQTest-1368,webqsp,test,who formed the american federation of labor?,The American Federation of Labor was formed by Samuel Gompers in 1886.,['Samuel Gompers'],Tiered-Forest,The American Federation of Labor was formed by Samuel Gompers in 1886.,True
WebQTest-1584,webqsp,test,what disease did bernie mac die of?,Bernie Mac died of pancreatic cancer.,"['Sarcoidosis', 'Complications from pneumonia']",Tiered-Forest,Bernie Mac died of pancreatic cancer.,False
WebQTest-1855,webqsp,test,what airport do you fly into in paris?,"You can fly into Paris Charles de Gaulle Airport (CDG), Paris Orly Airport (ORY), or Paris Beauvais-Tillé Airport (BVA).","['Paris Orly Airport', 'Charles de Gaulle Airport']",Tiered-Forest,"You can fly into Paris Charles de Gaulle Airport (CDG), Paris Orly Airport (ORY), or Paris Beauvais-Tillé Airport (BVA).",True
WebQTest-1551,webqsp,test,what year did seattle seahawks go to the super bowl?,The Seattle Seahawks went to the Super Bowl in 2014 (Super Bowl XLIX).,"['Super Bowl XL', 'Super Bowl XLVIII']",Tiered-Forest,The Seattle Seahawks went to the Super Bowl in 2014 (Super Bowl XLIX).,True
WebQTest-97,webqsp,test,what songs does smokey robinson sing?,"Smokey Robinson sings a wide range of Motown classics including ""The Tracks of My Tears,"" ""Tears of a Clown,"" and ""Just My Imagination (Running Away with Me).""","['The Tears of a Clown', 'Shop Around', ""You've Really Got a Hold on Me"", 'Blame It on Love', 'Just Like You', ""If You Wanna Make Love (Come 'round Here)"", ""Don't Play Another Love Song"", 'Tell Me Tomorrow', 'Being With You', 'Just a Touch Away', 'Baby Come Close', 'Let Me Be the Clock', 'Tracks of My Tears', ""Crusin'"", 'Jingle Bells', 'Pops, We Love You (disco)', 'The Tracks of My Tears', 'The Track of My Tears', 'Whole Lot of Shakin’ in My Heart (Since I Met You)', 'Bad Girl', 'I’ve Got You Under My Skin', 'God Rest Ye Merry Gentlemen', 'Come by Here (Kum Ba Ya)', 'One Heartbeat', ""It's Time to Stop Shoppin' Around"", 'Why Do Happy Memories Hurt So Bad', ""You Don't Know What It's Like"", ""What's Too Much"", 'Love Brought Us Here', ""Love Don't Give No Reason"", 'Keep Me', 'The Way You Do (The Things You Do)', 'Get Ready', 'You Really Got a Hold on Me', 'Ooh Baby Baby', ""Ain't That Peculiar"", 'My Girl', 'Quiet Storm', ""Cruisin'"", 'Melody Man', 'We’ve Come Too Far to End It Now', 'Save Me', 'With Your Love Came', 'I Can’t Stand to See You Cry (Commercial version)', 'Just to See Her', 'Just My Soul Responding', 'My World', ""Fallin'"", ""You've Really Go a Hold on Me"", 'Going to a Go Go', ""Mickey's Monkey"", ""Baby That's Backatcha"", 'I Second That Emotion', 'More Love', 'Yester Love', 'Ooo Baby Baby', ""I've Made Love to You a Thousand Times"", 'Quiet Storm (single version)', 'Christmas Every Day', 'So Bad', 'Noël', 'Tears Of A Clown', ""It's Christmas Time"", 'When Smokey Sings Tears Of A Clown', 'Quiet Storm (Groove Boutique remix)', 'I Can’t Stand to See You Cry (Stereo Promo version)', 'Virgin Man', 'Nearness of You', 'Everything for Christmas', 'Deck the Halls', 'Christmas Greeting', 'Away in the Manger / Coventry Carol', 'The Agony and the Ecstasy', 'Wedding Song', 'Love Letters', 'Coincidentally', ""It's A Good Night"", 'I Love The Nearness Of You', ""The Hurt's On You"", 'Share It', 'Theme From the Big Time', ""Did You Know (Berry's Theme)"", 'You Go to My Head', ""I'm in the Mood for Love"", 'Our Love Is Here to Stay', 'Fly Me to the Moon (In Other Words)', 'Night and Day', ""I'm Glad There Is You"", 'More Than You Know', 'Speak Low', 'Time After Time', ""I Can't Give You Anything but Love"", 'I Like Your Face', ""I've Got You Under My Skin"", 'Tea for Two', 'Why', 'Double Good Everything', 'Rewind', 'Be Who You Are', 'I Love Your Face', ""I Can't Get Enough"", 'Rack Me Back', 'When A Woman Cries', 'You Take Me Away', 'Skid Row', 'Love Is The Light', 'Everything You Touch', ""Love' n Life"", 'Same Old Love', ""I Can't Find"", 'Take Me Through The Night', ""Don't Wanna Be Just Physical"", 'Come to Me Soon', 'You Made Me Feel Love', 'Jasmin', 'Easy', 'Just Another Kiss', 'Unless You Do It Again', 'Love So Fine', ""Can't Fight Love"", 'The Tracks of My Tears (live)', ""And I Don't Love You (Larry Levan instrumental dub)"", 'Walk on By', 'As You Do', 'Never My Love / Never Can Say Goodbye', 'Tell Me Tomorrow, Part 1', 'If You Want My Love', 'Food For Thought', 'Will You Still Love Me Tomorrow', 'You Cannot Laugh Alone', 'Vitamin U', 'In My Corner', 'If You Wanna Make Love', 'I Hear The Children Singing', 'A Silent Partner in a Three-Way Love Affair', 'Holly', 'Will You Love Me Tomorrow?', 'The Family Song', 'Wanna Know My Mind', 'I Care About Detroit', ""And I Don't Love You"", ""It's a Good Feeling"", 'I Second That Emotions', 'Crusin', 'You Are Forever', 'Going to a Go-Go', 'Cruisin', 'Ooo Baby Baby (live)', 'Aqui Con Tigo (Being With You)', ""Who's Sad"", 'Aqui Contigo (Being With You) (Eric Bodi Rivera Mix)', ""I'll Keep My Light In My Window"", ""It's Fantastic"", ""We've Saved The Best For Last (Kenny G with Smokey Robinson)"", 'Christmas Everyday', 'Shoe Soul', 'Whatcha Gonna Do', 'One Time', 'Girlfriend', ""You're the One for Me (feat. Joss Stone)"", 'Love Bath', ""You're Just My Life (feat. India.Arie)"", 'That Place', 'I Want You Back', ""Please Don't Take Your Love (feat. Carlos Santana)"", 'Satisfy You', 'Time Flies', ""Don't Know Why"", 'You Are So Beautiful (feat. Dave Koz)', 'Sweet Harmony', 'I Am, I Am', 'Heavy On Pride (Light On Love)', 'Be Kind To The Growing Mind (with The Temptations)', ""Season's Greetings from Smokey Robinson"", 'Noel', 'A Child Is Waiting', 'The Christmas Song', 'If You Can Want', ""Yes It's You Lady"", 'Quiet Storm (Groove Boutique Chill Jazz mix)', 'Tell Me Tomorrow (12\\"" extended mix)', 'Just To See Her Again', 'Ebony Eyes (Duet with Rick James)', 'Blame It On Love (Duet with Barbara Mitchell)', 'I Have Prayed On It', ""Love Don' Give No Reason (12 Inch Club Mix)"", 'Quiet Storm (Groove Boutique Chill Jazz mix feat. Ray Ayers)', ""Mother's Son"", ""There Will Come A Day ( I'm Gonna Happen To You )"", 'Tracks Of My Tears (Live)', 'Little Girl, Little Girl', 'Going to a Gogo', 'Happy (Love Theme From Lady Sings the Blues)', 'Medley: Never My Love / Never Can Say Goodbye', 'Will You Love Me Tomorrow', 'My Guy', 'Pops, We Love You', 'I Am I Am', 'Open', 'Daylight & Darkness', ""There Will Come a Day (I'm Gonna Happen to You)"", 'Ebony Eyes', ""We've Saved the Best for Last"", 'A Tattoo', 'I Praise & Worship You Father', 'The Tracks of My Heart', 'Jesus Told Me To Love You', ""She's Only a Baby Herself"", 'Let Your Light Shine On Me', ""It's Her Turn to Live"", 'Just Passing Through', 'Asleep on My Love', 'I Know You by Heart', 'Tears of a Sweet Free Clown', 'Santa Claus is Coming to Town', 'Ever Had A Dream', ""Gang Bangin'"", 'Fulfill Your Need', 'Standing On Jesus', 'The Love Between Me and My Kids', 'The Road to Damascus', 'He Can Fix Anything', 'We Are The Warriors', ""(It's The) Same Old Love"", 'Little Girl Little Girl', 'Te Quiero Como Si No Hubiera Un Manana', ""Because of You It's the Best It's Ever Been"", 'Sleepless Nights', 'Hold on to Your Love', 'Photograph in My Mind', 'Be Kind to the Growing Mind', 'Driving Thru Life in the Fast Lane', 'Gone Forever', ""Girl I'm Standing There"", 'No Time to Stop Believing', 'Train of Thought', 'Close Encounters of the First Kind', 'Hanging on by a Thread', 'Why Are You Running From My Love', 'Wishful Thinking', 'Some People Will Do Anything for Love', 'And I Love Her', 'First Time on a Ferris Wheel (Love Theme From \\""Berry Gordy\'s The Last Dragon\\"")', 'Winter Wonderland', 'The Christmas Song (Chestnuts Roasting on an Open Fire) (feat. The Temptations)', 'Be Careful What You Wish For', 'Really Gonna Miss You', 'Be Careful What You Wish For (instrumental)', 'Please Come Home for Christmas']",Tiered-Forest,"Smokey Robinson sings a wide range of Motown classics including ""The Tracks of My Tears,"" ""Tears of a Clown,"" and ""Just My Imagination (Running Away with Me).""",True
WebQTest-126,webqsp,test,who wrote the jana gana mana?,Jana Gana Mana was written by Rabindranath Tagore.,"['Ram Singh Thakur', 'Rabindranath Tagore']",Tiered-Forest,Jana Gana Mana was written by Rabindranath Tagore.,True
WebQTest-56,webqsp,test,what county is kansas city kansas?,"Kansas City, Kansas is located in Johnson County, Kansas.",['Wyandotte County'],Tiered-Forest,"Kansas City, Kansas is located in Johnson County, Kansas.",False
WebQTest-619,webqsp,test,who played victoria barkley?,"Victoria Barkley was played by actress Tippi Hedren in the film ""North by Northwest.""",['Barbara Stanwyck'],Tiered-Forest,"Victoria Barkley was played by actress Tippi Hedren in the film ""North by Northwest.""",False
WebQTest-701,webqsp,test,what team is reggie bush on 2011?,"In 2011, Reggie Bush played for the Miami Dolphins.","['Miami Dolphins', 'New Orleans Saints']",Tiered-Forest,"In 2011, Reggie Bush played for the Miami Dolphins.",True
WebQTest-1420,webqsp,test,what does monsanto own?,"Monsanto owned several agricultural companies and technologies before being acquired by Bayer in 2018, including seeds and pesticides.","['Agrochemical', 'Seed', 'Chemical industry', 'Agriculture']",Tiered-Forest,"Monsanto owned several agricultural companies and technologies before being acquired by Bayer in 2018, including seeds and pesticides.",True
WebQTest-1001,webqsp,test,what country is nicki minaj from?,Nicki Minaj is from Trinidad and Tobago.,['United States of America'],Tiered-Forest,Nicki Minaj is from Trinidad and Tobago.,False
WebQTest-1833,webqsp,test,what kind of government does brazil has?,Brazil has a federal republic government.,"['Presidential system', 'Constitutional republic', 'Federal republic']",Tiered-Forest,Brazil has a federal republic government.,True
WebQTest-923,webqsp,test,what countries does england border?,"England borders only one country, which is Wales, and they share the island of Great Britain.","['Scotland', 'Wales']",Tiered-Forest,"England borders only one country, which is Wales, and they share the island of Great Britain.",True
WebQTest-88,webqsp,test,who is willow smith mom name?,Willow Smith's mother's name is Jada Pinkett Smith.,['Jada Pinkett Smith'],Tiered-Forest,Willow Smith's mother's name is Jada Pinkett Smith.,True
WebQTest-1905,webqsp,test,where was auschwitz concentration camp located?,"Auschwitz concentration camp was located in Poland, specifically in Oświęcim County, Lesser Poland Voivodeship.","['Oświęcim', 'Auschwitz-Birkenau State Museum', 'Poland']",Tiered-Forest,"Auschwitz concentration camp was located in Poland, specifically in Oświęcim County, Lesser Poland Voivodeship.",True
WebQTest-1559,webqsp,test,what to do san jose ca?,"You can explore the Tech Museum of Innovation, tour the unique Winchester Mystery House, or relax in the parks and cafes of downtown San Jose.","['Winchester Mystery House', 'Rosicrucian Egyptian Museum', 'The Tech Museum of Innovation', 'Alum Rock Park', 'San Jose Museum of Quilts & Textiles', 'Japantown', 'San Jose Museum of Art', 'Kelley Park', 'Happy Hollow Park & Zoo', 'Cinequest Film Festival', 'Downtown San Jose', 'Santana Row', 'San Jose Municipal Rose Garden', 'Rock ‘n’ Roll San Jose Half Marathon', ""Children's Discovery Museum of San Jose""]",Tiered-Forest,"You can explore the Tech Museum of Innovation, tour the unique Winchester Mystery House, or relax in the parks and cafes of downtown San Jose.",True
WebQTest-68,webqsp,test,who plays the voice of kitt in knight rider?,William Daniels voiced the classic Kitt character in the original Knight Rider series.,['William Daniels'],Tiered-Forest,William Daniels voiced the classic Kitt character in the original Knight Rider series.,True
WebQTest-1039,webqsp,test,where does sherrod brown live?,"Sherrod Brown lives in Columbus, Ohio.","['Avon', 'Mansfield']",Tiered-Forest,"Sherrod Brown lives in Columbus, Ohio.",False
WebQTest-206,webqsp,test,what position does brandon roy play?,Brandon Roy played as a point guard in professional basketball.,"['Point guard', 'Shooting guard', 'Small forward']",Tiered-Forest,Brandon Roy played as a point guard in professional basketball.,True
WebQTest-278,webqsp,test,who's dating claire danes?,"As of my last update, Claire Danes is not publicly known to be dating anyone, but relationships can change, so it's always good to check the latest sources for the most current information.",['Hugh Dancy'],Tiered-Forest,"As of my last update, Claire Danes is not publicly known to be dating anyone, but relationships can change, so it's always good to check the latest sources for the most current information.",False
WebQTest-1631,webqsp,test,who is the texas state senator?,"The Texas State Senate consists of multiple senators representing different districts, so there isn't a single person who can be referred to as ""the Texas state senator""; you would need to specify the district.","['Phil Gramm', 'Lloyd Bentsen', 'John Cornyn', 'Kay Bailey Hutchison', 'Ralph Yarborough', 'John Hemphill', 'John Tower', 'James Pinckney Henderson', ""W. Lee O'Daniel"", 'Thomas Jefferson Rusk', 'Charles Allen Culberson', 'John Henninger Reagan', 'Roger Q. Mills', 'Richard Coke', 'Price Daniel', 'Bob Krueger', 'Louis Wigfall', 'William A. Blakley', 'Joseph Weldon Bailey', 'Andrew Jackson Houston', 'Horace Chilton', 'Morris Sheppard', 'Matthias Ward', 'Ted Cruz', 'James W. Flanagan', 'Samuel B. Maxey', 'Morgan C. Hamilton', 'Earle Bradford Mayfield', 'Tom Connally', 'Rienzi Melville Johnston', 'Lyndon B. Johnson', 'Sam Houston']",Tiered-Forest,"The Texas State Senate consists of multiple senators representing different districts, so there isn't a single person who can be referred to as ""the Texas state senator""; you would need to specify the district.",False
WebQTest-1885,webqsp,test,what does god shiva represent?,"God Shiva represents the aspects of destruction and transformation in the Hindu trinity, embodying qualities of the destroyer of the worlds and time.",['Hinduism'],Tiered-Forest,"God Shiva represents the aspects of destruction and transformation in the Hindu trinity, embodying qualities of the destroyer of the worlds and time.",False
WebQTest-910,webqsp,test,where did alexander graham bell die?,"Alexander Graham Bell died in Baden-Baden, Germany.","['Beinn Bhreagh, Nova Scotia']",Tiered-Forest,"Alexander Graham Bell died in Baden-Baden, Germany.",False
WebQTest-406,webqsp,test,who is the coach of the sf giants?,"The current coach of the San Francisco Giants is Willie Turner, who serves as the hitting coach.","['Bill Hayes', 'Tim Flannery', 'Dave Righetti', 'Carney Lansford', 'Roberto Kelly', 'Ron Wotus', 'Mark Gardner']",Tiered-Forest,"The current coach of the San Francisco Giants is Willie Turner, who serves as the hitting coach.",False
WebQTest-1364,webqsp,test,what do they speak in scotland?,"In Scotland, English is primarily spoken, but Scottish English and Scots language are also commonly used.",['English Language'],Tiered-Forest,"In Scotland, English is primarily spoken, but Scottish English and Scots language are also commonly used.",False
WebQTest-1844,webqsp,test,who plays robin hood in prince of thieves?,"In ""Prince of Thieves,"" Robin Hood is played by Kevin Kline.",['Kevin Costner'],Tiered-Forest,"In ""Prince of Thieves,"" Robin Hood is played by Kevin Kline.",False
WebQTest-1664,webqsp,test,what form of currency does germany use?,Germany uses the Euro as its currency.,['Euro'],Tiered-Forest,Germany uses the Euro as its currency.,True
WebQTest-1593,webqsp,test,where is the thames river source?,"The Thames River originates in Gloucestershire, England.",['Thames Head'],Tiered-Forest,"The Thames River originates in Gloucestershire, England.",False
WebQTest-340,webqsp,test,who is richard pryor son?,"Richard Pryor had a son named Richard Pryor, Jr.","['Franklin Pryor', 'Richard Pryor Jr.', 'Steven Pryor']",Tiered-Forest,"Richard Pryor had a son named Richard Pryor, Jr.",False
WebQTest-543,webqsp,test,what college did martin luther king jr go to?,Martin Luther King Jr. attended Morehouse College.,"['Morehouse College', 'Crozer Theological Seminary', 'Boston University']",Tiered-Forest,Martin Luther King Jr. attended Morehouse College.,True
WebQTest-831,webqsp,test,what type of religion does argentina have?,"Argentina does not have an official state religion, but Catholicism is the predominant faith practiced by a majority of the population.","['Judaism', 'Protestantism', 'Catholicism']",Tiered-Forest,"Argentina does not have an official state religion, but Catholicism is the predominant faith practiced by a majority of the population.",True
WebQTest-281,webqsp,test,what type of sports do japanese play?,"Japanese play a variety of sports, including traditional ones like sumo and kendama, as well as popular international sports like soccer, baseball, and basketball.","[""Japan women's national volleyball team"", ""Japan men's national volleyball team"", 'Japan national football team', ""Japan women's national handball team"", 'Japan national baseball team', 'Japan national handball team', 'Bridgestone-Anchor', 'Burning']",Tiered-Forest,"Japanese play a variety of sports, including traditional ones like sumo and kendama, as well as popular international sports like soccer, baseball, and basketball.",False
WebQTest-1225,webqsp,test,what kourtney kardashian boyfriends name?,Kourtney Kardashian's current boyfriend's name is Travis Barker.,['Scott Disick'],Tiered-Forest,Kourtney Kardashian's current boyfriend's name is Travis Barker.,False
WebQTest-1836,webqsp,test,where laura ingalls wilder lived?,"Laura Ingalls Wilder lived in various places including Wisconsin, Iowa, Kansas, Minnesota, and Missouri during her childhood.","['De Smet', 'Pepin', 'Kansas', 'Burr Oak', 'Walnut Grove', 'Mansfield']",Tiered-Forest,"Laura Ingalls Wilder lived in various places including Wisconsin, Iowa, Kansas, Minnesota, and Missouri during her childhood.",True
WebQTest-834,webqsp,test,where did the battle of waterloo occur?,"The Battle of Waterloo occurred in Waterloo, Belgium.",['Waterloo'],Tiered-Forest,"The Battle of Waterloo occurred in Waterloo, Belgium.",True
WebQTest-1741,webqsp,test,where is the headquarters of bank of america?,"The headquarters of Bank of America is located in Charlotte, North Carolina.",['Charlotte'],Tiered-Forest,"The headquarters of Bank of America is located in Charlotte, North Carolina.",True
