id,dataset,split,question,prediction,answers,agent,raw_prediction,correct
WebQTest-1198,webqsp,test,who influenced samuel taylor coleridge?,"William Wordsworth,Immanuel Kant,David Hartley","['Giambattista Vico', 'Baruch Spinoza', 'Thomas Browne', 'Friedrich Wilhelm Joseph Schelling', 'Emanuel Swedenborg', 'Immanuel Kant', 'John Milton', 'William Shakespeare', 'Robert Burns', 'Algernon Charles Swinburne']",Tiered-Forest,"William Wordsworth,Immanuel Kant,David Hartley",True
WebQTest-1092,webqsp,test,who did viggo mortensen play in lord of the rings?,Aragorn,['Aragorn'],Tiered-Forest,Aragorn,True
WebQTest-713,webqsp,test,what county is st. louis park in?,Hennepin County,['Hennepin County'],Tiered-Forest,Hennepin County,True
WebQTest-1637,webqsp,test,what are the catholic holy days?,"Solemnity of Mary, Epiphany, Ascension, Assumption of Mary, All Saints' Day, Immaculate Conception, Christmas","['Feast of St. Margaret of the Árpád House', 'Feast of Our Lady of Hungary', 'Feast of Our Lady of the Rosary', ""Our Lady of Aparecida's day"", 'Father Damien Day', 'Our Lady of Guadalupe Day', 'St. Spiridon Day', ""Saint Nicholas' Eve"", 'Feast of Assumption', ""Euthymius the Great's Feast Day"", 'The Feast of Our Lady of Mount Carmel', ""St. Anthony's Day"", 'Feast of Our Lady of Sorrows', ""St Joseph's Day"", ""Saint Patrick's Day"", 'Maundy Thursday', ""St. Stephen's Day"", 'Corpus Christi', 'Nativity of Mary', 'Olsok', 'Feast of the Immaculate Conception', 'Feast of the Cross', 'Feast of Christ the King', 'Name day', 'Fat Thursday', 'World Day of Peace', 'Palm Sunday', 'Saints Cyril and Methodius Day', 'Solemnity of Mary, Mother of God', 'Feast of Saints Peter and Paul', ""St Crispin's Day"", ""St Casimir's Day"", ""All Saints' Day"", 'Feast of St Francis of Assisi', 'St Nicholas Day']",Tiered-Forest,"Solemnity of Mary, Epiphany, Ascension, Assumption of Mary, All Saints' Day, Immaculate Conception, Christmas",True
WebQTest-1241,webqsp,test,where does the columbia river start?,Columbia Lake,['Columbia Lake'],Tiered-Forest,Columbia Lake,True
WebQTest-377,webqsp,test,what school did michael jordan attend?,University of North Carolina at Chapel Hill,"['Emsley A. Laney High School', 'University of North Carolina at Chapel Hill']",Tiered-Forest,University of North Carolina at Chapel Hill,True
WebQTest-1488,webqsp,test,what type of art does marc chagall do?,"painting, stained glass","['Modern art', 'Fauvism', 'Surrealism', 'Cubism', 'Expressionism']",Tiered-Forest,"painting, stained glass",False
WebQTest-383,webqsp,test,what language do chinese people write in?,Chinese,"['Nüshu script', 'Simplified Chinese character', 'Traditional Chinese characters', ""'Phags-pa script"", 'Chinese characters']",Tiered-Forest,Chinese,True
WebQTest-1619,webqsp,test,where do the appalachian mountains run?,eastern North America,['North America'],Tiered-Forest,eastern North America,True
WebQTest-1508,webqsp,test,when did bill clinton go to college?,"1964,1968","['Yale Law School', 'Edmund A. Walsh School of Foreign Service', 'University of Oxford', 'University Yale', 'Georgetown University', 'University College, Oxford']",Tiered-Forest,"1964,1968",False
WebQTest-266,webqsp,test,what is there to do for fun in kansas city?,"Kansas City Zoo, Worlds of Fun, Power & Light District, Country Club Plaza, Kauffman Stadium, Arrowhead Stadium, Nelson-Atkins Museum of Art","['Kansas City Zoo', 'Kauffman Center for the Performing Arts', '18th and Vine-Downtown East', 'Kemper Museum of Contemporary Art', 'Liberty Memorial', 'Harry S. Truman Presidential Library and Museum', 'Crown Center', 'Worlds of Fun', 'Sprint Center', 'Negro Leagues Baseball Museum', 'Boulevard Brewing Company', 'Oceans of Fun', 'Hotel Phillips', 'Deer Creek Golf Course', 'Ewing and Muriel Kauffman Memorial Garden']",Tiered-Forest,"Kansas City Zoo, Worlds of Fun, Power & Light District, Country Club Plaza, Kauffman Stadium, Arrowhead Stadium, Nelson-Atkins Museum of Art",True
WebQTest-191,webqsp,test,where did drew brees go to college wikianswers?,Purdue University,"['Stanford Graduate School of Business', 'Purdue University']",Tiered-Forest,Purdue University,True
WebQTest-554,webqsp,test,what money do they use in spain?,Euro,['Euro'],Tiered-Forest,Euro,True
WebQTest-637,webqsp,test,what type of government did soviet union have?,communist state,"['Communist state', 'Socialist state', 'Soviet democracy', 'Parliamentary republic']",Tiered-Forest,communist state,True
WebQTest-875,webqsp,test,where did hugo chavez go to school?,Academia Militar de Venezuela,"['Julian Pino School', ""Daniel Florencio O'Leary School"", 'Simón Bolívar University', 'Bolivarian Military University of Venezuela']",Tiered-Forest,Academia Militar de Venezuela,False
WebQTest-438,webqsp,test,what university did romney graduated from?,"Brigham Young University, Harvard University",['Brigham Young University'],Tiered-Forest,"Brigham Young University, Harvard University",True
WebQTest-234,webqsp,test,what countries does the panama canal go through?,Panama,['Panama'],Tiered-Forest,Panama,True
WebQTest-461,webqsp,test,where did clay matthews go to school?,University of Southern California,"['University of Southern California', 'Agoura High School']",Tiered-Forest,University of Southern California,True
WebQTest-1441,webqsp,test,where all did picasso live?,"Barcelona, Paris, Mougins","['Málaga', 'Madrid', 'France']",Tiered-Forest,"Barcelona, Paris, Mougins",False
WebQTest-1622,webqsp,test,what ocean is around hawaii?,Pacific Ocean,['Pacific Ocean'],Tiered-Forest,Pacific Ocean,True
WebQTest-1757,webqsp,test,what did michael crabtree do?,play football,"['Wide receiver', 'Athlete', 'American football player']",Tiered-Forest,play football,False
WebQTest-1328,webqsp,test,what did hayes do?,"U.S. Representative, Governor of Ohio, 19th President of the United States",['US President'],Tiered-Forest,"U.S. Representative, Governor of Ohio, 19th President of the United States",False
WebQTest-296,webqsp,test,what kind of government does libya have today?,Government of National Unity,"['Provisional government', 'Parliamentary republic']",Tiered-Forest,Government of National Unity,False
WebQTest-527,webqsp,test,what country borders slovakia?,"Austria, Czech Republic, Hungary, Poland, Ukraine","['Czech Republic', 'Hungary', 'Poland', 'Ukraine', 'Austria']",Tiered-Forest,"Austria, Czech Republic, Hungary, Poland, Ukraine",True
WebQTest-2001,webqsp,test,who won the 2000 fa cup final?,Chelsea,['Chelsea F.C.'],Tiered-Forest,Chelsea,True
WebQTest-1997,webqsp,test,who does owen schmitt play for?,West Virginia Mountaineers,['Seattle Seahawks'],Tiered-Forest,West Virginia Mountaineers,False
WebQTest-1848,webqsp,test,what instrument does louis armstrong?,trumpet,"['Cornet', 'Trumpet']",Tiered-Forest,trumpet,True
WebQTest-482,webqsp,test,who plays blaine in batman?,Glenn Shadix,"['Matthew Wagner', 'Danny Trejo', 'Carlos Alazraqui', 'Tom Hardy']",Tiered-Forest,Glenn Shadix,False
WebQTest-1780,webqsp,test,who does michael oher play for in 2010?,Tennessee Titans,['Baltimore Ravens'],Tiered-Forest,Tennessee Titans,False
WebQTest-504,webqsp,test,who was philip in acts chapter 8?,Philip the Evangelist,['Apostle Philip'],Tiered-Forest,Philip the Evangelist,False
WebQTest-410,webqsp,test,what are the major cities in ukraine?,"Kyiv, Kharkiv, Odesa, Dnipro, Donetsk, Zaporizhzhia, Lviv",['Kiev'],Tiered-Forest,"Kyiv, Kharkiv, Odesa, Dnipro, Donetsk, Zaporizhzhia, Lviv",False
WebQTest-2005,webqsp,test,who plays bob kelso in scrubs?,Ken Jenkins,['Ken Jenkins'],Tiered-Forest,Ken Jenkins,True
WebQTest-1894,webqsp,test,what baseball team was jackie robinson on?,Brooklyn Dodgers,"['Kansas City Monarchs', 'Montreal Royals', 'Brooklyn Dodgers']",Tiered-Forest,Brooklyn Dodgers,True
WebQTest-1303,webqsp,test,what other movies is josh hutcherson in?,"The Hunger Games, Bridge to Terabithia, Journey to the Center of the Earth, Zathura, The Kids Are All Right, Future Man, Five Nights at Freddy's","['In Dubious Battle', 'The Long Home', 'Bridge to Terabithia', ""Cirque du Freak: The Vampire's Assistant"", 'Firehouse Dog', 'Winged Creatures', 'Party Wagon', 'Journey to the Center of the Earth', 'One Last Ride', 'Wilder Days', 'Miracle Dogs', 'Kicking & Screaming', 'Red Dawn', 'Motocross Kids', 'Zathura', 'The Kids Are All Right', 'The Forger', 'The Polar Express', 'RV', 'Little Manhattan', 'Journey 2: The Mysterious Island', 'American Splendor', 'Detention', 'House Blend', 'The Hunger Games', '7 Days in Havana', 'The Third Rule', 'Epic', 'The Hunger Games: Catching Fire', 'The Hunger Games: Mockingjay, Part 1', 'The Hunger Games: Mockingjay, Part 2', 'Escobar: Paradise Lost']",Tiered-Forest,"The Hunger Games, Bridge to Terabithia, Journey to the Center of the Earth, Zathura, The Kids Are All Right, Future Man, Five Nights at Freddy's",True
WebQTest-1017,webqsp,test,who plays charlie in the santa clause movies?,Eric Lloyd,['Eric Lloyd'],Tiered-Forest,Eric Lloyd,True
WebQTest-1526,webqsp,test,how many languages do they speak in switzerland?,"German, French, Italian, Romansh","['Italian Language', 'German Language', 'French', 'Romansh language']",Tiered-Forest,"German, French, Italian, Romansh",True
WebQTest-634,webqsp,test,what county is san antonio in?,Bexar County,"['Comal County', 'Medina County', 'Bexar County']",Tiered-Forest,Bexar County,True
WebQTest-698,webqsp,test,who is robin roberts father?,Lawrence E. Roberts,['Lawrence E. Roberts'],Tiered-Forest,Lawrence E. Roberts,True
WebQTest-1708,webqsp,test,what are dallas cowboys colors?,"blue, silver, white","['Blue', 'Navy Blue', 'Silver', 'Royal blue', 'White']",Tiered-Forest,"blue, silver, white",True
WebQTest-1990,webqsp,test,who plays timon's voice in the lion king?,Nathan Lane,['Nathan Lane'],Tiered-Forest,Nathan Lane,True
WebQTest-163,webqsp,test,what year did the seahawks win the superbowl?,2014,['Super Bowl XLVIII'],Tiered-Forest,2014,False
WebQTest-1566,webqsp,test,what kind of guitar john mayer?,Fender Stratocaster,['Fender Stratocaster'],Tiered-Forest,Fender Stratocaster,True
WebQTest-1614,webqsp,test,what religion was king louis xiv?,Catholicism,['Catholicism'],Tiered-Forest,Catholicism,True
WebQTest-1533,webqsp,test,what planet did luke skywalker came from?,Tatooine,['Polis Massa'],Tiered-Forest,Tatooine,False
WebQTest-1470,webqsp,test,what kind of government does poland have?,parliamentary republic,"['Democracy', 'Parliamentary republic']",Tiered-Forest,parliamentary republic,True
WebQTest-1557,webqsp,test,where do florida panthers play?,BB&T Center,"['BB&T Center', 'Miami Arena']",Tiered-Forest,BB&T Center,True
WebQTest-1917,webqsp,test,what did charles babbage discover?,"difference engine, analytical engine","['Difference engine', 'Analytical Engine']",Tiered-Forest,"difference engine, analytical engine",True
WebQTest-512,webqsp,test,who were mary shelley?,Mary Wollstonecraft Godwin,"['Editor', 'Biographer', 'Playwright', 'Travel writer', 'Novelist', 'Writer', 'Essayist', 'Author']",Tiered-Forest,Mary Wollstonecraft Godwin,False
WebQTest-1047,webqsp,test,who does amy stiller play in dodgeball?,Patches O'Houlihan,['Keno Waitress'],Tiered-Forest,Patches O'Houlihan,False
WebQTest-1685,webqsp,test,where did benjamin franklin went to school?,Boston Latin School,['Boston Latin School'],Tiered-Forest,Boston Latin School,True
WebQTest-218,webqsp,test,in which continent is germany?,Europe,['Europe'],Tiered-Forest,Europe,True
WebQTest-938,webqsp,test,who was queen elizabeth ii mom?,Elizabeth Bowes-Lyon,['Queen Elizabeth The Queen Mother'],Tiered-Forest,Elizabeth Bowes-Lyon,False
WebQTest-1570,webqsp,test,where is the arizona cardinals stadium located?,"Glendale, Arizona",['Arizona'],Tiered-Forest,"Glendale, Arizona",True
WebQTest-935,webqsp,test,where was osama bin laden killed?,"Abbottabad, Pakistan",['Abbottabad'],Tiered-Forest,"Abbottabad, Pakistan",True
WebQTest-454,webqsp,test,where did hank marvin come from?,Newcastle upon Tyne,['Newcastle upon Tyne'],Tiered-Forest,Newcastle upon Tyne,True
WebQTest-1807,webqsp,test,what was wayne gretzky's first team?,Edmonton Oilers,['Edmonton Oilers'],Tiered-Forest,Edmonton Oilers,True
WebQTest-1960,webqsp,test,when was the last time the toronto maple leafs win the stanley cup?,1967,['1967 Stanley Cup Finals'],Tiered-Forest,1967,True
WebQTest-757,webqsp,test,who is angelina jolie mom and dad?,"Jon Voight, Marcheline Bertrand","['Marcheline Bertrand', 'Jon Voight']",Tiered-Forest,"Jon Voight, Marcheline Bertrand",True
WebQTest-721,webqsp,test,what kind of leukemia did jill clayburgh have?,chronic lymphocytic leukemia,"['B-cell chronic lymphocytic leukemia', 'Leukemia']",Tiered-Forest,chronic lymphocytic leukemia,True
WebQTest-123,webqsp,test,what all does google now do?,"Google Now,Google Assistant","['Google Classroom', 'Google Drive', 'Apache Wave', 'Google Earth', 'Google Buzz', 'Google Docs, Sheets, and Slides', 'Nexus S', 'Google Glass', 'Nexus 7', 'Nexus Q', 'Nexus 10', 'Google Maps', 'Chromecast']",Tiered-Forest,"Google Now,Google Assistant",False
WebQTest-361,webqsp,test,what to do and see in vienna austria?,"Schönbrunn Palace,St. Stephen's Cathedral,Belvedere Palace,Hofburg Palace,Prater,Vienna State Opera,Naschmarkt,Kunsthistorisches Museum","['Rock im Park', 'Schönbrunn Palace', 'Minoritenkirche', ""St. Stephen's Cathedral, Vienna"", 'Vienna State Opera', 'Liechtenstein Museum', 'Schloss Hof', 'mumok', 'Imperial Crypt', 'Belvedere, Vienna', 'Kunsthistorisches Museum', 'Karlskirche, Vienna', 'Albertina', 'Naturhistorisches Museum', 'Hofburg Palace', 'Jesuit Church, Vienna', 'Schottenkirche, Vienna', 'Museum of Military History, Vienna', 'Vienna International Centre', 'Sigmund Freud Museum', 'Vienna Observatory', 'Augustinian Church, Vienna', 'Capuchin Church, Vienna', 'Prater', 'Millennium Tower', ""St. Peter's Church"", 'Leopold Museum', 'Haus der Musik', 'Rathaus, Vienna']",Tiered-Forest,"Schönbrunn Palace,St. Stephen's Cathedral,Belvedere Palace,Hofburg Palace,Prater,Vienna State Opera,Naschmarkt,Kunsthistorisches Museum",True
WebQTest-111,webqsp,test,where is the carpathian mountain range located?,"Central Europe, Eastern Europe",['Europe'],Tiered-Forest,"Central Europe, Eastern Europe",True
WebQTest-673,webqsp,test,where did robert kardashian go to college?,University of Southern California,"['University of San Diego', 'University of San Diego School of Law', 'University of Southern California']",Tiered-Forest,University of Southern California,True
WebQTest-987,webqsp,test,what does barbara bush do for work?,First Lady of the United States,['First Lady'],Tiered-Forest,First Lady of the United States,True
WebQTest-773,webqsp,test,where is the sony ericsson company?,"Tokyo, Japan",['Minato'],Tiered-Forest,"Tokyo, Japan",False
WebQTest-1616,webqsp,test,what did shannon hoon die from?,drug overdose,['Drug overdose'],Tiered-Forest,drug overdose,True
WebQTest-874,webqsp,test,what language do people from bosnia speak?,"Bosnian, Croatian, Serbian","['Serbo-Croatian Language', 'Serbian language', 'Bosnian language', 'Croatian language']",Tiered-Forest,"Bosnian, Croatian, Serbian",False
WebQTest-766,webqsp,test,what is malaysian currency?,Malaysian ringgit,['Malaysian ringgit'],Tiered-Forest,Malaysian ringgit,True
WebQTest-1445,webqsp,test,what tv series did mark harmon star in?,NCIS,"['Chicago Hope', 'Centennial', 'From the Earth to the Moon', 'St. Elsewhere', 'Flamingo Road', 'NCIS', 'Eleanor and Franklin: The White House Years', 'Sam', '240-Robert', 'Charlie Grace', 'The Dream Merchants', 'Reasonable Doubts']",Tiered-Forest,NCIS,True
WebQTest-153,webqsp,test,what are the sights to see in madrid?,"Museo del Prado, Royal Palace of Madrid, Retiro Park, Plaza Mayor, Puerta del Sol","['El Escorial', 'Museo Nacional Del Prado', 'Museo Nacional Centro de Arte Reina Sofía', 'Summercase', 'Festimad', 'Buen Retiro Park', 'Royal Palace of Madrid', 'Almudena Cathedral', 'Sorolla Museum', 'Plaza de Cibeles', 'Madrid Arena', 'Paseo del Prado', 'Parque Warner Madrid', 'Thyssen-Bornemisza Museum', 'Temple of Debod', 'Puerta del Sol', 'Gran Vía', 'Madrid Marathon', 'Plaza Mayor, Madrid', 'La Vaguada', 'Museum of Lázaro Galdiano', 'Palace of la Bolsa de Madrid']",Tiered-Forest,"Museo del Prado, Royal Palace of Madrid, Retiro Park, Plaza Mayor, Puerta del Sol",True
WebQTest-420,webqsp,test,where is perpignan located?,France,"['Pyrénées-Orientales', 'France', 'Languedoc-Roussillon']",Tiered-Forest,France,True
WebQTest-1416,webqsp,test,what was franklin pierce famous for?,14th U.S. President,['US President'],Tiered-Forest,14th U.S. President,False
WebQTest-1748,webqsp,test,through which countries of the sahel does the niger river flow?,"Mali, Niger, Benin, Nigeria","['Mali', 'Niger', 'Nigeria']",Tiered-Forest,"Mali, Niger, Benin, Nigeria",True
WebQTest-354,webqsp,test,what art movement did leonardo da vinci belong to?,Renaissance,"['Pastel Art', 'High Renaissance']",Tiered-Forest,Renaissance,True
WebQTest-1392,webqsp,test,what the language spoken in indonesia?,Indonesian,"['Sunda Language', 'Bali Language', 'Madura Language', 'Dutch Language', 'English Language', 'Javanese Language', 'Batak Language', 'Indonesian Language', 'Tobelo Language', 'Malay Language']",Tiered-Forest,Indonesian,True
WebQTest-90,webqsp,test,who played on the jeffersons?,"Isabel Sanford, Sherman Hemsley, Marla Gibbs, Franklin Cover, Roxie Roker, Mike Evans, Berlinda Tolbert, Zara Cully, Paul Benedict, Ned Wertimer, Damon Evans","['Sherman Hemsley', 'Isabel Sanford', 'Damon Evans', 'Berlinda Tolbert', 'Roxie Roker', 'Zara Cully', 'Marla Gibbs', 'Franklin Cover', 'Paul Benedict', 'Mike Evans', 'Jay Hammer']",Tiered-Forest,"Isabel Sanford, Sherman Hemsley, Marla Gibbs, Franklin Cover, Roxie Roker, Mike Evans, Berlinda Tolbert, Zara Cully, Paul Benedict, Ned Wertimer, Damon Evans",True
WebQTest-1916,webqsp,test,what county is utica ny in?,Oneida County,['Oneida County'],Tiered-Forest,Oneida County,True
WebQTest-1489,webqsp,test,what character did billy d williams play in star wars?,Lando Calrissian,['Lando Calrissian'],Tiered-Forest,Lando Calrissian,True
WebQTest-1955,webqsp,test,who are the judges appointed in the supreme court?,"John G. Roberts, Clarence Thomas, Samuel Alito, Sonia Sotomayor, Elena Kagan, Neil Gorsuch, Brett Kavanaugh, Amy Coney Barrett, Ketanji Brown Jackson","['Clarence Thomas', 'Antonin Scalia', 'Stephen Breyer', 'Ruth Bader Ginsburg', 'Anthony Kennedy', 'Samuel Alito', 'John Roberts', 'Elena Kagan', 'Sonia Sotomayor']",Tiered-Forest,"John G. Roberts, Clarence Thomas, Samuel Alito, Sonia Sotomayor, Elena Kagan, Neil Gorsuch, Brett Kavanaugh, Amy Coney Barrett, Ketanji Brown Jackson",True
WebQTest-708,webqsp,test,who won fa cup 1976?,Southampton,['Southampton F.C.'],Tiered-Forest,Southampton,True
WebQTest-342,webqsp,test,what countries have english as their official language?,"Antigua and Barbuda, Australia, The Bahamas, Barbados, Belize, Canada, Dominica, Grenada, Guyana, Ireland, Jamaica, Malta, New Zealand, Saint Kitts and Nevis, Saint Lucia, Saint Vincent and the Grenadines, Trinidad and Tobago, United Kingdom, United States","['Bahamas', 'Barbados', 'Belize', 'Bermuda', 'Botswana', 'Kenya', 'Cameroon', 'Cayman Islands', 'Cook Islands', 'Territory of Papua and New Guinea', 'Dominica', 'Fiji', 'Jersey', 'Guyana', 'Guam', 'Ghana', 'Gibraltar', 'Grenada', 'Hong Kong', 'India', 'Republic of Ireland', 'Isle of Man', 'Kiribati', 'Lesotho', 'Liberia', 'Malta', 'Marshall Islands', 'Montserrat', 'Namibia', 'Nauru', 'Nigeria', 'Papua New Guinea', 'Puerto Rico', 'Pakistan', 'Philippines', 'Rwanda', 'Saint Kitts and Nevis', 'Sierra Leone', 'Saint Lucia', 'Saint Vincent and the Grenadines', 'Samoa', 'Singapore', 'Sudan', 'Swaziland', 'Tanzania', 'Turks and Caicos Islands', 'Tuvalu', 'United Kingdom', 'Uganda', 'Vanuatu', 'Zimbabwe', 'Zambia', 'Territory of New Guinea', 'New Zealand', 'Canada', 'Gambia', 'South Africa', 'Wales', 'Antigua and Barbuda']",Tiered-Forest,"Antigua and Barbuda, Australia, The Bahamas, Barbados, Belize, Canada, Dominica, Grenada, Guyana, Ireland, Jamaica, Malta, New Zealand, Saint Kitts and Nevis, Saint Lucia, Saint Vincent and the Grenadines, Trinidad and Tobago, United Kingdom, United States",True
WebQTest-921,webqsp,test,what was the cause of death for huell howser?,natural causes,['Prostate cancer'],Tiered-Forest,natural causes,False
WebQTest-774,webqsp,test,what kind of currency does the dominican republic have?,Dominican peso,['Dominican peso'],Tiered-Forest,Dominican peso,True
WebQTest-279,webqsp,test,what county is st paul va in?,Wise County,"['Wise County', 'Russell County']",Tiered-Forest,Wise County,True
WebQTest-172,webqsp,test,what do you call members of the senate?,senators,"['President of the Senate', 'State Senator', 'Chief of staff', 'President pro tempore', 'Senator', 'Senate majority leader']",Tiered-Forest,senators,True
WebQTest-825,webqsp,test,who does nolan ryan play for?,"California Angels, Houston Astros, Texas Rangers, New York Mets","['Houston Astros', 'California Angels']",Tiered-Forest,"California Angels, Houston Astros, Texas Rangers, New York Mets",True
WebQTest-128,webqsp,test,who plays juni cortez?,Daryl Sabara,['Daryl Sabara'],Tiered-Forest,Daryl Sabara,True
WebQTest-178,webqsp,test,who was the leader of the us during wwii?,Franklin D. Roosevelt,"['Franklin D. Roosevelt', 'Harry S. Truman']",Tiered-Forest,Franklin D. Roosevelt,True
WebQTest-621,webqsp,test,what countries have german as the official language?,"Germany, Austria, Switzerland, Belgium, Luxembourg, Liechtenstein","['Belgium', 'Germany', 'East Germany', 'Luxembourg', 'Liechtenstein', 'Switzerland', 'Austria']",Tiered-Forest,"Germany, Austria, Switzerland, Belgium, Luxembourg, Liechtenstein",True
WebQTest-671,webqsp,test,who are the senators of hawaii 2012?,"Daniel Inouye, Daniel Akaka",['Mazie Hirono'],Tiered-Forest,"Daniel Inouye, Daniel Akaka",False
WebQTest-346,webqsp,test,who does donnie wahlberg play in the sixth sense?,Vincent Grey,['Vincent Grey'],Tiered-Forest,Vincent Grey,True
WebQTest-331,webqsp,test,where was the temple of karnak built?,Thebes,"['Luxor Governorate', 'Egypt']",Tiered-Forest,Thebes,False
WebQTest-100,webqsp,test,what language is spoken in haiti today?,"Haitian Creole, French","['Haitian Creole', 'French']",Tiered-Forest,"Haitian Creole, French",True
WebQTest-852,webqsp,test,what province is toronto in ( 7 letters )?,Ontario,['Ontario'],Tiered-Forest,Ontario,True
WebQTest-1634,webqsp,test,who does peter griffin voice?,Seth MacFarlane,['Seth MacFarlane'],Tiered-Forest,Seth MacFarlane,True
WebQTest-1915,webqsp,test,where did harry s truman go to school?,"Independence High School, University of Missouri–Kansas City, University of Kansas City School of Law","['University of Missouri–Kansas City', 'University of Missouri–Kansas City School of Law', 'William Chrisman High School']",Tiered-Forest,"Independence High School, University of Missouri–Kansas City, University of Kansas City School of Law",True
WebQTest-257,webqsp,test,who was the soviet leader during world war ii?,Joseph Stalin,"['Nikita Khrushchev', 'Leonid Brezhnev']",Tiered-Forest,Joseph Stalin,False
WebQTest-633,webqsp,test,what is claire danes famous for?,acting,"['Actor', 'Television producer', 'Voice Actor']",Tiered-Forest,acting,False
WebQTest-1004,webqsp,test,what movies did christopher plummer play in?,"The Sound of Music, The Girl with the Dragon Tattoo, Beginners, Knives Out, All the Money in the World","['Elsa & Fred', 'Remember', 'The Insider', 'I Love N.Y.', 'Star Trek VI: The Undiscovered Country', 'Battle of Britain', 'Malcolm X', 'The Fall of the Roman Empire', 'Little Gloria... Happy at Last', 'Money', 'Stage Struck', 'Murder by Decree', 'Triple Cross', ""A Doll's House"", 'Young Catherine', 'Dolores Claiborne', 'Lily in Love', 'The Imaginarium of Doctor Parnassus', 'Up', 'The Pyx', 'Babes in Toyland', 'Eyewitness', 'The Clown at Midnight', 'Firehead', 'Nicholas Nickleby', '9', 'American Tragedy', 'Hamlet at Elsinore', 'Wolf', 'National Treasure', 'Man in the Chair', 'Lucky Break', 'Ararat', 'Riel', 'Somewhere in Time', 'The Amateur', 'An American Tail', 'The Spiral Staircase', 'My Dog Tulip', 'The Last Station', 'Alexander', 'A Hazard of Hearts', 'Conduct Unbecoming', 'Aces High', 'Already Dead', 'The Conspiracy of Fear', ""Liar's Edge"", 'Blackheart', 'Blizzard', 'The Dinosaur Hunter', 'Prototype', 'The First Circle', 'Dracula 2000', 'Lock Up Your Daughters', 'Nobody Runs Forever', 'The New World', 'Dreamscape', 'Cold Creek Manor', ""The Boss' Wife"", 'Wind Across the Everglades', 'Our Fathers', 'Inside Daisy Clover', 'The Return of the Pink Panther', 'When the Circus Came to Town', 'Shadow Dancing', 'Rock-a-Doodle', 'On Golden Pond', 'The Night of the Generals', 'Hanover Street', 'Gandahar', 'The Man Who Planted Trees', 'Secrets', 'Possessed', 'Priest', 'Syriana', 'The Scarlet and the Black', 'Must Love Dogs', '12 Monkeys', 'Waterloo', 'Where the Heart Is', 'Full Disclosure', 'Starcrash', 'The Boy in Blue', 'A Beautiful Mind', 'Inside Man', 'The Man Who Would Be King', 'Winchell', 'Beginners', 'Dragnet', 'Ordeal by Innocence', 'Impolite', 'Vampire in Venice', 'The Lake House', 'Night Flight', 'The Day That Shook the World', 'The Gospel of John', 'Heidi', 'Madeline: Lost in Paris', 'Oedipus the King', 'The Royal Hunt of the Sun', 'Woman Wanted', ""A Marriage: Georgia O'Keeffe and Alfred Stieglitz"", 'The Sound of Music', 'Four Minutes', 'Hidden Agenda', 'The Assignment', 'Highpoint', 'Souvenir', 'Harrison Bergeron', 'The Girl with the Dragon Tattoo', 'Five Good Years', 'The Silent Partner', 'Closing the Ring', 'International Velvet', 'Rumpelstiltskin', 'Silver Blaze', 'Emotional Arithmetic', 'Barrymore', 'Dark Descent of the Forgotten Empress', 'Kali the Little Vampire', 'Skeletons', ""The Gnomes' Great Adventure"", 'Imagine', 'The Legend of Sarila', 'The Tempest', 'Hector and the Search for Happiness', 'Caesar and Cleopatra', ""Muhammad Ali's Greatest Fight"", 'The Forger']",Tiered-Forest,"The Sound of Music, The Girl with the Dragon Tattoo, Beginners, Knives Out, All the Money in the World",True
WebQTest-797,webqsp,test,what is the zip code for newark california?,94560,['94560'],Tiered-Forest,94560,True
WebQTest-1252,webqsp,test,who plays eowyn in lord of the rings?,Miranda Otto,['Miranda Otto'],Tiered-Forest,Miranda Otto,True
WebQTest-184,webqsp,test,what state does romney live in?,Utah,['Massachusetts'],Tiered-Forest,Utah,False
WebQTest-2012,webqsp,test,what is london uk time zone?,"Greenwich Mean Time, British Summer Time",['Greenwich Mean Time Zone'],Tiered-Forest,"Greenwich Mean Time, British Summer Time",False
WebQTest-318,webqsp,test,what is the money of switzerland called?,Swiss franc,['Swiss franc'],Tiered-Forest,Swiss franc,True
WebQTest-1007,webqsp,test,what district does nancy pelosi represent?,California's 11th congressional district,"['California’s 5th congressional district', 'California’s 8th congressional district', 'California’s 12th congressional district']",Tiered-Forest,California's 11th congressional district,False
WebQTest-1911,webqsp,test,where did scott fitzgerald go to college?,Princeton University,['Princeton University'],Tiered-Forest,Princeton University,True
WebQTest-1121,webqsp,test,what is kentucky state slogan?,The Bluegrass State,"['United we stand, divided we fall']",Tiered-Forest,The Bluegrass State,False
WebQTest-224,webqsp,test,where did william morris go to college?,"Exeter College, Oxford","['University of Oxford', 'Exeter College, Oxford']",Tiered-Forest,"Exeter College, Oxford",True
WebQTest-617,webqsp,test,where did tim tebow grow up?,"Jacksonville, Florida",['Makati'],Tiered-Forest,"Jacksonville, Florida",False
WebQTest-1251,webqsp,test,which countries speak germanic languages?,"Germany, Austria, Switzerland, Belgium, Luxembourg, Liechtenstein, Netherlands, Denmark, Sweden, Norway, Iceland, United Kingdom, South Africa, Namibia","['Belgium', 'Germany', 'East Germany', 'Luxembourg', 'Liechtenstein', 'Switzerland', 'Austria']",Tiered-Forest,"Germany, Austria, Switzerland, Belgium, Luxembourg, Liechtenstein, Netherlands, Denmark, Sweden, Norway, Iceland, United Kingdom, South Africa, Namibia",True
WebQTest-124,webqsp,test,what language does egyptian people speak?,Arabic,['Modern Standard Arabic'],Tiered-Forest,Arabic,True
WebQTest-1230,webqsp,test,what to see in christchurch new zealand?,"Christchurch Botanic Gardens, Canterbury Museum, International Antarctic Centre, Christchurch Gondola, Quake City, Hagley Park, Christchurch Art Gallery, Willowbank Wildlife Reserve, New Brighton Pier, Riccarton House & Bush","['International Antarctic Centre', 'Ferrymead Heritage Park', 'Cathedral Square, Christchurch', 'Willowbank Wildlife Reserve, Christchurch', 'Christchurch Botanic Gardens', 'Christchurch Arts Centre', 'Air Force Museum of New Zealand', 'Canterbury Museum, Christchurch', 'TranzAlpine', 'Lyttelton Timeball Station']",Tiered-Forest,"Christchurch Botanic Gardens, Canterbury Museum, International Antarctic Centre, Christchurch Gondola, Quake City, Hagley Park, Christchurch Art Gallery, Willowbank Wildlife Reserve, New Brighton Pier, Riccarton House & Bush",True
WebQTest-204,webqsp,test,what is the capital of modern egypt?,Cairo,['Cairo'],Tiered-Forest,Cairo,True
WebQTest-1070,webqsp,test,what are the names of michael jackson's 3 children?,"Prince Michael Jackson I, Paris Jackson, Prince Michael Jackson II","['Paris-Michael Katherine Jackson', 'Michael Joseph Jackson, Jr.', 'Prince Michael Jackson II']",Tiered-Forest,"Prince Michael Jackson I, Paris Jackson, Prince Michael Jackson II",True
WebQTest-166,webqsp,test,what was dr seuss education?,"Dartmouth College, Lincoln College, Oxford","['Dartmouth College', 'University of Oxford', 'Lincoln College, Oxford']",Tiered-Forest,"Dartmouth College, Lincoln College, Oxford",True
WebQTest-1217,webqsp,test,what is monta ellis career high points?,48,['NBA Most Improved Player Award'],Tiered-Forest,48,False
WebQTest-717,webqsp,test,what timezone is tucson arizona in right now?,Mountain Standard Time,['Mountain Time Zone'],Tiered-Forest,Mountain Standard Time,False
WebQTest-575,webqsp,test,who is louisiana state senator?,"Sharon Hewitt, Cameron Henry, Katrina Jackson-Andrews, Jay Luneau, Mike Reese, Gregory Tarver, Glen Womack","['John Slidell', 'Mary Landrieu', 'Edward Livingston', 'Judah P. Benjamin', 'Russell B. Long', 'John Breaux', 'David Vitter', 'William C. C. Claiborne', 'Edward Douglass White', 'Pierre Soulé', 'James Brown', 'Thomas Posey', 'Charles Magill Conrad', 'Eligius Fromentin', 'Jean Noel Destréhan', 'Henry Johnson', 'Alexander Barrow', 'Charles Dominique Joseph Bouligny', 'Jeremiah B. Howell', 'George A. Waggaman', 'Robert C. Nicholas', 'Allan B. Magruder', 'Josiah S. Johnston', 'Alexander Porter', 'Alexandre Mouton', 'Huey Long']",Tiered-Forest,"Sharon Hewitt, Cameron Henry, Katrina Jackson-Andrews, Jay Luneau, Mike Reese, Gregory Tarver, Glen Womack",False
WebQTest-96,webqsp,test,where did richard nixon die?,New York City,['New York City'],Tiered-Forest,New York City,True
WebQTest-1357,webqsp,test,where is the fukushima daiichi nuclear power station?,"Fukushima Prefecture, Japan","['Japan', 'Okuma']",Tiered-Forest,"Fukushima Prefecture, Japan",True
WebQTest-968,webqsp,test,what do people speak in germany?,German,"['Bavarian Language', 'Frisian, Northern Language', 'German Language', 'Turoyo Language', 'Saxon, Upper Language', 'Low German']",Tiered-Forest,German,True
WebQTest-277,webqsp,test,who was esther's husband?,Ahasuerus,"['Xerxes I', 'Ahasuerus']",Tiered-Forest,Ahasuerus,True
WebQTest-1774,webqsp,test,who was judi dench married to?,Michael Williams,['Michael Williams'],Tiered-Forest,Michael Williams,True
WebQTest-306,webqsp,test,who is the head coach of inter milan?,Simone Inzaghi,['Walter Mazzarri'],Tiered-Forest,Simone Inzaghi,False
WebQTest-1429,webqsp,test,what currency is accepted in new zealand?,New Zealand dollar,['New Zealand dollar'],Tiered-Forest,New Zealand dollar,True
WebQTest-214,webqsp,test,which continents were part of the roman empire?,"Europe, Asia, Africa","['Europe', 'Middle East', 'North Africa']",Tiered-Forest,"Europe, Asia, Africa",True
WebQTest-1586,webqsp,test,who was queen isabella's mother?,Isabella of Portugal,"['Isabella of Portugal, Queen of Castile']",Tiered-Forest,Isabella of Portugal,True
WebQTest-213,webqsp,test,who did scarlett johansson date?,"Sean Penn, Jared Leto","['nm1157013', 'Josh Hartnett', 'Topher Grace', 'Jared Leto', 'Ryan Reynolds', 'Patrick Wilson', 'Justin Timberlake', 'Benicio del Toro', 'Romain Dauriac']",Tiered-Forest,"Sean Penn, Jared Leto",True
WebQTest-1085,webqsp,test,who was demi lovato dating?,Wilmer Valderrama,"['Nicholas Braun', 'Joe Jonas', 'Cody Linley', 'Wilmer Valderrama']",Tiered-Forest,Wilmer Valderrama,True
WebQTest-1304,webqsp,test,what was hitler the leader of?,"Nazi Party, Germany","['Hitler Youth', 'Gestapo', '1st SS Panzer Division Leibstandarte SS Adolf Hitler', 'Nazi Party', 'Schutzstaffel', 'Waffen-SS', 'Wehrmacht', 'Sturmabteilung']",Tiered-Forest,"Nazi Party, Germany",True
WebQTest-1610,webqsp,test,who was gerald ford vp?,Nelson Rockefeller,['Nelson Rockefeller'],Tiered-Forest,Nelson Rockefeller,True
WebQTest-440,webqsp,test,where is jason mraz from?,"Mechanicsville, Virginia","['California', 'Mechanicsville']",Tiered-Forest,"Mechanicsville, Virginia",True
WebQTest-108,webqsp,test,what was the book written by charles darwin?,On the Origin of Species,"[""Charles Darwin's zoology notes & specimen lists from H.M.S. Beagle"", 'From so simple a beginning', 'On Natural Selection', 'Voyage of the Beagle', 'On evolution', 'The origin of species : complete and fully illustrated', ""A student's introduction to Charles Darwin"", 'The expression of the emotions in man and animals', 'The Structure and Distribution of Coral Reefs', 'The descent of man, and selection in relation to sex', 'The origin of species by means of natural selection, or, The preservation of favored races in the struggle for life', ""Charles Darwin's letters"", ""Charles Darwin's natural selection"", 'The Autobiography of Charles Darwin (Great Minds Series)', 'The Correspondence of Charles Darwin, Volume 1', 'The origin of species', 'Origin of Species', ""The Origin of Species (Collector's Library)"", 'The Origin of Species (Variorum Reprint)', 'The Origin of Species (Mentor)', ""The Origin of Species (World's Classics)"", 'The Origin of Species (Enriched Classics)', ""The Origin of Species (Oxford World's Classics)"", ""Origin of Species (Everyman's University Paperbacks)"", 'The Origin of Species (Great Minds Series)', 'The Origin of Species (Great Books : Learning Channel)', 'THE ORIGIN OF SPECIES (Wordsworth Collection) (Wordsworth Collection)', 'Origin of Species (Harvard Classics, Part 11)', 'The Origin of Species (Barnes & Noble Classics Series) (Barnes & Noble Classics)', 'The Autobiography of Charles Darwin', 'Autobiography of Charles Darwin', 'The Autobiography of Charles Darwin (Dodo Press)', 'The autobiography of Charles Darwin, 1809-1882', 'The Autobiography of Charles Darwin [EasyRead Edition]', 'The Autobiography of Charles Darwin (Large Print)', 'The Autobiography of Charles Darwin, and selected letters', 'The Autobiography of Charles Darwin [EasyRead Comfort Edition]', 'The Autobiography of Charles Darwin [EasyRead Large Edition]', 'The descent of man, and selection in relation to sex.', 'The descent of man and selection in relation to sex.', 'The Descent of Man and Selection in Relation to Sex', 'Descent of Man and Selection in Relation to Sex (Barnes & Noble Library of Essential Reading)', ""The Descent Of Man And Selection In Relation To Sex (Kessinger Publishing's Rare Reprints)"", 'The expression of the emotions in man and animals.', 'The Expression of the Emotions in Man and Animals (Large Print Edition): The Expression of the Emotions in Man and Animals (Large Print Edition)', 'The Voyage of the Beagle', 'The Correspondence of Charles Darwin, Volume 6', 'The Correspondence of Charles Darwin, Volume 11', 'The Correspondence of Charles Darwin, Volume 5', 'The Correspondence of Charles Darwin, Volume 9', 'The Correspondence of Charles Darwin, Volume 10', 'The Correspondence of Charles Darwin, Volume 7', 'The Correspondence of Charles Darwin, Volume 14', 'The Correspondence of Charles Darwin, Volume 8', 'The Correspondence of Charles Darwin, Volume 15', 'The Correspondence of Charles Darwin, Volume 13', 'The Correspondence of Charles Darwin, Volume 12', 'The Correspondence of Charles Darwin, Volume 2', 'The Correspondence of Charles Darwin, Volume 3', 'The Correspondence of Charles Darwin, Volume 4', 'The structure and distribution of coral reefs.', 'The voyage of the Beagle.', 'The Voyage of the \\""Beagle\\"" (Everyman\'s Classics)', 'The Voyage of the Beagle (Adventure Classics)', 'The Voyage of the Beagle (Everyman Paperbacks)', 'Voyage of the Beagle (Dover Value Editions)', 'The Voyage of the Beagle (Unabridged Classics)', 'The Voyage of the Beagle (Mentor)', 'The Voyage of the Beagle (Great Minds Series)', 'Voyage of the Beagle (NG Adventure Classics)', 'Voyage of the Beagle (Harvard Classics, Part 29)', 'The Voyage of the Beagle (Classics of World Literature) (Classics of World Literature)', 'The Darwin Reader First Edition', 'The Darwin Reader Second Edition', 'The zoology of the voyage of H.M.S. Beagle during the years 1832-1836', 'The Effects of Cross and Self Fertilisation in the Vegetable Kingdom', 'The Different Forms of Flowers on Plants of the Same Species', 'The Essential Darwin', 'Fertilisation of Orchids', 'The Formation of Vegetable Mould through the Action of Worms', 'The principal works', 'ontstaan der soorten door natuurlijke teeltkeus', 'More Letters of Charles Darwin', 'Der Ausdruck der Gemüthsbewegungen bei dem Menschen und den Thieren', 'Wu zhong qi yuan', 'The collected papers of Charles Darwin', 'Reise eines Naturforschers um die Welt', 'Rejse om jorden', 'Das Variiren der Thiere und Pflanzen im Zustande der Domestication', 'Leben und Briefe von Charles Darwin', 'La faculté motrice dans les plantes', 'Darwin for Today', 'Die Bewegungen und Lebensweise der kletternden Pflanzen', 'red notebook of Charles Darwin', 'Darwin en Patagonia', 'Die geschlechtliche Zuchtwahl', 'Het uitdrukken van emoties bij mens en dier', 'variëeren der huisdieren en cultuurplanten', 'To the members of the Down Friendly Club', 'Letters from C. Darwin, Esq., to A. Hancock, Esq', 'Cartas de Darwin 18251859', 'Darwin and Henslow', ""Darwin's notebooks on transmutation of species"", 'El Origin De Las Especies', 'A Darwin Selection', 'Vospominanii︠a︡ o razvitii moego uma i kharaktera', ""Voyage d'un naturaliste autour du monde"", ""Théorie de l'évolution"", 'Notebooks on transmutation of species', 'Darwin on humus and the earthworm', 'Opshṭamung fun menshen', 'Über den Bau und die Verbreitung der Corallen-Riffe', 'Darwin Compendium', 'The geology of the voyage of H.M.S. Beagle', 'Gesammelte kleinere Schriften', 'The portable Darwin', 'H.M.S. Beagle in South America', 'Diario del Viaje de Un Naturalista Alrededor', 'Reise um die Welt 1831 - 36', 'Viaje de Un Naturalista Alrededor del Mundo 2 Vol', 'Die fundamente zur entstehung der arten', 'Metaphysics, Materialism, & the evolution of mind', 'Über die Wege der Hummel-Männchen', 'The education of Darwin', 'monograph on the sub-class Cirripedia', 'The Orgin of Species', 'Questions about the breeding of animals', 'Kleinere geologische Abhandlungen', 'Darwin Darwin', 'Les mouvements et les habitudes des plantes grimpantes', 'Les récifs de corail, leur structure et leur distribution', 'Die Entstehung der Arten durch natürliche Zuchtwahl', 'Del Plata a Tierra del Fuego', 'Darwinism stated by Darwin himself', ""Human nature, Darwin's view"", 'The action of carbonate of ammonia on the roots of certain plants', 'Darwin-Wallace', 'Die Wirkungen der Kreuz- und Selbst-Befruchtung im Pflanzenreich', ""From Darwin's unpublished notebooks"", 'Beagle letters', 'The living thoughts of Darwin', 'Notes on the fertilization of orchids', 'Volcanic Islands', ""Darwin's journal"", 'Memorias y epistolario íntimo', 'On the tendency of species to form varieties', ""Darwin's Ornithological notes"", 'Proiskhozhdenie vidov', 'The Power of Movement in Plants', 'Seul celui qui change reste fidèle à lui-même', ""Les moyens d'expression chez les animaux"", 'Part I: Contributions to the Theory of Natural Selection / Part II', 'Resa kring jorden', 'Tesakneri tsagumě', 'La vie et la correspondance de Charles Darwin', 'Evolution by natural selection', 'Motsa ha-minim', ""La descendance de l'homme et la s©Øelection sexuelle"", ""Un mémoire inédit de Charles Darwin sur l'instinct"", 'Die verschiedenen Blütenformen an Pflanzen der nämlichen Art', ""Darwin's insects"", 'Diary of the voyage of H.M.S. Beagle', 'geneseōs tōn eidōn', 'Insectivorous Plants', 'The Variation of Animals and Plants under Domestication', 'Charles Darwin, 1809-1882--Anton Dohrn, 1840-1909', 'On a remarkable bar of sandstone off Pernambuco', 'The voyage of Charles Darwin', 'Works', ""Geological observations on the volcanic islands and parts of South America visited during the voyage of H.M.S. 'Beagle"", ""Journal of researches into the natural history and geology of the countries visited during the voyage round the world of the H. M. S. 'Beagle' under the command of Captain Fitz Roy, R. N"", 'Charles Darwin', 'Charles Darwin on the routes of male humble bees', ""Charles Darwin's marginalia"", 'Darwin', 'Evolution', 'Evolution and natural selection', 'The foundations of the Origin of species', 'Monographs of the fossil Lepadidae and the fossil Balanidae', 'On the origin of species by means of natural selection', 'Origins', 'The Life of Erasmus Darwin', 'The Correspondence of Charles Darwin, Volume 1: 1821-1836', 'The Correspondence of Charles Darwin, Volume 2: 1837-1843', 'The Correspondence of Charles Darwin, Volume 3: 1844-1846', 'The Correspondence of Charles Darwin, Volume 8: 1860', 'The Correspondence of Charles Darwin, Volume 4: 1847-1850', 'The Correspondence of Charles Darwin, Volume 5: 1851-1855', 'The Correspondence of Charles Darwin, Volume 6: 1856-1857', 'The Correspondence of Charles Darwin, Volume 7: 1858-1859', 'The Correspondence of Charles Darwin, Volume 9: 1861', 'The Correspondence of Charles Darwin, Volume 10: 1862', 'The Correspondence of Charles Darwin, Volume 11: 1863', 'The Correspondence of Charles Darwin, Volume 12: 1864', 'The Correspondence of Charles Darwin, Volume 13: 1865', 'The Correspondence of Charles Darwin, Volume 14: 1866', 'The Correspondence of Charles Darwin, Volume 15: 1867', 'The Correspondence of Charles Darwin, Volume 18: 1870', 'The Correspondence of Charles Darwin, Volume 17: 1869', 'The Correspondence of Charles Darwin, Volume 16: 1868', 'On the Movements and Habits of Climbing Plants', 'Geological Observations on South America']",Tiered-Forest,On the Origin of Species,True
WebQTest-1434,webqsp,test,who is in the american league in baseball?,"Baltimore Orioles, Boston Red Sox, New York Yankees, Tampa Bay Rays, Toronto Blue Jays, Chicago White Sox, Cleveland Guardians, Detroit Tigers, Kansas City Royals, Minnesota Twins, Houston Astros, Los Angeles Angels, Oakland Athletics, Seattle Mariners, Texas Rangers","['Boston Red Sox', 'Baltimore Orioles', 'Chicago White Sox', 'Cleveland Indians', 'Detroit Tigers', 'Houston Astros', 'Kansas City Royals', 'Los Angeles Angels of Anaheim', 'Minnesota Twins', 'Washington Senators', 'Oakland Athletics', 'Philadelphia Athletics', 'Tampa Bay Devil Rays', 'Seattle Mariners', 'Toronto Blue Jays', 'Tampa Bay Rays', 'Texas Rangers', 'New York Yankees', 'Seattle Pilots', 'St. Louis Browns', 'Milwaukee Brewers', 'New York Highlanders', 'Chicago White Stockings', 'Cleveland Naps', 'Kansas City Athletics', 'California Angels', 'Anaheim Angels']",Tiered-Forest,"Baltimore Orioles, Boston Red Sox, New York Yankees, Tampa Bay Rays, Toronto Blue Jays, Chicago White Sox, Cleveland Guardians, Detroit Tigers, Kansas City Royals, Minnesota Twins, Houston Astros, Los Angeles Angels, Oakland Athletics, Seattle Mariners, Texas Rangers",True
WebQTest-1875,webqsp,test,what type of political system is brazil?,federal presidential constitutional republic,"['Presidential system', 'Constitutional republic', 'Federal republic']",Tiered-Forest,federal presidential constitutional republic,True
WebQTest-1670,webqsp,test,who is tatyana ali parents?,"Sherri Ali, Sheriff Ali","['Sheriff Ali', 'Sonia Ali']",Tiered-Forest,"Sherri Ali, Sheriff Ali",True
WebQTest-1853,webqsp,test,what made richard hammond famous?,Top Gear,"['Presenter', 'Stunt Performer', 'Television producer', 'Radio personality', 'Writer', 'Journalist', 'Screenwriter', 'Author', 'Voice Actor']",Tiered-Forest,Top Gear,False
WebQTest-667,webqsp,test,what is the capital of republic of ireland?,Dublin,['Dublin'],Tiered-Forest,Dublin,True
WebQTest-1181,webqsp,test,what is the current time in kauai hawaii?,Hawaii-Aleutian Standard Time (HAST),['Hawaii-Aleutian Time Zone'],Tiered-Forest,Hawaii-Aleutian Standard Time (HAST),False
WebQTest-397,webqsp,test,what are the school colors for harvard university?,Crimson,['Crimson'],Tiered-Forest,Crimson,True
WebQTest-60,webqsp,test,where did eleanor roosevelt die?,New York City,['Manhattan'],Tiered-Forest,New York City,False
WebQTest-284,webqsp,test,where did the latin language originate from?,Latium,"['Italic languages', 'Indo-European languages']",Tiered-Forest,Latium,False
WebQTest-481,webqsp,test,what kind of money do they use in germany?,Euro,['Euro'],Tiered-Forest,Euro,True
WebQTest-1972,webqsp,test,where did john franklin live?,Tasmania,['Blue Island'],Tiered-Forest,Tasmania,False
WebQTest-1350,webqsp,test,what did jesse owens won?,four gold medals,['Associated Press Male Athlete of the Year'],Tiered-Forest,four gold medals,False
WebQTest-1656,webqsp,test,what are some of leonardo da vinci most famous inventions?,"parachute, helicopter, tank, flying machine","['Anemometer', 'Diving suit', 'Ornithopter', 'Viola organista', 'Double hull', 'Parachute', 'Triple Barrel Canon', '33-Barreled Organ', 'Aerial Screw', 'Armored car']",Tiered-Forest,"parachute, helicopter, tank, flying machine",True
WebQTest-1771,webqsp,test,what is the islamic belief?,"Islam, monotheism, submission to God (Allah)","['Mahdi', 'Tawhid', 'Prophets in Islam', 'Predestination in Islam', 'Entering Heaven alive', 'Monotheism', 'Islamic view of angels', 'Qiyamah', 'Sharia', 'Masih ad-Dajjal', 'Islamic holy books', 'God in Islam', 'Ṭūbā']",Tiered-Forest,"Islam, monotheism, submission to God (Allah)",True
WebQTest-1569,webqsp,test,what jamaican money called?,Jamaican dollar,['Jamaican dollar'],Tiered-Forest,Jamaican dollar,True
WebQTest-1132,webqsp,test,what did coretta scott king died from?,respiratory failure,['Respiratory failure'],Tiered-Forest,respiratory failure,True
WebQTest-823,webqsp,test,what does bolivia border?,"Argentina, Brazil, Chile, Paraguay, Peru","['Brazil', 'Peru', 'Chile', 'Paraguay', 'Argentina']",Tiered-Forest,"Argentina, Brazil, Chile, Paraguay, Peru",True
WebQTest-1282,webqsp,test,under what political system does the united states government operate?,federal republic,"['Presidential system', 'Constitutional republic', 'Federal republic']",Tiered-Forest,federal republic,True
WebQTest-564,webqsp,test,what is arkansas state capitol?,Little Rock,['Little Rock'],Tiered-Forest,Little Rock,True
WebQTest-534,webqsp,test,what is the milwaukee brewers mascot?,Bernie Brewer,"['Hank', 'Bernie Brewer', 'Bonnie Brewer']",Tiered-Forest,Bernie Brewer,True
WebQTest-873,webqsp,test,where does toronto get its water from?,Lake Ontario,['Ashbridges Bay Wastewater Treatment Plant'],Tiered-Forest,Lake Ontario,False
WebQTest-918,webqsp,test,who is the king of cambodia now?,Norodom Sihamoni,['Norodom Sihamoni'],Tiered-Forest,Norodom Sihamoni,True
WebQTest-531,webqsp,test,what style of music does michael jackson perform?,"pop, soul, funk, disco","['New jack swing', 'Contemporary R&B', 'Disco', 'Motown Sound', 'Electronic music', 'Dance-pop', 'Adult contemporary music', 'Funk', 'Post-disco', 'Pop rock', 'Pop music', 'Rock music', 'Rhythm and blues', 'Dance music', 'Soul music']",Tiered-Forest,"pop, soul, funk, disco",True
WebQTest-1323,webqsp,test,what to visit in atlanta?,"Georgia Aquarium, World of Coca-Cola, Centennial Olympic Park, Martin Luther King Jr. National Historical Park, Atlanta Botanical Garden","['Atlanta Symphony Orchestra', 'Turner Field', 'Cobb Energy Performing Arts Centre', 'Four Seasons Hotel Atlanta', 'Underground Atlanta', 'Atlanta Marriott Marquis', 'Georgia World Congress Center', 'The Tabernacle', 'Peachtree Road Race', 'Georgia Aquarium', 'Georgia Dome', 'Philips Arena', 'Omni Coliseum', 'Hyatt Regency Atlanta', 'Centennial Olympic Park', 'Zoo Atlanta', 'Six Flags Over Georgia', 'Six Flags White Water', 'Atlanta Cyclorama & Civil War Museum', 'Georgia State Capitol', 'World of Coca-Cola', 'CNN Center', 'Fernbank Science Center', 'Fernbank Museum of Natural History', 'Fox Theatre', 'Woodruff Arts Center', 'Margaret Mitchell House & Museum', 'Martin Luther King, Jr. National Historic Site', 'Atlanta History Center', 'Variety Playhouse', 'Jimmy Carter Library and Museum', 'Masquerade', 'Arbor Place Mall', 'Atlanta Ballet', 'Center for Puppetry Arts', 'Atlanta Jewish Film Festival']",Tiered-Forest,"Georgia Aquarium, World of Coca-Cola, Centennial Olympic Park, Martin Luther King Jr. National Historical Park, Atlanta Botanical Garden",True
WebQTest-1623,webqsp,test,what is the most common language spoken in argentina?,Spanish,['Spanish Language'],Tiered-Forest,Spanish,True
WebQTest-1088,webqsp,test,who originally voiced meg on family guy?,Lacey Chabert,['Lacey Chabert'],Tiered-Forest,Lacey Chabert,True
WebQTest-401,webqsp,test,who plays edward scissorhands?,Johnny Depp,['Johnny Depp'],Tiered-Forest,Johnny Depp,True
WebQTest-304,webqsp,test,what is jamie oliver children names?,"Poppy Honey Rosie Oliver, Daisy Boo Pamela Oliver, Petal Blossom Rainbow Oliver, Buddy Bear Maurice Oliver, River Rocket Blue Dallas Oliver","['Petal Blossom Rainbow Oliver', 'Daisy Boo Pamela Oliver', 'Poppy Honey Rosie Oliver', 'Buddy Bear Maurice Oliver']",Tiered-Forest,"Poppy Honey Rosie Oliver, Daisy Boo Pamela Oliver, Petal Blossom Rainbow Oliver, Buddy Bear Maurice Oliver, River Rocket Blue Dallas Oliver",True
WebQTest-276,webqsp,test,where was mission san rafael located?,"San Rafael, California","['94901', 'Marin County']",Tiered-Forest,"San Rafael, California",False
WebQTest-1239,webqsp,test,what is the zip code for concord?,"03301, 03302, 03303, 03305","['94520', '94521', '94519', '94518', '94529', '94527', '94524', '94522']",Tiered-Forest,"03301, 03302, 03303, 03305",False
WebQTest-1495,webqsp,test,where does airtran airways fly?,"Atlanta, Baltimore, Orlando","['Logan International Airport', 'LaGuardia Airport', 'Philadelphia International Airport', 'Denver International Airport', 'Raleigh–Durham International Airport', 'Baltimore–Washington International Airport']",Tiered-Forest,"Atlanta, Baltimore, Orlando",False
WebQTest-1080,webqsp,test,where did abraham and his descendants live?,Canaan,"['Mesopotamia', 'Canaan']",Tiered-Forest,Canaan,True
WebQTest-655,webqsp,test,what is the zip code for wyoming michigan?,"49509, 49519, 49418","['49509', '49519']",Tiered-Forest,"49509, 49519, 49418",True
WebQTest-344,webqsp,test,what county is west st paul in?,Dakota County,['Dakota County'],Tiered-Forest,Dakota County,True
WebQTest-1502,webqsp,test,what city and state is yale located in?,"New Haven, Connecticut",['New Haven'],Tiered-Forest,"New Haven, Connecticut",True
WebQTest-686,webqsp,test,when the atlanta braves won the world series?,1995,['1995 World Series'],Tiered-Forest,1995,True
WebQTest-380,webqsp,test,where is mount st helens volcano?,Washington,"['North America', 'Washington', 'United States of America', 'Cascade Range', 'Skamania County']",Tiered-Forest,Washington,True
WebQTest-1201,webqsp,test,who played carlton lassiter on psych?,Timothy Omundson,['Timothy Omundson'],Tiered-Forest,Timothy Omundson,True
WebQTest-589,webqsp,test,what russian language called?,Russian,['Russian Language'],Tiered-Forest,Russian,True
WebQTest-885,webqsp,test,who is sir james dyson?,James Dyson,"['Designer', 'Industrial designer', 'Inventor', 'Engineer']",Tiered-Forest,James Dyson,False
WebQTest-13,webqsp,test,who was vice president after kennedy died?,Lyndon B. Johnson,['Lyndon B. Johnson'],Tiered-Forest,Lyndon B. Johnson,True
WebQTest-1091,webqsp,test,what type of religions are in the united states?,"Christianity, Judaism, Buddhism, Islam, Hinduism","['Christianity', 'Judaism', 'Hinduism', 'Unitarian Universalism', 'Buddhism', 'Islam', 'Atheism']",Tiered-Forest,"Christianity, Judaism, Buddhism, Islam, Hinduism",True
WebQTest-239,webqsp,test,where do american bulldogs originate from?,United States,['United States of America'],Tiered-Forest,United States,True
WebQTest-1200,webqsp,test,where did the mississippi river end?,Gulf of Mexico,['Gulf of Mexico'],Tiered-Forest,Gulf of Mexico,True
WebQTest-1163,webqsp,test,what rainforest is in south america?,Amazon Rainforest,['Amazon rainforest'],Tiered-Forest,Amazon Rainforest,True
WebQTest-1194,webqsp,test,what club does cristiano ronaldo play for in 2010?,Real Madrid,"['Portugal national football team', 'Real Madrid C.F.']",Tiered-Forest,Real Madrid,True
WebQTest-908,webqsp,test,what awards gary paulsen won?,Margaret Edwards Award,"['John Newbery Medal', ""Dorothy Canfield Fisher Children's Book Award"", 'Margaret Edwards Award', 'Spur Award for Best Juvenile Fiction', 'Spur Award for Best Juvenile Nonfiction', ""Anne V. Zarrow Award for Young Readers' Literature"", 'Regina Medal']",Tiered-Forest,Margaret Edwards Award,True
WebQTest-1127,webqsp,test,which country in north america is divided into provinces?,Canada,['Canada'],Tiered-Forest,Canada,True
WebQTest-680,webqsp,test,what team did aguero play for?,Manchester City,"['Manchester City F.C.', 'Argentina national football team', 'Club Atlético Independiente', 'Atlético Madrid']",Tiered-Forest,Manchester City,True
WebQTest-1336,webqsp,test,what is utah's state capitol?,Salt Lake City,['Salt Lake City'],Tiered-Forest,Salt Lake City,True
WebQTest-157,webqsp,test,where is mission san buenaventura located?,"Ventura, California","['93001', 'Ventura County']",Tiered-Forest,"Ventura, California",False
WebQTest-1062,webqsp,test,what is the name of the currency used in italy?,Euro,['Euro'],Tiered-Forest,Euro,True
WebQTest-525,webqsp,test,who are the senators of virginia 2013?,"Mark Warner, Tim Kaine","['Mark Warner', 'Tim Kaine', 'Jim Webb']",Tiered-Forest,"Mark Warner, Tim Kaine",True
WebQTest-145,webqsp,test,what college did albert einstein go to?,ETH Zurich,"['ETH Zurich', 'University of Zurich']",Tiered-Forest,ETH Zurich,True
WebQTest-778,webqsp,test,what was jesse owens education?,Ohio State University,"['Ohio State University', 'East Technical High School']",Tiered-Forest,Ohio State University,True
WebQTest-1178,webqsp,test,where is tupac from originally?,New York City,['East Harlem'],Tiered-Forest,New York City,False
WebQTest-791,webqsp,test,what other books did louis sachar write?,"Small Steps, Stanley Yelnats' Survival Guide to Camp Green Lake","['Small Steps', 'Someday Angeline', 'Sixth Grade Secrets', 'Holes', ""Johnny's in the basement"", 'Marvin Redpost', 'Wayside School gets a little stranger', 'Class President (A Stepping Stone Book(TM))', 'A magic crystal?', 'Der Fluch des David Ballinger. ( Ab 11 J.).', 'Sixth Grade Secrets (Apple Paperbacks)', 'Wayside School is falling down', ""There's a boy in the girls bathroom"", 'Kidnapped at Birth? (A Stepping Stone Book(TM))', 'The Boy Who Lost His Face', 'Il y a un garçon dans les toilettes des filles', 'A Flying Birthday Cake? (A Stepping Stone Book(TM))', 'Why Pick on Me? (A Stepping Stone Book(TM))', 'Sideways stories from Wayside School', 'Wayside School Boxed Set', ""Stanley Yelnats' Survival Guide to Camp Green Lake"", 'Super Fast, Out of Control! (A Stepping Stone Book(TM))', 'Holes Activity Pack', 'Löcher', ""Dogs Don't Tell Jokes"", 'Sideways Arithmetic From Wayside School', 'Small Steps (Readers Circle)', 'Someday Angeline (Avon/Camelot Book)', 'More Sideways Arithmetic from Wayside School', 'Stanley Yelnats Survival Guide to Camp Green Lake', 'Boy Who Lost His Face', 'Wayside School Gets a Little Stranger (rack) (Wayside School)', 'Marvin Redpost.', 'Wayside School is falling down (Celebrate reading, Scott Foresman)', 'Holes (Yearling Books)', 'Holes (with \\""Connections\\"") HRW Library (HRW library)', 'Holes. (Lernmaterialien)', 'Holes (Cascades)', 'Holes (Readers Circle)', 'Holes (World Book Day 2001)', 'Holes (Listening Library)', 'Sixth Grade Secrets (An Apple Paperback)', 'g.1218f5g0', 'Kidnapped at Birth?', 'A Flying Birthday Cake?', 'Class President', 'Why Pick on Me?', 'Wayside School Collection', 'Super Fast, Out of Control!', ""Alone in His Teacher's House"", 'Pequenos Pasos/ Small Steps', 'Louis Sacher Collection', 'Hoyos/Holes', 'Hay Un Chico En El Bano De Las Chicas', 'Monkey soup', ""There's a Boy in the Girls' Bathroom"", 'The Cardturner']",Tiered-Forest,"Small Steps, Stanley Yelnats' Survival Guide to Camp Green Lake",True
WebQTest-820,webqsp,test,what are the names of harry potter movies in order?,"Harry Potter and the Philosopher's Stone, Harry Potter and the Chamber of Secrets, Harry Potter and the Prisoner of Azkaban, Harry Potter and the Goblet of Fire, Harry Potter and the Order of the Phoenix, Harry Potter and the Half-Blood Prince, Harry Potter and the Deathly Hallows –","['Harry Potter and the Deathly Hallows - Part I', ""Harry Potter and the Philosopher's Stone"", 'Harry Potter and the Chamber of Secrets', 'Harry Potter and the Prisoner of Azkaban', 'Harry Potter and the Goblet of Fire', 'Harry Potter and the Order of the Phoenix', 'Harry Potter and the Half-Blood Prince', 'Harry Potter and the Deathly Hallows – Part 2']",Tiered-Forest,"Harry Potter and the Philosopher's Stone, Harry Potter and the Chamber of Secrets, Harry Potter and the Prisoner of Azkaban, Harry Potter and the Goblet of Fire, Harry Potter and the Order of the Phoenix, Harry Potter and the Half-Blood Prince, Harry Potter and the Deathly Hallows –",True
WebQTest-41,webqsp,test,where is the galapagos islands located on a world map?,Pacific Ocean,"['Ecuador', 'Galápagos Province', 'Pacific Ocean']",Tiered-Forest,Pacific Ocean,True
WebQTest-775,webqsp,test,what to do this weekend in manchester with kids?,"Museum of Science and Industry, Heaton Park, SEA LIFE Manchester, Chill Factore","['Imperial War Museum North', 'Urbis', 'Old Trafford', 'Whitworth Art Gallery', 'Manchester Art Gallery', 'Manchester Museum', 'Manchester Jewish Museum', 'Great Manchester Run', 'Chinatown, Manchester', 'Manchester Cathedral', 'The Moon Under Water, Manchester', 'Wheel of Manchester', 'Albert Hall, Manchester']",Tiered-Forest,"Museum of Science and Industry, Heaton Park, SEA LIFE Manchester, Chill Factore",False
WebQTest-2017,webqsp,test,what party was abe lincoln part of?,Republican Party,"['Republican Party', 'Whig Party', 'National Union Party', 'Illinois Republican Party']",Tiered-Forest,Republican Party,True
WebQTest-1426,webqsp,test,where is ibrahim afellay from?,Netherlands,['Utrecht'],Tiered-Forest,Netherlands,False
WebQTest-220,webqsp,test,what language turkey people speak?,Turkish,"['Turkish Language', 'Zaza language', 'Ladino Language', 'Kurdish languages', 'Arabic Language']",Tiered-Forest,Turkish,True
WebQTest-859,webqsp,test,what are the predominant religions in russia?,"Russian Orthodox Christianity, Islam, Buddhism, Judaism","['Russian Orthodox Church', 'Islam']",Tiered-Forest,"Russian Orthodox Christianity, Islam, Buddhism, Judaism",True
WebQTest-996,webqsp,test,where do ireland play rugby union?,Aviva Stadium,['Aviva Stadium'],Tiered-Forest,Aviva Stadium,True
WebQTest-821,webqsp,test,what did pamela courson die from?,heroin overdose,"['Drug overdose', 'Heroin overdose']",Tiered-Forest,heroin overdose,True
WebQTest-371,webqsp,test,what are the major languages spoken in greece?,"Greek, English, French",['Greek Language'],Tiered-Forest,"Greek, English, French",False
WebQTest-830,webqsp,test,where is taylor swift from?,"Reading, Pennsylvania",['Reading'],Tiered-Forest,"Reading, Pennsylvania",True
WebQTest-684,webqsp,test,what sort of government does nigeria have?,federal presidential republic,"['Presidential system', 'Federal republic']",Tiered-Forest,federal presidential republic,False
WebQTest-1378,webqsp,test,who does kellan lutz play in prom night?,Rick Leland,['Rick Leland'],Tiered-Forest,Rick Leland,True
WebQTest-1866,webqsp,test,what is the state name of new york city?,New York,['New York'],Tiered-Forest,New York,True
WebQTest-759,webqsp,test,who brad pitt has dated?,"Jennifer Aniston, Angelina Jolie, Gwyneth Paltrow, Juliette Lewis","['Thandie Newton', 'Juliette Lewis', 'Sinitta', 'Shalane McCall', 'Robin Givens']",Tiered-Forest,"Jennifer Aniston, Angelina Jolie, Gwyneth Paltrow, Juliette Lewis",True
WebQTest-1806,webqsp,test,what position did lebron james play?,"small forward, point guard, shooting guard, power forward","['Power forward', 'Small forward', 'Point forward', 'Shooting guard', 'Forward']",Tiered-Forest,"small forward, point guard, shooting guard, power forward",True
WebQTest-608,webqsp,test,when did liverpool fc last win the champions league?,2019,['2012 Football League Cup Final'],Tiered-Forest,2019,False
WebQTest-960,webqsp,test,who plays dwight in the office?,Rainn Wilson,['Rainn Wilson'],Tiered-Forest,Rainn Wilson,True
WebQTest-696,webqsp,test,when did juventus win the champions league?,"1996, 1985, 1977",['1996 UEFA Champions League Final'],Tiered-Forest,"1996, 1985, 1977",False
WebQTest-133,webqsp,test,where did dolly parton grow up?,"Sevierville, Tennessee",['Sevierville'],Tiered-Forest,"Sevierville, Tennessee",True
WebQTest-752,webqsp,test,what drink did john pemberton create?,Coca-Cola,['Coca-Cola'],Tiered-Forest,Coca-Cola,True
WebQTest-1010,webqsp,test,what did bruce jenner win gold medal for?,decathlon,"[""Athletics at the 1976 Summer Olympics - Men's Decathlon""]",Tiered-Forest,decathlon,True
WebQTest-2022,webqsp,test,where is dwayne johnson ethnicity?,"Samoan, African-American","['Samoan American', 'African American']",Tiered-Forest,"Samoan, African-American",False
WebQTest-249,webqsp,test,what was the cause of death for bruce lee?,cerebral edema,['Cerebral edema'],Tiered-Forest,cerebral edema,True
WebQTest-768,webqsp,test,who owns volkswagen car company?,Volkswagen Group,['Volkswagen Group'],Tiered-Forest,Volkswagen Group,True
WebQTest-648,webqsp,test,who did kimberly williams marry?,Charles P. R. B. Pallavicini,['Brad Paisley'],Tiered-Forest,Charles P. R. B. Pallavicini,False
WebQTest-519,webqsp,test,what timezone is nashville tn?,Central Time Zone,['Central Time Zone'],Tiered-Forest,Central Time Zone,True
WebQTest-1009,webqsp,test,where did george herbert walker bush go to college?,Yale University,['University Yale'],Tiered-Forest,Yale University,False
WebQTest-427,webqsp,test,what is the zip code for midland tx?,"79701, 79702, 79703, 79705, 79706, 79707, 79708, 79710, 79711, 79712","['79702', '79705', '79701', '79707', '79703', '79706', '79711', '79712', '79710', '79708', '79704']",Tiered-Forest,"79701, 79702, 79703, 79705, 79706, 79707, 79708, 79710, 79711, 79712",True
WebQTest-958,webqsp,test,what are some famous people from el salvador?,"Óscar Romero, Mauricio Funes, Nayib Bukele","['g.11b8058v7j', 'William Armando', 'Victor Lopez', 'Johnny Lopez', 'Francisco Funes', 'Damaris Quéles', 'Francisca González', 'Ricardo López Tenorio', 'Xenia Estrada', 'Mauricio Alvarenga', 'Milton Palacios', 'Alexander Campos', 'Jose Orlando Martinez', 'Mauricio Alonso Rodríguez', 'Miguel Cañizalez', 'Francisco Gavidia', 'Pedro Geoffroy Rivas', 'Camilo Minero', 'Ana Sol Gutierrez', 'Joel Aguilar', 'Wilfredo Iraheta', 'Mauricio Alfaro', 'José Luis Rugamas', 'Eduardo Hernández', 'Roberto Carlos Martinez', 'José Manfredi Portillo', 'Melvin Barrera', 'Pedro Chavarria', 'José María Cañas', 'Ruben Cedillos', 'Keoki', 'DJ Quest', 'Prudencia Ayala', 'Andrés Eduardo Menéndez', 'William Renderos Iraheta', 'Laura Molina', 'Félix Pineda', 'José Castellanos Contreras', 'Jose Solis', 'Edwin Ramos', 'Roberto Rivas', 'Alfredo Ruano', 'Rafael Menjívar Ochoa', 'Papa A.P.', 'Elmer Acevedo', 'Armando Chacón', 'Saturnino Osorio', 'Ernesto Aparicio', 'Arturo Armando Molina', 'Diego Velázquez', 'Miguel Cruz', 'Juan Rafael Bustillo', 'Sarah Ramos', 'Juan Ramón Sánchez', 'Jorge Búcaro', 'Tomás Medina', 'Doroteo Vasconcelos', 'Rafael Campo', 'Francisco Dueñas', 'Gerardo Barrios', 'Francisco Menéndez', 'Pedro José Escalón', 'Manuel Enrique Araujo', 'Jorge Meléndez', 'Salvador Castaneda Castro', 'Julio Adalberto Rivera Carballo', 'Consuelo de Saint Exupéry', 'Rubén Zamora', 'Rutilio Grande', 'Víctor Ramírez', 'Nicolas F. Shi', 'Eva Dimas', 'Fausto Omar Vásquez', 'Steve Montenegro', 'Carlos Linares', 'Miguel Angel Deras', 'Gualberto Fernández', 'Paula Heredia', 'Jorge Rivera', 'Erwin McManus', 'Claudia Lars', 'Victor Manuel Ochoa', 'Raúl Cicero', 'Carlos Barrios', 'José Inocencio Alas', 'Elena Diaz', 'Patricia Chica', 'Bernard Lewinsky', 'Jaime Portillo', 'Genaro Sermeño', 'Ana Maria de Martinez', 'Eduardo \\""Volkswagen\\"" Hernández', 'Arturo Rivera y Damas', 'Enrique Álvarez Córdova', 'Mario Montoya', 'José Francisco Valiente', 'Norman Quijano', 'Rene Moran', 'Jose B. Gonzalez', 'Richard Oriani', 'Alexander Méndoza', 'Ángel Orellana', 'Emilio Guardado', 'Américo González', 'Bobby Rivas', 'Óscar Antonio Ulloa', 'Guillermo García', 'Selvin González', 'William López', 'Marlon Menjívar', 'Isaías Choto', 'Takeshi Fujiwara', 'Mario Wilfredo Contreras', 'Malin Arvidsson', 'Robert Renderos', 'Santiago \\""Jimmy\\"" Mellado']",Tiered-Forest,"Óscar Romero, Mauricio Funes, Nayib Bukele",False
WebQTest-327,webqsp,test,what two continents is turkey on?,"Asia, Europe","['Eurasia', 'Europe', 'Asia']",Tiered-Forest,"Asia, Europe",True
WebQTest-73,webqsp,test,what language do the maasai tribe speak?,Maa,['Maasai Language'],Tiered-Forest,Maa,True
WebQTest-618,webqsp,test,where is chesapeake bay bridge?,"Maryland, Virginia","['Anne Arundel County', ""Queen Anne's County""]",Tiered-Forest,"Maryland, Virginia",False
WebQTest-1340,webqsp,test,what is steve nash nationality?,Canadian,"['United Kingdom', 'Canada']",Tiered-Forest,Canadian,False
WebQTest-1342,webqsp,test,what kind of language does france speak?,French,['French'],Tiered-Forest,French,True
WebQTest-903,webqsp,test,where turkish people originate?,Central Asia,"['Belgium', 'Bulgaria', 'Bosnia and Herzegovina', 'Northern Cyprus', 'Turkey', 'Germany', 'Kazakhstan', 'Republic of Kosovo', 'Netherlands', 'Norway', 'Syria', 'United Kingdom', 'United States of America', 'Iraq', 'Canada', 'Sweden', 'France', 'Algeria', 'Austria', 'Azerbaijan', 'Kyrgyzstan', 'Denmark']",Tiered-Forest,Central Asia,False
WebQTest-1625,webqsp,test,what are some inventions that leonardo da vinci invented?,"parachute, helicopter, tank, diving suit","['Anemometer', 'Diving suit', 'Ornithopter', 'Viola organista', 'Double hull', 'Parachute', 'Triple Barrel Canon', '33-Barreled Organ', 'Aerial Screw', 'Armored car']",Tiered-Forest,"parachute, helicopter, tank, diving suit",True
WebQTest-1854,webqsp,test,who originally voiced lois griffin?,Alex Borstein,['Alex Borstein'],Tiered-Forest,Alex Borstein,True
WebQTest-1050,webqsp,test,who does mila kunis play on family guy?,Meg Griffin,['Meg Griffin'],Tiered-Forest,Meg Griffin,True
WebQTest-1479,webqsp,test,who is dustin johnson the golfer?,Dustin Johnson,['Golfer'],Tiered-Forest,Dustin Johnson,False
WebQTest-965,webqsp,test,where did anne frank go to school?,Jewish Lyceum,"['Montessori Lyceum Amsterdam', 'Jewish Lyceum']",Tiered-Forest,Jewish Lyceum,True
WebQTest-508,webqsp,test,what is the best currency to take to turkey?,Turkish lira,['Turkish lira'],Tiered-Forest,Turkish lira,True
WebQTest-418,webqsp,test,what league are the indianapolis colts in?,National Football League,"['National Football League', 'AFC South', 'American Football Conference']",Tiered-Forest,National Football League,True
WebQTest-1534,webqsp,test,who are the coaches for the oakland raiders?,"Jon Gruden, Jack Del Rio, Dennis Allen, Hue Jackson, Tom Cable, Lane Kiffin, Art Shell, Norv Turner, Bill Callahan",['Tony Sparano'],Tiered-Forest,"Jon Gruden, Jack Del Rio, Dennis Allen, Hue Jackson, Tom Cable, Lane Kiffin, Art Shell, Norv Turner, Bill Callahan",False
WebQTest-1813,webqsp,test,what team does messi play for 2011?,FC Barcelona,"['Argentina national football team', 'FC Barcelona']",Tiered-Forest,FC Barcelona,True
WebQTest-944,webqsp,test,what was van halen first album?,Van Halen,"[""Ain't Talkin' 'Bout Love""]",Tiered-Forest,Van Halen,False
WebQTest-1477,webqsp,test,what episode of how i met your mother is carrie underwood on?,"HIMYM, Season 6, Episode 12",['Hooked'],Tiered-Forest,"HIMYM, Season 6, Episode 12",False
WebQTest-1052,webqsp,test,who played damien in the omen 2006?,Seamus Davey-Fitzpatrick,"['Tomas Wooler', 'Seamus Davey-Fitzpatrick']",Tiered-Forest,Seamus Davey-Fitzpatrick,True
WebQTest-16,webqsp,test,what countries are part of the uk?,"England, Scotland, Wales, Northern Ireland","['England', 'Northern Ireland', 'Scotland', 'Wales']",Tiered-Forest,"England, Scotland, Wales, Northern Ireland",True
WebQTest-484,webqsp,test,what language does australia use?,English,"['English Language', 'Esperanto Language', 'Lojban']",Tiered-Forest,English,True
WebQTest-1356,webqsp,test,what drug killed marilyn monroe?,barbiturate overdose,['Barbiturate overdose'],Tiered-Forest,barbiturate overdose,True
WebQTest-1520,webqsp,test,what language speak in brazil?,Portuguese,"['Italian Language', 'Brazilian Portuguese', 'Portuguese Language']",Tiered-Forest,Portuguese,True
WebQTest-1177,webqsp,test,where did mario lopez go to school?,"University of California, Los Angeles",['Chula Vista High School'],Tiered-Forest,"University of California, Los Angeles",False
WebQTest-294,webqsp,test,who was carolus linnaeus?,Carl Linnaeus,"['Botanist', 'Physician', 'Scientist', 'Biologist']",Tiered-Forest,Carl Linnaeus,False
WebQTest-1609,webqsp,test,who played alf on tv show?,Paul Fusco,['Paul Fusco'],Tiered-Forest,Paul Fusco,True
WebQTest-447,webqsp,test,what did laura ingalls wilder wrote?,Little House on the Prairie,"['Little House on the Prairie', 'On the banks of Plum Creek', ""Dance at Grandpa's (My First Little House)"", 'A Little house reader', 'A little house sampler', 'A little house treasury', 'Winter on the Farm (My First Little House)', 'Little House Farm Days', 'My Little House Chapter Book Collection', 'By the shores of Silver Lake', 'Little town on the prairie', 'Laura & Mr. Edwards (Little House Chapter Book)', 'Little House the Laura Years Boxed Set', 'Prairie Day (My First Little House)', 'The Little House Collection', 'West from home', ""Laura's Christmas"", 'A Little Prairie House (Little House)', 'These happy golden years', 'Going to Town (My First Little House)', 'Dear Laura', 'On the way home', 'The adventures of Laura and Jack', 'My Book of Little House Paper Dolls', 'Laura & Nellie (Little House Chapter Book)', 'Christmas Stories (Little House Chapter Book)', 'Pioneer Sisters (Little House Chapter Book)', 'The long winter', 'Little House (9 Books, Boxed Set)', 'Hard Times on the Prairie', 'Going West (My First Little House)', 'Little House Friends (Little House Chapter Book)', 'School Days (Little House Chapter Book)', 'Christmas in the Big Woods (Little House)', 'The First Four Years CD (Little House the Laura Years)', 'A Little house traveler', 'Sugar Snow (My First Little House)', 'Saving graces', 'Animal Adventures (Little House Chapter Books)', 'The Deer in the Wood', 'Santa comes to little house', 'County Fair (My First Little House)', 'Words from a fearless heart', 'A Farmer Boy Birthday (My First Little House Books)', 'Little House Parties (Little House Chapter Book)', ""Laura's Early Years Collection"", 'Farmer Boy Days (Little House Chapter Book)', 'My Little House Songbook (My First Little House Books)', 'Little house in the big woods', 'Little House in the Big Woods.', 'Farmer Boy', 'Farmer Boy (Little House)', 'Little House in the Big Woods (Little House)', 'Little House in the Big Woods (Classic Mammoth)', 'Little House in the Big Woods (Little House Books)', 'Little House in the Big Woods 75th Anniversary Edition (Little House)', 'Little House In The Big Woods CD (Little House the Laura Years)', 'Little House in the Big Woods (Little House (Original Series Paperback))', 'Little House in the Big Woods Book and Charm (Charming Classics)', 'A Farmer Boy', 'Farmer Boy (Little House Books)', 'Farmer Boy (Little House (Original Series Paperback))', 'Little House in the Big Woods (Isis Large Print for Children Windrush)', 'Little House In The Big Woods Unabr CD Low Price (Little House the Laura Years)', 'The first four years', 'The First Four Years (Little House)', 'The first four years.', 'The First Four Years (Little House the Laura Years)', 'First Four Years (Little House (HarperTrophy))', 'The First Four Years (Little House Books)', 'The First Four Years (Little House (Original Series Library))', 'First Four Years (Little House (Original Series Paperback))', 'Long Winter', 'The Long Winter (Little House)', 'Long Winter (Little House (HarperTrophy))', 'The Long Winter (Little House Books)', 'Long Winter (Little House (Original Series Paperback))', 'The Long Winter (Little House (Original Series Paperback))', 'By the Shores of Silver Lake (Little House (Original Series Paperback))', 'Little Town on the Prairie CD', 'Little Town on the Prairie (Little House)', 'Little Town on the Prairie (Little House Books)', 'Little Town On The Prairie (Little House (Original Series Paperback))', 'These Happy Golden Years CD', 'These Happy Golden Years (Little House)', 'These Happy Golden Years (Laura Years)', 'These Happy Golden Years (Little House (Original Series Paperback))', 'These Happy Golden Years (Little House Books)', 'These Happy Golden Years (Little House on the Prairie)', 'These Happy Golden Years (Little House (HarperTrophy))', 'On the Banks of Plum Creek (Little House)', 'On the Banks of Plum Creek (One Cassette)', 'On the Banks of Plum Creek (Little House the Laura Years)', 'On the Banks of Plum Creek (Classic Mammoth)', 'On the Banks of Plum Creek CD (Little House the Laura Years)', 'On the Banks of Plum Creek (Little House (Original Series Paperback))', 'By the Shores of Silver Lake (Little House Books)', 'By the Shores of Silver Lake (Little House)', 'By the Shores of Silver Lake CD (Little House)', 'A Little Prairie House (My First Little House Books)', 'Little House Farm Days (Little House Chapter Books/the Laura Years, 7)', 'Little House Farm Days (Little House Chapter Books)', 'Winter on the Farm (My First Little House Books)', 'Winter on the Farm (My First Little House Books (Sagebrush))', 'The Adventures of Laura and Jack (A Little House Chapter Book) (A Little house chapter book)', 'Christmas Stories (Little House Chapter Books)', 'Christmas Stories (Little House Chapter Books/the Laura Years, 10)', 'Going to Town', 'Going to Town (My First Little House Books)', 'Little House Friends (Little House Chapter Books)', 'Little House Friends (Little House Chapter Books/the Laura Years, 9)', 'Hard Times on the Prairie (Little House Chapter Books/the Laura Years, 8)', 'Going West (My First Little House Books)', 'Hard Times on the Prairie (Little House Chapter Books)', 'Pioneer Sisters (Laura (Econo-Clad))', 'Pioneer Sisters (Little House Chapter Books/the Laura Years, 2)', 'Going West (My First Little Houe Books)', 'Christmas in the Big Woods (My First Little House Books)', 'Going West (My First Little House Books (Sagebrush))', 'Christmas in the Big Woods', 'Sugar Snow (My First Little House Books)', 'Sugar Snow (My First Little House Books (Sagebrush))', 'A Little House Collection', 'Animal Adventures (Little House Chapter Books/the Laura Years, 3)', 'The Little House Collection Box Set (Full Color) (Little House)', 'School Days (Little House Chapter Books/the Laura Years, 4)', 'School Days (Laura (Econo-Clad))', 'County Fair (My First Little House Books (Sagebrush))', 'Little House Parties (Little House Chapter Books/the Laura Years, 14)', 'Little House Parties (Little House Chapter Books)', 'Farmer Boy Days (Little House Chapter Books)', 'Farmer Boy Days (Little House Chapter Books/the Laura Years, 6)', 'My Little House Songbook (My First Little House Books Series)', 'My Little House Songbook (My First Little House Books, No 1)', 'Deer in the Wood', 'The deer in the wood (My first Little house books)', 'The Deer in the Wood (My First Little House Books (Sagebrush))', 'The Deer in the Wood (Little House)', 'Little House on the Prairie (Little House)', 'The Little House on the Prairie', 'Little house on the prairie.', 'Little House On The Prairie (Little House the Laura Years)', 'Little House on the Prairie (Classic Mammoth)', 'Little House on the Prairie NW 247', 'Little House on the Prairie (Little Brown Notebook Series)', 'Little House on the Prairie (Little House Books)', 'Little House on the Prairie (Little House (HarperTrophy))', 'Little House On The Prairie CD (Little House the Laura Years)', 'Little House on the Prairie Tie-in Edition (Little House)', 'Little House On The Prairie (Little House (Original Series Paperback))', 'Little House on the Prairie Book and Charm (Charming Classics)', 'Little House On The Prairie Low Price CD', 'Little House on the Prairie Boxed Set ((9 Books) Little House On the Prairie; Farmer Boy; On the Banks of Plum Creek; the Long Winter; These Happy Golden Years; the First Four Years; By the Shores of Silver Lake; Little House In the Big Woods; Little Town On the Prairie)', 'g.11b60fcs_w', 'g.122chq7m', 'Little House in the Ozarks: The Rediscovered Writings', 'A Little House Birthday', 'Summertime in the Big Woods', 'Winter Days in the Big Woods', 'Bedtime for Laura', 'Laura Helps Pa', ""Laura's Garden"", 'Hello, Laura!', 'My Book of Little House Christmas Paper Dolls: Christmas on the Prairie', 'My Little House 123', 'My Little House Birthday Book', 'My Little House Book of Animals', 'My Little House Book of Family', 'My Little House Book of Memories', 'My Little House Diary', 'Dear Laura: Letters from Children to Laura Ingalls Wilder', 'Little House Sisters', 'The Little House Baby Book', 'Laura & Mr. Edwards', 'Little House Friends', 'A Farmer Boy Birthday', 'Country Fair', 'Christmas Stories', 'School Days', 'Winter on the Farm', 'Prairie Day', ""Dance at Grandpa's"", 'A Little Prairie House', 'Laura & Nellie', 'Going West', 'Pioneer Sisters', 'Little House', 'Sugar Snow', 'Animal Adventures', 'My Little House Songbook', 'Little House Parties', 'Farmer Boy Days', 'A FAMILY COLLECTION', 'Orillas del río Plum', '1998 Laura Ingalls Wilder Country Engagement Book', 'Caroline and Her Sister', 'The Complete Little House on the Prairie', ""Laura's Little House"", ""Laura Ingalls Wilder's prairie wisdom"", 'Largo Invierno', 'A Day on the Prairie', ""Laura's Pa"", 'Writings to young women from Laura Ingalls Wilder']",Tiered-Forest,Little House on the Prairie,True
WebQTest-1582,webqsp,test,what time in china hong kong?,Hong Kong Time (UTC+8),['Hong Kong Time Zone'],Tiered-Forest,Hong Kong Time (UTC+8),False
WebQTest-1501,webqsp,test,where is the un based?,New York City,['New York City'],Tiered-Forest,New York City,True
WebQTest-559,webqsp,test,what instrument did robin gibb play?,guitar,"['Piano', 'Violin', 'Vocals', 'Harmonica', 'Drum machine']",Tiered-Forest,guitar,False
WebQTest-1562,webqsp,test,what countries constitute the eu?,"Austria, Belgium, Bulgaria, Croatia, Cyprus, Czech Republic, Denmark, Estonia, Finland, France, Germany, Greece, Hungary, Ireland, Italy, Latvia, Lithuania, Luxembourg, Malta, Netherlands, Poland, Portugal, Romania, Slovakia, Slovenia, Spain, Sweden","['Belgium', 'Bulgaria', 'Czech Republic', 'Croatia', 'Cyprus', 'Estonia', 'Finland', 'Germany', 'Greece', 'Hungary', 'Italy', 'Republic of Ireland', 'Latvia', 'Luxembourg', 'Lithuania', 'Malta', 'Netherlands', 'Poland', 'Portugal', 'Romania', 'Spain', 'Slovakia', 'Slovenia', 'United Kingdom', 'Sweden', 'France', 'Austria', 'Denmark']",Tiered-Forest,"Austria, Belgium, Bulgaria, Croatia, Cyprus, Czech Republic, Denmark, Estonia, Finland, France, Germany, Greece, Hungary, Ireland, Italy, Latvia, Lithuania, Luxembourg, Malta, Netherlands, Poland, Portugal, Romania, Slovakia, Slovenia, Spain, Sweden",True
WebQTest-20,webqsp,test,what did st augustine do?,"Bishop of Hippo, theologian, philosopher","['Philosopher', 'Physician', 'Writer']",Tiered-Forest,"Bishop of Hippo, theologian, philosopher",True
WebQTest-1607,webqsp,test,who won fedex cup 2012?,Brandt Snedeker,['Brandt Snedeker'],Tiered-Forest,Brandt Snedeker,True
WebQTest-1696,webqsp,test,what did ferdinand magellan do?,"first European to cross the Pacific Ocean, led the first expedition to circumnavigate the Earth","['Sailor', 'Navigator', 'Explorer']",Tiered-Forest,"first European to cross the Pacific Ocean, led the first expedition to circumnavigate the Earth",False
WebQTest-1553,webqsp,test,where does sami yusuf live?,London,['Tehran'],Tiered-Forest,London,False
WebQTest-561,webqsp,test,when was abe lincoln president?,"March 4, 1861 – April 15, 1865","['Abraham Lincoln 1861 presidential inauguration', 'Abraham Lincoln 1865 presidential inauguration']",Tiered-Forest,"March 4, 1861 – April 15, 1865",False
WebQTest-300,webqsp,test,who is sir francis bacon?,Francis Bacon,"['Spy', 'Statesman', 'Philosopher', 'Scientist', 'Author']",Tiered-Forest,Francis Bacon,False
WebQTest-638,webqsp,test,what languages are there in japan?,"Japanese, Ryukyuan languages, Ainu language","['English Language', 'Korean Language', 'Esperanto Language', 'Japanese Language', 'Ainu Language']",Tiered-Forest,"Japanese, Ryukyuan languages, Ainu language",True
WebQTest-83,webqsp,test,which countries speak german officially?,"Germany, Austria, Switzerland, Belgium, Luxembourg, Liechtenstein","['Belgium', 'Germany', 'East Germany', 'Luxembourg', 'Liechtenstein', 'Switzerland', 'Austria']",Tiered-Forest,"Germany, Austria, Switzerland, Belgium, Luxembourg, Liechtenstein",True
WebQTest-502,webqsp,test,where did al qaeda attack?,"United States, Tanzania, Kenya","['Taliban insurgency', 'September 11 attacks']",Tiered-Forest,"United States, Tanzania, Kenya",False
WebQTest-1617,webqsp,test,what did nicholas copernicus discover?,heliocentrism,"['Heliocentrism', 'Copernican heliocentrism', 'Copernican Revolution']",Tiered-Forest,heliocentrism,True
WebQTest-1101,webqsp,test,who is martin luther king jr facts?,"Martin Luther King Jr., civil rights leader","['Civil rights activist', 'Pastor', 'Minister', 'Humanitarian', 'Writer', 'Clergy']",Tiered-Forest,"Martin Luther King Jr., civil rights leader",False
WebQTest-1269,webqsp,test,where was the boston tea party 1773?,Boston Harbor,['Boston Harbor'],Tiered-Forest,Boston Harbor,True
WebQTest-116,webqsp,test,which country was justin bieber born in?,Canada,['Canada'],Tiered-Forest,Canada,True
WebQTest-659,webqsp,test,what form of government is the uk?,constitutional monarchy,"['Parliamentary system', 'Unitary state', 'Constitutional monarchy']",Tiered-Forest,constitutional monarchy,True
WebQTest-1020,webqsp,test,what highschool did r. kelly attend?,Kenwood Academy,['Kenwood Academy'],Tiered-Forest,Kenwood Academy,True
WebQTest-1362,webqsp,test,who is the state governor of florida?,Ron DeSantis,['Rick Scott'],Tiered-Forest,Ron DeSantis,False
WebQTest-1344,webqsp,test,what two states is st louis in?,"Missouri, Illinois",['Missouri'],Tiered-Forest,"Missouri, Illinois",True
WebQTest-256,webqsp,test,what is the primary language of china?,Mandarin Chinese,['Standard Chinese'],Tiered-Forest,Mandarin Chinese,False
WebQTest-51,webqsp,test,who will play mr gray in the film?,"Dakota Johnson, Jamie Dornan",['Jamie Dornan'],Tiered-Forest,"Dakota Johnson, Jamie Dornan",True
WebQTest-193,webqsp,test,what school did ben roethlisberger go to?,Miami University,['Miami University'],Tiered-Forest,Miami University,True
WebQTest-740,webqsp,test,who was selena gomez in barney and friends?,Gianna,['Gianna'],Tiered-Forest,Gianna,True
WebQTest-1435,webqsp,test,who did kurt warner play 4?,"St. Louis Rams, New York Giants, Arizona Cardinals","['Amsterdam Admirals', 'Northern Iowa Panthers football', 'Iowa Barnstormers', 'New York Giants', 'St. Louis Rams', 'Arizona Cardinals']",Tiered-Forest,"St. Louis Rams, New York Giants, Arizona Cardinals",True
WebQTest-651,webqsp,test,what is the currency of germany now?,Euro,['Euro'],Tiered-Forest,Euro,True
WebQTest-1068,webqsp,test,what famous people are from barbados?,"Rihanna, Sir Garfield Sobers","['Hadan Holligan', 'Xavier Marcus', 'Kycia Knight', 'Shaquana Quintyne', 'Shakera Selman', 'Kyshona Knight', 'Shane Dowrich', 'Ryan Wiggins', 'Rashidi Boucher', 'Kyle Hope', 'Kyle Corbin', 'Dadrian Forde', 'Anthony Alleyne', 'Romario Harewood', 'Chai Lloyd', 'Michael Stoute', 'Kensley Reece', 'Richard Roett', 'Colin Forde', 'Raheim Sargeant', 'Renaldo Fenty', 'Eyre Sealy', 'Thomas Jordan', 'Alana Shipp', 'Andy Straughn', 'Jabarry Chandler', 'Shai Hope', 'Cecil Foster', 'Rayvon', 'Kat Flint', 'Arturo Tappin', 'Owen Arthur', 'Hartley Alleyne', 'John Lucas', 'Arthur Hendy', 'Hal Padmore', 'Albert Beckles', 'Ricky Hoyte', 'Winston Reid', 'Wendell White', 'Roger Blades', 'Ashley Bickerton', 'Martin Nurse', 'Emmerson Trotman', 'Mabel Keaton Staupers', 'Jim Hendy', 'William T. Shorey', 'Greg Armstrong', 'Pamela Lavine', 'Richard B. Moore', 'Float Woods', 'Avinash Persaud', 'Frank L. White', 'Alvin Rouse', 'Percy Tarilton', 'George Blackman', 'Redd Pepper', 'Chris Jordan', 'Clyde Mascoll', 'Sam Seale', 'Anne Cools', 'Tony Cordle', 'Wyndham Gittens', 'Magnet Man', 'Mia Mottley', 'Shawn Terry Cox', 'Gordon Greenidge', 'Douglas Dummett', 'Billie Miller', 'Rickey A. Walcott', 'Priya Balachandran', 'Norman Forde', 'Dave Wilkins', 'Henry Doorly', 'Kirk Edwards', 'John Parris', 'Frank Leslie Walcott', 'Seibert Straughn', 'Sylvester Braithwaite', 'Tom Adams', 'George Alleyne', 'William Perkins', 'Arnold Josiah Ford', 'Edwin Lascelles, 1st Baron Harewood', 'Ricardo Ellcock', 'Wilfred Wood', 'Anthony Forde', 'Micky Welch', 'Hal Linton', ""Lunden De'Leon"", 'Nita Barrow', 'Deandra Dottin', 'Renn Dickson Hampden', 'June Gibbons', 'Jennifer Gibbons', 'Austin Clarke', 'Odimumba Kwamdela', 'Hilary Beckles', 'Colin Young', 'Hugh Laing', 'John Holder', 'Nick Nanton', 'Alison Sealy-Smith', 'Frank Collymore', 'G. Aubrey Goodman', 'Lloyd Erskine Sandiford', 'Christopher Codrington', 'Samuel Hinds', 'Tony Reid', 'Conrad Hunte', 'Ryan Hinds', 'Philo Wallace', 'Tony Cozier', 'William Maynard Gomm', 'Alan Emtage', 'Seymour Nurse', 'Anderson Cummins', 'Neville Goddard', 'James Waithe', 'Lloyd A. Thompson', 'Jaicko', 'Peter Lashley', 'Prof Edwards', 'Robert Callender', 'Agymah Kamau', 'John Goddard', 'Robin Bynoe', 'Charlie Griffith', 'David Holford', 'John Shepherd', 'Ron King', 'Tony White', 'Zeeteah Massiah', 'Robert Bailey', 'Tim Thorogood', 'Hugh Springer', 'Goodridge Roberts', 'Jon Rubin', 'Woodie Blackman', 'Annalee Davis', 'Nevada Phillips', 'Clennell Wickham', 'Henry Honychurch Gorringe', 'Trevor W. Payne', 'Richard Pile', 'Hugh Gordon Cummins', 'Lene Hall', 'Javon Searles', 'Earl Maynard', 'Karen Lord', 'Samuel Jackman Prescod', 'Sylvesta Stuart', 'Roy Callender', 'George Codrington', 'Marita Payne', 'John Richard Farre', 'Gregory Goodridge', 'Wayne Sobers', 'Romell Brathwaite', 'Dwight James', 'Anthony Kellman', 'Sir William Randolph Douglas', 'Denys Williams', 'Glenville Lovell', 'Monica Braithwaite', 'Ronald Fenty', 'Dennis Archer', 'William Cleeve', 'Keith Griffith', 'Jason Boxhill', 'Omar Archer', 'Bryan Neblett', 'Adrian Chase', 'Dwayne Stanford', 'Barry Skeete', 'Rashida Williams', 'Kerry Holder', 'Riviere Williams', 'Jonathan Straker', 'Mario Harte', 'Jason Carter', 'Sheridan Grosvenor', 'Carlos Brathwaite', 'Bentley Springer', 'Ramuel Miller', 'Stephen Griffith', 'Omari Eastmond', 'Lionel Paul', 'Carl Joseph', 'Renaldo Gilkes', 'Jomo Brathwaite', 'Andre Bourne', 'Richard Lavine', 'Diquan Adamson', 'Kadeem Latham', 'Curtis Odle', 'Jamal Chandler', 'Tristan Parris', 'Kyle Gibson', 'George Moe', 'Horace Stoute', 'Adriel Brathwaite', 'Dwayne Griffith', 'Craig Worrell', 'Shakera Reece', 'Kandy Fenty', 'Crystal Fenty', 'Brandy Fenty', 'Richard Moody', 'James Wedderburn', 'David Comissiong', 'Chris Braithwaite', 'Edward Evelyn Greaves', 'Kirk Corbin', 'Jason Holder', 'Branford Taitt', 'Kyle Mayers', 'Ricardo Morris', 'Malcolm Marshall', 'Kemar Headley', 'Armando Lashley', 'Louis Eugene King', 'Ella Jane New', 'Don Kinch', 'Cynthia Rosalina La Touche Andersen', 'Campbell Foster', 'Jackie Roberts', 'Ivor Germain', 'Menelik Shabazz', 'Murr', 'Denzil H. Hurley']",Tiered-Forest,"Rihanna, Sir Garfield Sobers",False
WebQTest-700,webqsp,test,where is french spoken most?,"France, Canada, Belgium, Switzerland","['Belgium', 'Barbados', 'Benin', 'Burkina Faso', 'Burundi', 'Comoros', 'Cameroon', 'Central African Republic', 'Chad', 'Cyprus', 'Congo', 'Cambodia', 'Djibouti', 'Dominica', 'Equatorial Guinea', 'Jersey', 'Gabon', 'Guinea', 'Habsburg Netherlands', 'Holy Roman Empire', 'Haiti', 'Luxembourg', 'Laos', 'Lebanon', 'Madagascar', 'Mali', 'Martinique', 'Mauritius', 'Monaco', 'Morocco', 'Niger', 'Qatar', 'Rwanda', 'Switzerland', 'Senegal', 'Seychelles', 'Tunisia', 'Vatican City', 'Vanuatu', 'France', 'Ivory Coast', 'South Vietnam', 'Algeria']",Tiered-Forest,"France, Canada, Belgium, Switzerland",True
WebQTest-1510,webqsp,test,what are staffordshire terriers?,dog breed,['Dog'],Tiered-Forest,dog breed,True
WebQTest-1480,webqsp,test,who did cher have a son with?,Gregg Allman,"['Gregg Allman', 'Sonny Bono']",Tiered-Forest,Gregg Allman,True
WebQTest-603,webqsp,test,what money to take to turkey?,Turkish lira,['Turkish lira'],Tiered-Forest,Turkish lira,True
WebQTest-1433,webqsp,test,what to do with kids in asheville nc?,"Biltmore Estate, Asheville Pinball Museum, Western North Carolina Nature Center, The Adventure Center of Asheville, Asheville Museum of Science","['Blue Ridge Parkway', 'The Omni Grove Park Inn', 'Biltmore Estate', 'Thomas Wolfe House', 'Folk Art Center', 'Smith-McDowell House', 'Carl Sandburg Home National Historic Site', 'Pisgah National Forest', 'Bele Chere', 'Asheville Art Museum']",Tiered-Forest,"Biltmore Estate, Asheville Pinball Museum, Western North Carolina Nature Center, The Adventure Center of Asheville, Asheville Museum of Science",True
WebQTest-1638,webqsp,test,what language is most commonly spoken in belgium?,"Dutch, French, German","['Dutch Language', 'German Language', 'French']",Tiered-Forest,"Dutch, French, German",True
WebQTest-1266,webqsp,test,what did romo do?,quarterback,['Baseball player'],Tiered-Forest,quarterback,False
WebQTest-1261,webqsp,test,where did the battle of passchendaele happen?,"Passchendaele, Belgium","['Passendale', 'Flanders']",Tiered-Forest,"Passchendaele, Belgium",False
WebQTest-254,webqsp,test,what countries in the world speak chinese?,"China, Taiwan, Singapore","['Brunei', 'Vietnam', 'Singapore', 'Malaysia', 'China', 'Canada', 'Shěn']",Tiered-Forest,"China, Taiwan, Singapore",True
WebQTest-400,webqsp,test,what was the capital city of the east roman empire?,Constantinople,['Constantinople'],Tiered-Forest,Constantinople,True
WebQTest-818,webqsp,test,where was the ottoman empire based?,Constantinople,['Near East'],Tiered-Forest,Constantinople,False
WebQTest-1998,webqsp,test,what party was thomas jefferson affiliated with?,Democratic-Republican Party,['Democratic-Republican Party'],Tiered-Forest,Democratic-Republican Party,True
WebQTest-1449,webqsp,test,what was laura ingalls wilder famous for?,Little House on the Prairie,"['Teacher', 'Writer', 'Journalist', 'Author']",Tiered-Forest,Little House on the Prairie,False
WebQTest-269,webqsp,test,where does delaware river start?,Mount Tammany,"['West Branch Delaware River', 'Mount Jefferson']",Tiered-Forest,Mount Tammany,False
WebQTest-488,webqsp,test,who did sir francis drake marry?,Elizabeth Sydenham,"['Mary Newman', 'Elizabeth Sydenham']",Tiered-Forest,Elizabeth Sydenham,True
WebQTest-777,webqsp,test,where is the main headquarters of google?,"Mountain View, California",['Mountain View'],Tiered-Forest,"Mountain View, California",True
WebQTest-1580,webqsp,test,what type of democracy is the united states?,representative democracy,"['Presidential system', 'Constitutional republic', 'Federal republic']",Tiered-Forest,representative democracy,False
WebQTest-626,webqsp,test,what does the missouri river bisect?,Missouri,"['Iowa', 'Kansas', 'Missouri', 'Montana', 'Nebraska', 'North Dakota', 'South Dakota']",Tiered-Forest,Missouri,True
WebQTest-546,webqsp,test,who is michael j fox's wife?,Tracy Pollan,['Tracy Pollan'],Tiered-Forest,Tracy Pollan,True
WebQTest-287,webqsp,test,what movies has carmen electra been in?,"Baywatch, Scary Movie, Starsky & Hutch, Meet the Spartans","['Dragula', 'Chocolate City', 'Good Burger', 'Scary Movie', 'Epic Movie', 'Starsky & Hutch', 'Full of It', 'I Want Candy', ""Lil' Pimp"", 'Bedtime Stories', 'Meet the Spartans', 'Christmas in Wonderland', 'Perfume', 'Mr. 3000', 'Sol Goode', 'Disaster Movie', 'Baywatch: Hawaiian Wedding', 'Naked Movie', 'Hot Tamale', ""30 Days Until I'm Famous"", 'Whacked!', 'Uptown Girls', 'Get Over It', 'Searching for Bobby D', 'Cheaper by the Dozen 2', ""National Lampoon's Pledge This!"", 'Scary Movie 4', 'The Chosen One: Legend of the Raven', 'Oy Vey! My Son Is Gay!!', 'Date Movie', 'American Dreamz', 'Dirty Love', 'Starstruck', 'Barry Munday', 'American Vampire', ""Carmen Electra's Fit to Strip"", 'Rent Control', 'BThere Dvd Magazine', 'We Are Family', 'Monster Island', 'Max Havoc: Curse of the Dragon', ""My Boss's Daughter"", 'Getting Played', 'The Mating Habits of the Earthbound Human', 'The Back Nine', '2-Headed Shark Attack', 'Mardi Gras: Spring Break', 'Lap Dance', 'Book of Fire', 'The Axe Boat', ""Lolo's Cafe""]",Tiered-Forest,"Baywatch, Scary Movie, Starsky & Hutch, Meet the Spartans",True
WebQTest-302,webqsp,test,what are the official colors of the dallas cowboys?,"blue, silver","['Blue', 'Navy Blue', 'Silver', 'Royal blue', 'White']",Tiered-Forest,"blue, silver",True
WebQTest-323,webqsp,test,what movies did ron howard director?,"Apollo 13, A Beautiful Mind, The Da Vinci Code","['Apollo 13', 'Inferno', 'Willow', 'Splash', 'EDtv', 'Night Shift', 'Backdraft', 'Frost/Nixon', 'Grand Theft Auto', 'Far and Away', 'Cocoon', 'Ransom', 'Parenthood', 'The Missing', 'Cinderella Man', 'The Dark Tower', 'The Da Vinci Code', 'The Paper', 'Cotton Candy', 'Gung Ho', 'A Beautiful Mind', 'The Dilemma', 'The Lost Symbol', ""Dr. Seuss' How the Grinch Stole Christmas"", 'Angels & Demons', 'Presidential Reunion', 'Rush', 'Jay-Z: Made in America', 'In the Heart of the Sea']",Tiered-Forest,"Apollo 13, A Beautiful Mind, The Da Vinci Code",True
WebQTest-164,webqsp,test,what did stephen hawking become famous for?,"black holes, cosmology","['Professor', 'Astrophysicist', 'Science writer', 'Cosmologist', 'Mathematician', 'Physicist', 'Scientist', 'Writer', 'Astronomer', 'Author']",Tiered-Forest,"black holes, cosmology",False
WebQTest-867,webqsp,test,what else has jennifer lawrence played in?,"Silver Linings Playbook, The Hunger Games, X-Men: First Class, American Hustle, Joy, Passengers, Red Sparrow, Mother!","['X-Men: Apocalypse', 'Joy', 'Not Another High School Show', 'The Burning Plain', 'Garden Party', 'Company Town', 'Winter’s Bone', 'The Beaver', 'The Poker House', 'X-Men: First Class', 'Like Crazy', 'The Hunger Games', 'House at the End of the Street', 'Devil You Know', 'Silver Linings Playbook', 'The Hunger Games: Catching Fire', 'The Hunger Games: Mockingjay, Part 1', 'The Hunger Games: Mockingjay, Part 2', 'X-Men: Days of Future Past', 'Serena', 'American Hustle', 'East of Eden', 'Burial Rites', 'The Glass Castle']",Tiered-Forest,"Silver Linings Playbook, The Hunger Games, X-Men: First Class, American Hustle, Joy, Passengers, Red Sparrow, Mother!",True
WebQTest-240,webqsp,test,what colleges did albert einstein teach at?,"University of Zurich, Charles University, University of Bern, Humboldt University of Berlin, Leiden University, Institute for Advanced Study, Princeton University, Caltech","['Institute for Advanced Study', 'ETH Zurich', 'University of Zurich', 'Charles University in Prague', 'Leiden University']",Tiered-Forest,"University of Zurich, Charles University, University of Bern, Humboldt University of Berlin, Leiden University, Institute for Advanced Study, Princeton University, Caltech",True
WebQTest-134,webqsp,test,what type of books did agatha christie wrote?,"detective novels, crime fiction","['Playwright', 'Novelist', 'Poet', 'Writer', 'Screenwriter']",Tiered-Forest,"detective novels, crime fiction",False
WebQTest-1764,webqsp,test,where is daud ibrahim?,India,['Maharashtra'],Tiered-Forest,India,False
WebQTest-1539,webqsp,test,who is ryan reynolds married to 2012?,Scarlett Johansson,['Blake Lively'],Tiered-Forest,Scarlett Johansson,False
WebQTest-1752,webqsp,test,what did f. scott fitzgerald do?,write novels,"['Novelist', 'Poet', 'Writer']",Tiered-Forest,write novels,False
WebQTest-1977,webqsp,test,where did crabtree go to college?,University of Utah,['Texas Tech University'],Tiered-Forest,University of Utah,False
WebQTest-1425,webqsp,test,what colleges did mitt romney attend?,"Brigham Young University, Harvard Law School, Harvard Business School","['Harvard Law School', 'Harvard University', 'Stanford University', 'Harvard Business School', 'Brigham Young University']",Tiered-Forest,"Brigham Young University, Harvard Law School, Harvard Business School",True
WebQTest-1311,webqsp,test,what was antoni gaudi inspired by?,"nature, religion, architecture","['Eugène Viollet-le-Duc', 'William Morris']",Tiered-Forest,"nature, religion, architecture",False
WebQTest-891,webqsp,test,who was the leader of the first communist party of china?,Chen Duxiu,"['Li Dazhao', 'Mao Zedong', 'Zhou Enlai', 'Chen Duxiu']",Tiered-Forest,Chen Duxiu,True
WebQTest-251,webqsp,test,what type of currency do they use in england?,British pound sterling,['Pound sterling'],Tiered-Forest,British pound sterling,True
WebQTest-1975,webqsp,test,what was the last movie sean connery was in?,The League of Extraordinary Gentlemen,['Sir Billi'],Tiered-Forest,The League of Extraordinary Gentlemen,False
WebQTest-1825,webqsp,test,what did lincoln steffens wrote?,The Shame of the Cities,"['Die Geschichte meines Lebens', 'The Shame of the Cities', 'The autobiography of Lincoln Steffens', 'John Reed', 'The struggle for self-government', 'Lincoln Steffens speaking', 'The world of Lincoln Steffens', 'Into Mexico and out', 'Moses in red', 'The Least Of These', 'Upbuilders', 'Boy on horseback', 'The Old Jim Horse']",Tiered-Forest,The Shame of the Cities,True
WebQTest-1114,webqsp,test,what countries makes up the uk?,"England, Scotland, Wales, Northern Ireland","['England', 'Northern Ireland', 'Scotland', 'Wales']",Tiered-Forest,"England, Scotland, Wales, Northern Ireland",True
WebQTest-1629,webqsp,test,what currency does dominican republic take?,Dominican peso,['Dominican peso'],Tiered-Forest,Dominican peso,True
WebQTest-624,webqsp,test,who plays elena gilbert on vampire diaries?,Nina Dobrev,['Nina Dobrev'],Tiered-Forest,Nina Dobrev,True
WebQTest-1691,webqsp,test,what is houston timezone?,Central Time Zone,['Central Time Zone'],Tiered-Forest,Central Time Zone,True
WebQTest-833,webqsp,test,what is the main language used in china?,Mandarin Chinese,['Standard Chinese'],Tiered-Forest,Mandarin Chinese,False
WebQTest-1507,webqsp,test,who was kate chopin?,American author,"['Businessperson', 'Novelist', 'Writer', 'Author']",Tiered-Forest,American author,True
WebQTest-691,webqsp,test,what school did miley cyrus?,Heritage Middle School,['Heritage Elementary School'],Tiered-Forest,Heritage Middle School,False
WebQTest-755,webqsp,test,what was bonnie prince charlie full name?,Charles Edward Stuart,['Charles Edward Stuart'],Tiered-Forest,Charles Edward Stuart,True
WebQTest-154,webqsp,test,what instruments did louis armstrong play?,"trumpet, cornet, vocals","['Cornet', 'Trumpet']",Tiered-Forest,"trumpet, cornet, vocals",True
WebQTest-1819,webqsp,test,what religion does canada follow?,Christianity,"['Protestantism', 'Catholicism', 'Islam']",Tiered-Forest,Christianity,False
WebQTest-33,webqsp,test,what timezone is sweden?,Central European Time,['Central European Time Zone'],Tiered-Forest,Central European Time,True
WebQTest-581,webqsp,test,where was anne boleyn executed?,Tower of London,['Tower of London'],Tiered-Forest,Tower of London,True
WebQTest-723,webqsp,test,what is there to see in sydney australia?,"Sydney Opera House, Sydney Harbour Bridge, Bondi Beach, Royal Botanic Garden, Taronga Zoo, The Rocks, Darling Harbour, Art Gallery of New South Wales, Sydney Tower Eye, Australian Museum","['Oatley Park, New South Wales', 'Port Jackson', 'Rose Seidler House', 'Bondi Beach', 'Wild Life Sydney', 'Sydney Film Festival', 'The Rocks', 'Sydney Markets', 'Powerhouse Museum', 'Luna Park Sydney', 'City2Surf', ""St Mary's Cathedral, Sydney"", 'Sydney Opera House', 'Sydney Harbour Bridge', 'North Head Quarantine Station', 'Hillsong Church', 'Darling Harbour', 'Australian National Maritime Museum', 'Featherdale Wildlife Park', 'Kamay Botany Bay National Park']",Tiered-Forest,"Sydney Opera House, Sydney Harbour Bridge, Bondi Beach, Royal Botanic Garden, Taronga Zoo, The Rocks, Darling Harbour, Art Gallery of New South Wales, Sydney Tower Eye, Australian Museum",True
WebQTest-1818,webqsp,test,what state is saint louis university in?,Missouri,['Missouri'],Tiered-Forest,Missouri,True
WebQTest-953,webqsp,test,where is kansas city?,"Missouri, Kansas",['Platte County'],Tiered-Forest,"Missouri, Kansas",False
WebQTest-335,webqsp,test,what type of money to take to cuba?,"Cuban convertible peso (CUC), Cuban peso (CUP)","['Cuban peso', 'Cuban convertible peso']",Tiered-Forest,"Cuban convertible peso (CUC), Cuban peso (CUP)",True
WebQTest-1152,webqsp,test,who is the voice of kitt?,William Daniels,['William Daniels'],Tiered-Forest,William Daniels,True
WebQTest-1209,webqsp,test,when does ziva start on ncis?,season 11,['NCIS - Season 3'],Tiered-Forest,season 11,False
WebQTest-1739,webqsp,test,who is the voice of eric cartman on south park?,Trey Parker,['Trey Parker'],Tiered-Forest,Trey Parker,True
WebQTest-538,webqsp,test,what are all the movies taylor swift has been in?,"Amsterdam, Cats, The Giver, Valentine's Day","['Hannah Montana: The Movie', ""Valentine's Day"", 'The Lorax', 'Jonas Brothers: The Concert Experience', 'The Giver']",Tiered-Forest,"Amsterdam, Cats, The Giver, Valentine's Day",True
WebQTest-1110,webqsp,test,where was john jay born?,New York City,['New York City'],Tiered-Forest,New York City,True
WebQTest-39,webqsp,test,who is niall ferguson's wife?,Ayaan Hirsi Ali,['Ayaan Hirsi Ali'],Tiered-Forest,Ayaan Hirsi Ali,True
WebQTest-1285,webqsp,test,what city is mt lassen in?,California,"['California', 'Lassen Volcanic National Park', 'North America', 'United States of America', 'Cascade Range', 'Shasta County']",Tiered-Forest,California,True
WebQTest-28,webqsp,test,what electorate does anna bligh represent?,South Brisbane,['Electoral district of South Brisbane'],Tiered-Forest,South Brisbane,True
WebQTest-2028,webqsp,test,who is the current leader of france 2010?,Nicolas Sarkozy,['Nicolas Sarkozy'],Tiered-Forest,Nicolas Sarkozy,True
WebQTest-1485,webqsp,test,what is the currency in turkey called?,Turkish lira,['Turkish lira'],Tiered-Forest,Turkish lira,True
WebQTest-1060,webqsp,test,what is the currency in italy?,Euro,['Euro'],Tiered-Forest,Euro,True
WebQTest-749,webqsp,test,who was president in 1988 in the united states?,Ronald Reagan,['Ronald Reagan'],Tiered-Forest,Ronald Reagan,True
WebQTest-1256,webqsp,test,who did terrell owens play for in 2010?,Cincinnati Bengals,"['Buffalo Bills', 'Cincinnati Bengals', 'Texas Revolution']",Tiered-Forest,Cincinnati Bengals,True
WebQTest-1724,webqsp,test,when did arsenal won the league?,"1998, 2002, 2004","['2004–05 FA Cup', '1992–93 FA Cup', '2002–03 FA Cup', '2001–02 FA Cup', '1997–98 FA Cup', '1978–79 FA Cup', '1970–71 FA Cup', '2013–14 FA Cup']",Tiered-Forest,"1998, 2002, 2004",False
WebQTest-241,webqsp,test,who plays the voice of brian on family guy?,Seth MacFarlane,['Seth MacFarlane'],Tiered-Forest,Seth MacFarlane,True
WebQTest-1838,webqsp,test,what sports are popular in germany?,"football, handball, basketball, ice hockey, tennis","['Germany national football team', 'Germany national cricket team', 'Germany national handball team', ""Germany women's national field hockey team"", ""Germany women's national volleyball team"", 'Germany national beach handball team', ""Germany women's national beach handball team"", ""Germany women's national handball team"", 'Germany Davis Cup team', 'Germany Fed Cup team', ""Germany women's national rugby union team"", ""Germany women's national football team"", ""Germany men's national volleyball team"", 'Germany national korfball team', 'Germany national rugby league team', 'German National Ice Hockey Team', 'Germany national baseball team', 'Germany national badminton team', 'Germany national American football team', ""Germany men's national inline hockey team"", 'Germany national beach soccer team', ""Germany men's national water polo team"", ""Germany women's national basketball team"", 'Germany national speedway team', ""Germany men's national pitch and putt team"", ""Germany women's national under-18 ice hockey team"", 'Germany national rugby union team', ""Germany women's national ice hockey team"", 'Germany national basketball team', ""Germany U20 women's volleyball team"", 'FC Bayern Munich', 'BG Göttingen', 'Alba Berlin', 'Brose Baskets', ""Germany men's national field hockey team"", 'Telekom Baskets Bonn', 'Skyliners Frankfurt', 'Köln 99ers', 'Bayer Giants Leverkusen', 'EWE Baskets Oldenburg', 'QTSV Quackenbrück']",Tiered-Forest,"football, handball, basketball, ice hockey, tennis",False
WebQTest-210,webqsp,test,where is tyrese gibson from?,"Los Angeles, California",['Watts'],Tiered-Forest,"Los Angeles, California",False
WebQTest-991,webqsp,test,who played donna on west wing?,Stockard Channing,['Janel Moloney'],Tiered-Forest,Stockard Channing,False
WebQTest-1291,webqsp,test,how many kids were there in the kennedy family?,nine,"['Ted Kennedy', 'Rosemary Kennedy', 'Joseph P. Kennedy, Jr.', 'Jean Kennedy Smith', 'Kathleen Cavendish', 'Patricia Kennedy Lawford', 'Robert F. Kennedy', 'Eunice Kennedy Shriver', 'John F. Kennedy']",Tiered-Forest,nine,False
WebQTest-1324,webqsp,test,what college did john nash go to?,Carnegie Institute of Technology,"['Carnegie Mellon College of Engineering', 'Princeton University']",Tiered-Forest,Carnegie Institute of Technology,False
WebQTest-390,webqsp,test,when was the last time the toronto maple leafs were in the stanley cup finals?,1967,['1967 Stanley Cup Finals'],Tiered-Forest,1967,True
WebQTest-1398,webqsp,test,what movies did joan crawford play in?,"Possessed, Mildred Pierce, The Women","['Possessed', 'Sudden Fear', 'Humoresque', 'Harriet Craig', 'Susan and God', 'The Women', 'The Stolen Jools', 'Spring Fever', 'Sally, Irene and Mary', 'Across to Singapore', 'This Woman Is Dangerous', 'Pretty Ladies', 'Old Clothes', 'Tramp, Tramp, Tramp', 'The Boob', 'The Taxi Dancer', 'Winners of the Wilderness', 'The Understanding Heart', 'Twelve Miles Out', 'The Law of the Range', 'West Point', 'Four Walls', 'Dream of Love', 'The Duke Steps Out', 'Our Modern Maidens', 'Montana Moon', 'Our Blushing Brides', 'Paid', 'Dance, Fools, Dance', 'This Modern Age', 'Laughing Sinners', 'Letty Lynton', 'Today We Live', 'Chained', 'Forsaking All Others', 'No More Ladies', 'I Live My Life', 'The Bride Wore Red', 'The Shining Hour', 'Mannequin', 'The Ice Follies of 1939', 'Strange Cargo', ""A Woman's Face"", 'When Ladies Meet', 'They All Kissed the Bride', 'Reunion in France', 'Above Suspicion', 'Female on the Beach', 'Goodbye, My Fancy', 'The Story of Esther Costello', 'A Slave of Fashion', 'Tide of Empire', 'The Merry Widow', 'Trog', 'Great Day', 'The Last of Mrs. Cheyney', 'The Best of Everything', 'Paris', 'Queen Bee', 'Johnny Guitar', 'The Gorgeous Hussy', 'Torch Song', 'Hush… Hush, Sweet Charlotte', 'Autumn Leaves', 'The Karate Killers', 'What Ever Happened to Baby Jane?', 'Our Dancing Daughters', ""It's a Great Feeling"", ""The Damned Don't Cry!"", 'Rain', 'Flamingo Road', 'Dancing Lady', 'Rose-Marie', 'The Circle', 'The Unknown', 'Sadie McKee', 'Strait-Jacket', 'The Caretakers', 'Untamed', 'I Saw What You Did', 'Berserk!', 'Grand Hotel', 'The Hollywood Revue of 1929', 'Love on the Run', 'Harry Langdon: The Forgotten Clown', 'Mildred Pierce', 'Daisy Kenyon', 'Della']",Tiered-Forest,"Possessed, Mildred Pierce, The Women",True
WebQTest-1850,webqsp,test,what religion does madonna practice?,Kabbalah,"['Jewish Renewal', 'Catholicism']",Tiered-Forest,Kabbalah,False
WebQTest-1094,webqsp,test,who was isaac newton and what did he do?,Isaac Newton,"['Chemist', 'Philosopher', 'Mathematician', 'Physicist', 'Scientist', 'Astronomer']",Tiered-Forest,Isaac Newton,False
WebQTest-966,webqsp,test,what basketball player is married to monica?,Michael Jordan,['Shannon Brown'],Tiered-Forest,Michael Jordan,False
WebQTest-297,webqsp,test,what time zone is anaheim california?,Pacific Time Zone,['Pacific Time Zone'],Tiered-Forest,Pacific Time Zone,True
WebQTest-866,webqsp,test,where did otto frank go to college?,Heidelberg University,['Heidelberg University'],Tiered-Forest,Heidelberg University,True
WebQTest-1547,webqsp,test,what is the title of george bush's new book?,Decision Points,['In My Time: A Personal and Political Memoir'],Tiered-Forest,Decision Points,False
WebQTest-2015,webqsp,test,what type of government does argentina have today?,presidential republic,"['Presidential system', 'Constitutional republic', 'Representative democracy', 'Federal republic']",Tiered-Forest,presidential republic,False
WebQTest-1789,webqsp,test,what is john edwards indicted for?,campaign finance violations,['Political corruption'],Tiered-Forest,campaign finance violations,False
WebQTest-1306,webqsp,test,what kind of government does iran have after 1979?,Islamic Republic,"['Parliamentary system', 'Presidential system', 'Islamic republic', 'Unitary state', 'Theocracy']",Tiered-Forest,Islamic Republic,True
WebQTest-1206,webqsp,test,what was francis bacon contributions?,"empiricism, scientific method","['Spy', 'Statesman', 'Philosopher', 'Scientist', 'Author']",Tiered-Forest,"empiricism, scientific method",False
WebQTest-1613,webqsp,test,what language do they speak in malta?,"Maltese, English","['English Language', 'Maltese Language']",Tiered-Forest,"Maltese, English",False
WebQTest-1417,webqsp,test,when was the last time the boston bruins went to the stanley cup?,2019,['2013 Stanley Cup Finals'],Tiered-Forest,2019,False
WebQTest-69,webqsp,test,what county is brentwood tennessee in?,Williamson County,['Williamson County'],Tiered-Forest,Williamson County,True
WebQTest-1830,webqsp,test,what language do they speak in colombia south america?,Spanish,"['Piratapuyo Language', 'Cocama language', 'Bora Language', 'Wayuu Language', 'Malayo Language', 'Quechua, Napo Lowland Language', 'Curripaco Language', 'Hupdë Language', 'Baudo language', 'Siona Language', 'Cabiyarí Language', 'Nukak language', 'Barí Language', 'Tama Language', 'Awa-Cuaiquer Language', 'Guanano Language', 'Tanimuca-Retuarã Language', 'Cagua Language', 'Runa Language', 'Coyaima Language', 'Ponares Language', 'Macaguaje Language', 'Inga, Jungle Language', 'Coxima Language', 'Tomedes Language', 'Natagaimas Language', 'Cumeral Language', 'Carijona Language', 'Tunebo, Barro Negro Language', 'Siriano Language', 'Muinane Language', 'Macaguán Language', 'Pijao Language', 'Puinave Language', 'Cubeo Language', 'Desano Language', 'Tunebo, Central Language', 'Guayabero Language', 'Arhuaco Language', 'Tunebo, Western Language', 'Totoro Language', 'Palenquero Language', 'Kogi Language', 'Barasana Language', 'Yukpa Language', 'Waimajã Language', 'Colombian Sign Language', 'Guambiano Language', 'Minica Huitoto', 'Piaroa Language', 'Emberá, Northern Language', 'Ocaina Language', 'Anserma Language', 'Carabayo Language', 'Macuna Language', 'Omejes Language', 'Andoque Language', 'Chipiajes Language', 'Inga Language', 'Piapoco Language', 'Tunebo, Angosturas Language', 'Catio language', 'Koreguaje Language', 'Kuna, Border Language', 'Andaqui Language', 'Sáliba Language', 'Camsá Language', 'Murui Huitoto language', 'Yucuna Language', 'Guahibo language', 'Cuiba language', 'Playero language', 'Uwa language', 'Achawa language', 'Ticuna language', 'Islander Creole English', 'Nheengatu language', 'Spanish Language', 'Tinigua language', 'Providencia Sign Language', 'Romani, Vlax Language', 'Tuyuca language', 'Tucano Language', 'Páez language', 'Cofán Language', 'Nonuya language']",Tiered-Forest,Spanish,True
WebQTest-1568,webqsp,test,what university did obama graduated from?,"Columbia University, Harvard Law School",['Columbia University'],Tiered-Forest,"Columbia University, Harvard Law School",True
WebQTest-828,webqsp,test,what is the head judge of the supreme court called?,Chief Justice,['Chief Justice of the United States'],Tiered-Forest,Chief Justice,True
WebQTest-425,webqsp,test,where english is spoken?,"United Kingdom, United States, Canada, Australia, New Zealand, Ireland, India, South Africa","['Bahamas', 'Bangladesh', 'Barbados', 'Belize', 'Bermuda', 'Botswana', 'Brunei', 'Transkei', 'Ethiopia', 'Kenya', 'State of Palestine', 'Cameroon', 'Cayman Islands', 'Cyprus', 'Cook Islands', 'Territory of Papua and New Guinea', 'Dominica', 'England', 'Timor-Leste', 'Fiji', 'Jordan', 'Japan', 'Jersey', 'Guyana', 'Guam', 'Ghana', 'Gibraltar', 'South Yemen', 'Grenada', 'Honduras', 'Hong Kong', 'India', 'Republic of Ireland', 'Indonesia', 'Israel', 'Isle of Man', 'Kiribati', 'Laos', 'Lesotho', 'Liberia', 'Malta', 'Marshall Islands', 'Montserrat', 'Namibia', 'Nauru', 'Nigeria', 'Papua New Guinea', 'Puerto Rico', 'Pakistan', 'Philippines', 'Gazankulu', 'Qatar', 'Rwanda', 'Sri Lanka', 'Saint Kitts and Nevis', 'Sierra Leone', 'Saint Lucia', 'Saint Vincent and the Grenadines', 'Samoa', 'Singapore', 'Sudan', 'Swaziland', 'Tanzania', 'Tokelau', 'Turks and Caicos Islands', 'Tuvalu', 'United Kingdom', 'Uganda', 'Vatican City', 'Vanuatu', 'Zimbabwe', 'Zambia', 'Malaysia', 'Territory of New Guinea', 'Australia', 'New Zealand', 'China', 'Canada', 'Mandatory Palestine', 'Curaçao', 'Gambia', 'South Africa', 'Wales', 'Antigua and Barbuda', 'Bonaire', 'Kingdom of Great Britain', 'United States of America']",Tiered-Forest,"United Kingdom, United States, Canada, Australia, New Zealand, Ireland, India, South Africa",True
WebQTest-1802,webqsp,test,where are the timezones in the usa?,"Eastern Time Zone, Central Time Zone, Mountain Time Zone, Pacific Time Zone, Alaska Time Zone, Hawaii–Aleutian Time Zone","['Samoa Time Zone', 'Chamorro Time Zone', 'Central Time Zone', 'Eastern Time Zone', 'Mountain Time Zone', 'Pacific Time Zone', 'Alaska Time Zone', 'Hawaii-Aleutian Time Zone', 'Atlantic Time Zone']",Tiered-Forest,"Eastern Time Zone, Central Time Zone, Mountain Time Zone, Pacific Time Zone, Alaska Time Zone, Hawaii–Aleutian Time Zone",True
WebQTest-1242,webqsp,test,what are all the names of the harry potter books?,"Harry Potter and the Philosopher's Stone, Harry Potter and the Chamber of Secrets, Harry Potter and the Prisoner of Azkaban, Harry Potter and the Goblet of Fire, Harry Potter and the Order of the Phoenix, Harry Potter and the Half-Blood Prince, Harry Potter and the Deathly Hallows","['Harry Potter and the Order of the Phoenix', 'Harry Potter and the Chamber of Secrets', 'Harry Potter and the Prisoner of Azkaban', 'Harry Potter and the Goblet of Fire', 'Harry Potter and the Deathly Hallows', 'Harry Potter and the Half-Blood Prince', ""Harry Potter and the Philosopher's Stone""]",Tiered-Forest,"Harry Potter and the Philosopher's Stone, Harry Potter and the Chamber of Secrets, Harry Potter and the Prisoner of Azkaban, Harry Potter and the Goblet of Fire, Harry Potter and the Order of the Phoenix, Harry Potter and the Half-Blood Prince, Harry Potter and the Deathly Hallows",True
WebQTest-612,webqsp,test,who does jeremy shockey play for in 2012?,New Orleans Saints,['Carolina Panthers'],Tiered-Forest,New Orleans Saints,False
WebQTest-1124,webqsp,test,who played samantha stephens in bewitched?,Elizabeth Montgomery,['Elizabeth Montgomery'],Tiered-Forest,Elizabeth Montgomery,True
WebQTest-1487,webqsp,test,where does kate middleton live 2012?,Kensington Palace,"['Bucklebury', 'Reading']",Tiered-Forest,Kensington Palace,False
WebQTest-468,webqsp,test,where did venus williams come from?,"Long Beach, California",['Lynwood'],Tiered-Forest,"Long Beach, California",False
WebQTest-518,webqsp,test,what type of money do they use in costa rica?,Costa Rican colón,['Costa Rican colón'],Tiered-Forest,Costa Rican colón,True
WebQTest-79,webqsp,test,what country did buddha come from?,India,['Nepal'],Tiered-Forest,India,False
WebQTest-1233,webqsp,test,what are the colors of the ny giants?,"blue, red, white","['Blue', 'Grey', 'Red', 'White']",Tiered-Forest,"blue, red, white",True
WebQTest-1090,webqsp,test,where are boeing headquarters?,"Chicago, Illinois",['Chicago'],Tiered-Forest,"Chicago, Illinois",True
WebQTest-1822,webqsp,test,who is in paul ryan's family?,"Janna Ryan, Liza Ryan, Charles Ryan, Samuel Ryan","['Janna Ryan', 'Elizabeth Ryan', 'Charles Ryan', 'Samuel Ryan', 'Paul Murray Ryan', 'Elizabeth A. Ryan']",Tiered-Forest,"Janna Ryan, Liza Ryan, Charles Ryan, Samuel Ryan",True
WebQTest-1933,webqsp,test,what year did adam morrison get drafted?,2006,['2006 NBA draft'],Tiered-Forest,2006,True
WebQTest-173,webqsp,test,what countries are part of the baltic?,"Estonia, Latvia, Lithuania","['Estonia', 'Latvia', 'Lithuania']",Tiered-Forest,"Estonia, Latvia, Lithuania",True
WebQTest-1204,webqsp,test,where did the anasazi indians live?,Four Corners region,['Four Corners'],Tiered-Forest,Four Corners region,True
WebQTest-227,webqsp,test,where were the seneca indians located?,New York,"['New York', 'Ontario']",Tiered-Forest,New York,True
WebQTest-170,webqsp,test,who played bilbo in lord of the rings?,Ian Holm,['Norman Bird'],Tiered-Forest,Ian Holm,False
WebQTest-739,webqsp,test,what pieces of music did claude debussy compose?,"La Mer, Prélude à l'après-midi d'un faune, Clair de lune, Pelléas et Mélisande, Images, Nocturnes, Children's Corner, Suite bergamasque, Études, Jeux","['g.11b821q1dm', 'Lindaraja', 'g.1234bndn', 'g.1234nfvz', 'Le promenoir des deux amants', 'Le Martyre de Saint-Sébastien: I. La cour des lys: N°2', 'Le Martyre de Saint-Sébastien: II. La chambre magique: N°1', 'Études, L. 136: XI. Pour les arpèges composés', 'Pelléas et Mélisande: Act II, Scene II. \\""Je suis ... je suis malade ici\\"" (Mélisande, Golaud)', 'Chansons de Bilitis, L. 90: La Flûte de Pan «Pour le jour des Hyacinthies»', ""Chansons de Bilitis, L. 90: «La Chevelure «Il m'a dit «Cette nuit d'ai rêvé»»"", 'Dans le jardin, L. 78, CD 107, mélodie pour voix et piano \\""Je regardais dans le jardin\\""', 'Preludes, Book I: 6. Des pas sur la neige', 'Estampes II: La soir e dans Grenade', 'Chansons de Bilitis, L. 90: Le Tombeau des naïades: «Le long du bois couvert de givre»', 'Petite Suite, L. 65, CD 71b, pour orchestre : I. En bateau', 'Le promenoir des deux amants, L. 118, CD 129, mélodies pour voix et piano : I. \\""Auprès de cette grotte sombre\\""', 'My Reverie', 'Proses lyriques, L. 84, CD 90 : IV. De Soirs, mélodie \\""Dimanche sur les villes\\""', 'Trio in G Major for Violin, Cello and Piano: II. Scherzo - Intermezzo. Moderato con allegro', 'La Damoiselle élue, L. 62, CD 69, poème lyrique pour voix de femmes, solo, chœur et orchestre', 'Études, L. 136: V. Pour les octaves', 'Six épigraphes antiques, L. 131: III. Pour que la nuit soit propice', 'Preludes, Book II: 7. La Terrasse des audiences du clair de lune', 'En blanc et noir: II. Lent, sombre', 'Quatuor à cordes en sol mineur, op. 10, L. 85, CD 91 : IV. Très modéré', 'Suite bergamasque, L. 75, CD 82a, pour orchestre : III. Clair de lune', 'Les Chansons de Bilitis, L. 96: No. 3. Les Contes', 'Le Martyre de Saint-Sébastien: I. La cour des lys: N°1', 'Quatuor à cordes en sol mineur, op. 10, L. 85, CD 91 : II. Assez vif et bien rythmé', 'Le Martyre de Saint-Sébastien: III. Le concile des faux dieux: N°4', 'Deux arabesques, L. 66, CD 74, pour piano : No. 2 en sol majeur, Allegretto scherzando', 'Les Chansons de Bilitis, L. 96: No. 6. Bilitis', 'Pantomime, L. 31, CD 47, mélodie pour voix et piano \\""Pierrot, qui n’a rien d’un Clitandre\\""', 'Sonata for flute, viola and harp, L. 137: II. Interlude', 'Preludes, Book II: 3. La Puerta del Vino', 'Estampes, L. 100: III. Jardins sous la pluie. Net et vif', 'Pelléas et Mélisande: Act I, Scene II. \\""Grand-père, j\'ai reçu en même temps que la lettre de mon frère...\\"" (Pelléas, Arkel, Geneviève)', 'Three Preludes: Feuilles mortes', 'Pelléas et Mélisande: Act IV, Scene II. \\""Oh! Cette pierre est lourde ...\\"" (Yniold, Le Berger)', 'Pelléas et Mélisande: Act III, Scene II. \\""Prenez garde; par ici, par ici\\"" (Golaud, Pelléas)', 'Syrinx huilulle, L 129', 'Pelléas et Mélisande - Concert Suite: Acte V. Une chambre dans le château', 'Pelléas et Mélisande: Act III, Scene I. \\""Oh! Oh! Mes cheveux descendent de la tour!\\"" (Mélisande, Pelléas)', 'Suite bergamasque, L. 75, CD 82b, pour orchestre : III. Clair de lune', 'Preludes, Book II: 1. Brouillards', 'Pelléas et Mélisande: Act I, Scene II. \\""Voici ce qu\'il écrit à son frère Pelléas: \'Un soir, je l\'ai trouvée\'\\"" (Geneviève)', 'Trio in G Major for Violin, Cello and Piano: I. Andantino con moto allegro', 'Pelléas et Mélisande: Act IV, Scene I. \\""Apporte-la\\"" (Golaud, Arkel, Mélisande)', ""Children's Corner, L. 113: V. The Little Shepherd"", 'Les Chansons de Bilitis, L. 96: No. 8. Les Courtisanes égyptiennes', 'Pelléas et Mélisande: Act I, Scene III. \\""Hoé! Hisse hoé! Hoé! Hoé!\\"" (Chœr, Mélisande, Pelléas, Geneviève)', 'Petite Suite, L. 65, CD 71a, pour piano à 4 mains : IV. Ballet', 'Études, L. 136: II. Pour les tierces', 'Images pour orchestre, L 122: II. Iberia', 'Iberia No. 2 from \\""Images\\"" for Orchestra: II. The Perfumes of the Night', ""Three Preludes: Ce qu'a vu le vent de l'ouest"", '3 Preludes from Book II: V. Bruyerès. Calme', 'Pelléas et Mélisande: Act V. \\""Qu\'avez-vous fait? Vous allez la tuer\\"" (Arkel, Golaud, Mélisande)', ""Children's Corner, L. 113: III. Serenade for the Doll"", 'Proses lyriques, L. 84, CD 90 : I. De Rêve, mélodie \\""La nuit a des douceurs de femme\\""', 'Clair de lune Samba', 'Pelléas et Mélisande: Act II, Scene II. \\""Ah! Ah! Tout va bien, ce la ne sera rien\\"" (Golaud, Mélisande)', ""Children's Corner - I. Doctor Gradus ad Parnassum"", 'Cinq poèmes de Baudelaire, L. 64, CD 70: II. Harmonie du soir', 'Pierrot', 'Ariettes oubliées, L. 60, CD 63a : IV. Paysages belges. Chevaux de bois, mélodie pour voix et piano \\""Tournez, tournez, bons chevaux de bois\\""', 'Le Martyre de Saint-Sébastien: II. La chambre magique: N°2', ""Études, L. 136: I. Pour les « cinq doigts » d'après monsieur Czerny"", 'Pelléas et Mélisande: Act III, Scene IV. \\""Viens, nous allons nous asseoir ici, Yniold\\"" (Golaud, Yniold)', 'Cello sonata in D minor: I. Prologue', ""Trois Ballades de François Villon, L. 119: I. Ballade de Villon à s'Amye"", 'Fêtes galantes (Premier recueil), L. 80, CD 86 : III. Clair de lune, mélodie pour voix et piano \\""Votre âme est un paysage choisi\\""', 'Trois Ballades de François Villon, L. 119: II. Ballade que Villon feit à la requeste de sa mère pour prier Nostre-Dame', 'En blanc et noir: I. Avec emportement', 'Pelléas et Mélisande: Act II, Scene I. \\""Vous ne savez pas où je vous ai menée?\\"" (Pelléas, Mélisande)', 'Nuit d’étoiles, L. 4, CD 2, mélodie pour voix et piano \\""Nuit d’étoiles, sous tes voiles\\""', 'Pelléas et Mélisande: Act V. \\""Non, non, nous n\'avons pas été coupables\\"" (Mélisande, Golaud)', 'Nocturnes, L. 91, CD 98: III. Sirènes', 'Petite Suite: Menuet', 'La Romance d’Ariel, L. 54, CD 58, mélodie pour voix et piano \\""Au long de ces montagnes douces\\""', 'Proses lyriques, L. 84, CD 90 : III. De Fleurs, mélodie \\""Dans l’ennui si désolément vert\\""', 'Six épigraphes antiques, L. 131: VI. Pour remercier la pluie au matin', 'Preludes, Book II: 8. Ondine', 'Pelléas et Mélisande: Act I, Scene I. \\""Je ne pourrai plus sortir de cette forêt\\"" (Golaud, Mélisande)', 'Le Martyre de Saint-Sébastien: IV. Le laurier blessé: N°1', 'Sonata for flute, viola and harp, L. 137: III. Finale', 'Preludes, Book I: 1. Danseuses de Delphes', ""Children's Corner, L. 113: IV. The Snow is Dancing"", 'Pelléas et Mélisande: Act V. \\""Ouvrez la fenêtre, ouvrez la fenêtre ...\\"" (Mélisande, Arkel, Le médecin)', 'Regret, L. 55, CD 59, mélodie pour voix et piano \\""Devant le ciel d’été, tiède et calme\\""', 'Star Gazers Theme Song', 'Suite bergamasque, L. 75, CD 82 : III. Clair de lune, pour violon et piano', 'Études, L. 136: VII. Pour les degrés chromatiques', 'Les cloches', 'Pour le piano: Sarabande', ""L’Enfant prodigue : 2b. Pourquoi m'as-tu quittée (Lia)"", 'Pelléas et Mélisande - Concert Suite: Acte III, scène 2. Les souterrains du château / Acte IV, scène 2. Un appartement dans le château', 'Pelléas et Mélisande: Act IV, Scene I. \\""Où vas-tu? Il faut que je te parle ce soir\\"" (Pelléas, Mélisande)', 'Romance (Deux Romances, No. 2, 1891)', 'Ariettes oubliées, L. 60, CD 63a : V. Aquarelles, 1. Green, mélodie pour voix et piano \\""Voici des fruits, des fleurs, des feuilles\\""', 'Ariettes oubliées, L. 60, CD 63a : III. Le rossignol qui, du haut d’une branche, mélodie pour voix et piano \\""L’ombre des arbres dans la rivière embrumée\\""', 'Pelléas et Mélisande: Act I, Scene III. \\""Il fait sombre dans les jardins\\"" (Mélisande, Geneviève, Pelléas)', 'Préludes, Livre II, L. 123: IX. Hommage à S. Pickwick Esq. P.P.M.P.C.. Grave', 'Trois Chansons de France, L. 102, CD 115: I. Rondel: Le temps a laissé son manteau', 'Iberia No. 2 from \\""Images\\"" for Orchestra: I. Through the Streets and Roads', ""Three Preludes: Feux d'artifice"", 'Les Chansons de Bilitis, L. 96: No. 1. Chant pastoral', 'Les Chansons de Bilitis, L. 96: No. 7. Le Tombeau sans nom', 'En blanc et noir, L. 134, CD 142', 'Sonata for flute, viola and harp, L. 137: I. Pastorale', 'Études, L. 136: VIII. Pour les agréments', 'Prelude (From Suite Bergamasque)', 'Le Martyre de Saint-Sébastien, fragments symphoniques: I. La Cour de lys', 'Le Martyre de Saint-Sébastien: V. Le paradis: N°1', 'Suite bergamasque, L. 75, CD 82, pour orchestre : III. Clair de lune', 'III. Le Vent dans la plaine', 'Le Martyre de Saint-Sébastien, fragments symphoniques: IV. Le Bon Pasteur', 'Trois Mélodies, L. 81, CD 85, pour une voix avec accompagnement de piano : I. La mer est plus belle que les cathédrales.', 'Sonate pour violoncelle et piano: III. Finale', 'Pelléas et Mélisande: Act I, Scene I. \\""Qu\'est-ce qui brille ainsi, au fond de l\'eau?\\"" (Golaud, Mélisande)', 'Études, L. 136: IX. Pour les notes répétées', 'Nocturnes, L 91: II. Fêtes', 'Petite Suite, L. 65, CD 71, pour violon et piano : III. Menuet', 'Trois Chansons de France, L. 102: II. La Grotte: Auprès de cette grotte sombre', 'Le promenoir des deux amants, L. 118, CD 129, mélodies pour voix et piano', 'Pelléas et Mélisande: Act V. \\""Ce n\'est pas de cette petite blessure qu\'elle peut mourir ...\\"" (Le médecin, Arkel, Golaud)', 'Petite Suite, L. 65, CD 71b, pour orchestre : IV. Ballet', 'Préludes, Livre II, L. 123: XI. Les tierces alternées. Modérément animé', 'Pour le piano, L. 95: I. Prélude. À Mademoiselle M.W. de Romilly. Assez animé et très rythmé - Tempo di cadenza - Tempo I', 'Nocturnes, L 91: III. Sirènes', 'Cinq poèmes de Baudelaire, L. 64, CD 70: V. La Mort des amants', 'Sonate pour violon et piano en sol mineur, L. 140', 'Le Martyre de Saint-Sébastien: III. Le concile des faux dieux: N°5', 'Cinq poèmes de Baudelaire, L. 64, CD 70: IV. Recueillement', 'Fêtes galantes II, L. 104: I. Les Ingénus', 'Études, L. 136: XII. Pour les accords', 'Fêtes galantes II, L. 104: III. Colloque sentimental', 'Preludes, Book I: 2. Voiles', 'Pelléas et Mélisande: Act III, Scene I. \\""Je les noue, je les noue aux branches du saule\\"" (Pelléas, Mélisande, Golaud)', 'Petite Suite, L. 65, CD 71a, pour piano à 4 mains : II. Cortège', 'Études, L. 136: IV. Pour les sixtes', 'Sonate pour violoncelle et piano: II. Sérénade', 'Le Martyre de Saint-Sébastien: II. La chambre magique: N°3', 'Le Martyre de Saint-Sébastien: IV. Le laurier blessé: N°2', 'Streichquartett in g-Moll, Op. 10: Andantino, doucement expressif (Endress-Quartett)', 'Préludes, Livre 1, L. 117 No. 9: La sérénade interrompue', 'Le Martyre de Saint-Sébastien, fragments symphoniques: II. Danse extatique et final du premier acte', 'Engulfed Cathedral (Debussy)', 'Sonata for Violin and Piano in G Minor, L 140: II. Intermède: fantasque et léger', 'Preludes, Book II: 2. Feuilles mortes', 'Musique pour “Le Roi Lear”, L. 107: Fanfare d’ouverture', 'Prelude No. 8: The Girl with the Flaxen Hair', 'Les Chansons de Bilitis, L. 96: No. 2. Les Comparaisons', 'En blanc et noir: III. Scherzando', 'Preludes, Book II: 6. General Lavine - Eccentric', ""Première Rapsodie pour clarinette en si bémol, avec accompagnement d'orchestre, L. 116, CD 124b"", 'Rondel chinois, L. 17, CD 11, mélodie pour voix et piano \\""Sur le lac bordé d’azalée\\""', 'Suite Bergamasque: Passepied: Allegretto ma non troppo', 'Pelléas et Mélisande: Act III, Scene I. \\""Mes longs cheveux descendent\\""', ""Les Chansons de Bilitis, L. 96: No. 9. L'Eau pure du bassin"", 'Pelléas et Mélisande: Act II, Scene II. \\""Tiens, où est l\'anneau que je t\'avais donné?\\"" (Golaud, Mélisande)', 'Pelléas et Mélisande: Act V. \\""Attention... attention\\"" (Arkel, Le médecin)', 'Le Martyre de Saint-Sébastien: III. Le concile des faux dieux: N°7', 'Petite Suite, L. 65, CD 71a, pour piano à 4 mains : I. En bateau', 'Le Martyre de Saint-Sébastien: III. Le concile des faux dieux: N°3', 'Le Martyre de Saint-Sébastien: III. Le concile des faux dieux: N°6', 'Pelléas et Mélisande: Act IV, Scene I. \\""Maintenant que le père de Pelléas est sauvé ...\\"" (Arkel, Mélisande)', 'Suite: Pour le Piano, L.95: III. Toccata (vif)', 'Pelléas et Mélisande: Act III, Scene III. \\""Ah! Je respire enfin!\\"" (Pelléas, Golaud)', 'Ariettes oubliées, L. 60, CD 63a : I. Le vent dans la plaine suspend son haleine, mélodie pour voix et piano \\""C\'est l\'extase langoureuse\\""', 'Le promenoir des deux amants, L. 118, CD 129, mélodies pour voix et piano : II. \\""Crois mon conseil, chère Climène\\""', ""Preludes, Book I: 7. Ce qu'a vu le vent d'ouest"", 'La Mer: II. Jeux de vagues', 'Iberia No. 2 from \\""Images\\"" for Orchestra: III. The Morning of a Holiday', 'Carry', 'Nocturnes, L. 91, CD 98: I. Nuages', 'Petite Suite, L. 65, CD 71b, pour orchestre : II. Cortège', 'Préludes, Livre I, L. 117: VIII. La fille aux cheveux de lin. Très calme et doucement expressif', 'Dialogue of the Wind and the Sea', 'Spleen', 'En sourdine', 'Les Chansons de Bilitis, L. 96: No. 11. Le Souvenir de Mnasidika', 'From Dawn Till Noon on the Sea', 'Pagodes from Estampes', 'La Belle au bois dormant, L. 74, CD 81, mélodie \\""Des trous à son pourpoint vermeil\\""', 'Les Chansons de Bilitis, L. 96: No. 10. La Danseuse aux crotales', ""Preludes, Book II: 12. Feux d'artifice"", 'Fêtes galantes (Premier recueil), L. 80, CD 86 : II. Fantoches, mélodie pour voix et piano \\""Scaramouche et Pulcinella\\""', 'Les Chansons de Bilitis, L. 96: No. 4. Chanson', 'Le promenoir des deux amants, L. 118, CD 129, mélodies pour voix et piano : III. \\""Je tremble en voyant ton visage\\""', 'Nocturnes, L. 91, CD 98: II. Fêtes', 'Le Martyre de Saint-Sébastien: III. Le concile des faux dieux: N°1', 'Préludes', 'Études, L. 136: III. Pour les quartes', 'Pelléas et Mélisande - Concert Suite: Acte I. Une forêt', 'Coquetterie posthume, L. 39, CD 50, mélodie pour voix et piano \\""Quand je mourrai, que l’on me mette\\""', 'Ariettes oubliées, L. 60, CD 63a : VI. Aquarelles, 2. Spleen, mélodie pour voix et piano \\""Les roses étaient toutes rouges\\""', 'Images pour orchestre, L 122: III. Rondes de printemps', 'Apparition, L. 53, CD 57, mélodie pour voix et piano \\""La lune s’attristait. Des séraphins en pleurs\\""', 'Arabesque 1', 'Ariettes oubliées, L. 60, CD 63a : II. Il pleut doucement sur la ville, mélodie pour voix et piano \\""Il pleure dans mon cœur comme il pleure sur la ville\\""', 'Petite Suite, L. 65, CD 71b, pour orchestre : III. Menuet', ""Children's Corner, L. 113: II. Jimbo's Lullaby"", 'Petite Suite, L. 65, CD 71a, pour piano à 4 mains', 'Nocturnes, L 91: I. Nuages', 'Cinq poèmes de Baudelaire, L. 64, CD 70: I. Le Balcon', ""Préludes, Livre II, L. 123: IV. «Les fées sont d'exquises danseuses». Rapide et léger"", 'Pelléas et Mélisande: Act V. \\""Qu\'y-a-t-il? Qu\'est-ce que toutes ces femmes viennent faire ici?\\"" (Golaud, Le médecin, Arkel)', 'Pelléas et Mélisande: Act III, Scene IV. \\""Ah! Ah! Petite mère a allumé sa lampe\\"" (Yniold, Golaud)', 'Le Martyre de Saint-Sébastien, fragments symphoniques: III. La Passion', 'N° 5: The Film: Clair de Lune', 'Le Martyre de Saint-Sébastien, L. 124: Prologue', 'Preludes, Book II: 10. Canope', 'Pelléas et Mélisande: Act III, Scene I. Une des tours du château', 'Le Martyre de Saint-Sébastien: III. Le concile des faux dieux: N°2', 'Pelléas et Mélisande: Act IV, Scene II. \\""Quel est ce bruit? On ferme les portes\\"" (Pelléas, Mélisande)', 'Proses lyriques, L. 84, CD 90 : II. De Grève, mélodie \\""Sur la mer les crépuscules tombent\\""', 'Sonata for Violin and Piano in G Minor, L 140: I. Allegro vivo', 'Pelléas et Mélisande, L. 88, CD 93: Acte IV', 'Trois Chansons de France, L. 102: III. Rondel: Pour ce que Plaisance est morte', 'Pelléas et Mélisande: Act IV, Scene II. \\""On dirait que ta voix a passé sur la mer au printemps!\\"" (Choeur, Mélisande, Pelléas, Geneviève)', ""Children's Corner, L. 113: VI. Golliwogg's Cake-Walk"", 'Le Martyre de Saint-Sébastien: V. Le paradis: N°2', 'Études, L. 136: X. Pour les sonorités opposées', 'Études, L. 136: VI. Pour les huits doigts', 'Pelléas et Mélisande: Act II, Scene I. \\""C\'est au bord d\'une fontaine aussi qu\'il vous a trouvée?\\"" (Pelléas, Mélisande)', 'Fêtes galantes II, L. 104: II. Le Faune', 'Pelléas et Mélisande: Act IV, Scene II. \\""C\'est le dernier soir ...\\"" (Pelléas, Mélisande)', 'Première Suite d’orchestre, L. 50, CD 46 : II. Ballet', 'Rêverie, L. 8, CD 3, mélodie pour voix et piano \\""Le Zéphir à la douce haleine\\""', 'Romance, L. 43, CD 53, mélodie pour voix et piano \\""Silence ineffable de l’heure\\""', 'Le Martyre de Saint-Sébastien, L. 124: Acte III \\""Le Concile des faux dieux\\""', 'Première Suite d’orchestre, L. 50, CD 46 : III. Rêve', 'La Fille aux cheveux de lin, L. 33, CD 15, mélodie pour voix et piano \\""Sur la luzerne en fleur\\""', 'Première Suite d’orchestre, L. 50, CD 46 : I. Fête', 'Première Suite d’orchestre, L. 50, CD 46 : IV. Bacchanale (Cortège et Bacchanale)', 'Trois chansons de Charles d\'Orléans, pour chœur à quatre voix mixtes, L. 92, CD 99: III. \\""Yver, vous n\'estes qu\'un vilain \\""', 'Bilitis: II. Pour un tombeau sans nom', 'Trois poèmes de Stéphane Mallarmé, L. 127, CD 135: III. Éventail \\""Ô rêveuse pour que je plonge\\""', 'Bilitis: IV. Pour la danseuse aux crotales', 'Trois poèmes de Stéphane Mallarmé, L. 127, CD 135: I. Soupir \\""Mon âme vers ton front où rêve, ô calme sœur\\""', 'Bilitis: VI. Pour remercier la pluie au matin', 'Trois poèmes de Stéphane Mallarmé, L. 127, CD 135: II. Placet futile \\""Princesse! À jalouser le destin d\'une Hébé\\""', 'Bilitis: III. Pour que la nuit soit propice', 'Khamma', 'Clair de lune, L. 32, CD 45, mélodie pour voix et piano \\""Votre âme est un paysage choisi\\""', 'My Reverie (Debussy\'s \\""Reverie\\"")', ""Bilitis: V. Pour l'égyptienne"", 'Trois chansons de Charles d\'Orléans, pour chœur à quatre voix mixtes, L. 92, CD 99: II. \\""Quand j\'ay ouy le tabourin\\""', 'Rapsodie pour orchestre et saxophone', ""Bilitis: I. Pour invoquer Pan, dieu du vent d'été"", 'Petite Pièce', 'UTSUKUSHII YUUGURE', 'Romance, L. 52, CD 56, mélodie pour voix et piano \\""Voici que le printemps, ce fil léger d’avril\\""', 'Paysage sentimental, L 45, CD 55, mélodie pour voix et piano \\""Le ciel d’hiver si doux, si triste, si dormant\\""', 'Chanson espagnole, L. 42, CD 49, duo pour 2 voix égales \\""Nous venions de voir le taureau\\""', 'Triolet à Philis \\""Zéphir\\"", L. 12, CD 19, mélodie pour voix et piano \\""Si j’étais le zéphir ailé\\""', 'Musique, L. 44, CD 54, mélodie pour voix et piano \\""La lune se levait, pure, mais plus glacée\\""', 'Printemps, L. 61, CD 68a, suite symphonique en mi majeur pour 2 pianos et chœur', 'Pelléas et Mélisande', 'Cello Sonata', 'String Quartet', ""Children's Corner"", 'Pagodes', 'Jardins sous la pluie', 'Voiles', ""Ce qu'a vu le vent d'ouest"", 'Des pas sur la neige', 'Hommage à S. Pickwick Esq. P.P.M.P.C.', 'Violin Sonata', 'Brouillards', ""L'isle joyeuse"", 'Le Martyre de saint Sébastien', 'Suite bergamasque', 'Études', 'Syrinx', 'La chute de la maison Usher', 'Le diable dans le beffroi', 'La plus que lente', 'Rodrigue et Chimène', 'Première rhapsodie', 'La mer', 'Pour le piano', 'Prelude to the Afternoon of a Faun', 'Nocturnes', 'Deux arabesques', ""Children's Corner, L. 113 No. 5: The Little Shepherd"", ""Children's Corner, L. 113 No. 6: Golliwog's Cake-walk"", 'Ballade (slave), L. 70, CD 78, pour piano', ""L'enfant prodigue"", 'Jeux', 'Beau soir', 'Images pour orchestre', ""Reflets dans l'eau"", 'Estampes', 'Valse romantique', 'Les Angélus', 'Proses Lyriques', 'Trois Chansons de France', 'Apparition', 'Chanson triste', 'Calme dans le demi-jour', ""L'échelonnement des haies"", 'La mer est plus belle', ""Le son du cor s'afflige"", 'Chanson espagnole', 'Coquetterie posthume', 'Fête galante', 'Il dort encore', 'Le lilas', 'Fleur des Blés', 'La damoiselle élue', 'Dans le Jardin', 'La Belle au Bois dormant', 'Ariettes Oubliées', 'Fêtes Galantes I', 'Fêtes Galantes II', 'Trois Ballades de François Villon', ""Trois Chansons de Charles d'Orléans"", 'Cinq Poèmes de Baudelaire', ""La Romance d'Ariel"", 'Chansons de Bilitis', 'De rêve', 'De grève', 'De fleurs', 'De soir', 'La grotte', 'Pour ce que Plaisance est morte', 'Le temps a laissé son manteau', 'Trois Poèmes de Stéphane Mallarmé', 'Chevaux de bois', 'Green', ""C'est l'extase"", ""L'ombre des arbres"", 'Clair de lune', 'Fantoches', 'Colloque sentimental', 'Le faune', 'Les ingénus', 'Auprès de cette grotte sombre', 'Crois mon conseil, chère Climène', 'Je tremble en voyant ton visage', 'Ballade que Villon feit à la requeste de sa mère pour prier Nostre-Dame', ""Ballade de Villon a s'amye"", 'Ballade des femmes de Paris', ""Dieu! qu'il la fait bon regarder!"", ""Yver, vous n'estes qu'un vilain"", ""Quant j'ai ouy le tabourin"", 'Le balcon', 'La mort des amants', 'Harmonie du soir', ""Le jet d'eau"", 'Recueillement', ""L'eau pure du bassin"", 'La Flûte de Pan', 'Bilitis', 'Le Tombeau des Naïades', 'La chevelure', 'La pluie au matin', 'Les Comparaisons', 'Les contes', 'La Danseuse aux crotales', 'Chant pastoral', 'Les Courtisanes égyptiennes', 'Chanson', ""La Partie d'osselets"", 'Le Souvenir de Mnasidika', 'Le Tombeau sans nom', 'Éventail', 'Placet futile', 'Soupir', 'Il pleure dans mon cœur', ""Noël des enfants qui n'ont plus de maisons"", 'Rondel chinois', 'Nuits blanches', 'Les papillons', ""Nuit d'Étoiles"", 'Rêverie', 'Les roses', 'Souhait', 'Mandoline', 'Sérénade', 'Pantomime', ""Rondeau: 'Fut-il jamais'"", 'Tragédie', ""Lia's Recitative and Aria"", ""Siméon's Recitative and Aria"", 'Nuit sans fin', ""Lorsqu'elle est entrée"", 'Paysage sentimental', 'Musique', 'Regret', 'Deux Romances', 'Voici que le printemps', 'Romance', 'Sonata for flute, viola and harp', 'Petite Suite', 'En blanc et noir', 'Fantaisie for piano and orchestra', 'Piano Trio', 'Khamma: Scène 3', 'Six épigraphes antiques, L. 131', 'Cortège et Air de danse de \\""L’Enfant prodigue\\""', 'Khamma: Scène 1. Le Temple intérieur du Grand-Dieu Amun-Ra –', 'Mazurka, L. 67, CD 75, pour piano', 'Les Elfes, CD 25, mélodie pour voix et piano \\""Du sentier des bois aux daims familiers\\""', 'Trois Mélodies, L. 81, CD 85, pour une voix avec accompagnement de piano : II. Le son du cor s’afflige vers les bois.', 'Deux danses pour Harpe, L. 103', 'Two movements from \\""L’Enfant prodigue\\"": Prélude', ""Six épigraphes antiques, L. 131: V. Pour l'Égyptienne"", 'Ministrels for Cello and Piano', 'Étude retrouvée', 'Printemps, L. 61, CD 68b : II. Modéré', 'Six épigraphes antiques, L. 131: II. Pour un tombeau sans nom', 'Images, Livre 2, L. 111: No. 2. Et la lune descend sur le temple qui fut', 'La Boîte à joujoux : III. 2e tableau. Le Champ de bataille', 'Khamma: Au Mouvement –', ""Pièce pour le Vêtement du blessé (Page d'album), L. 133"", ""Images oubliées, L. 87: Quelques aspects de 'Nous n'irons plus au bois' parce qu'il fait un temps insupportable. Très vite - Modéré - Premier Mouvement (vit et joyeax)"", 'Images I: II. Hommages Rameau', 'Rhapsodie pour saxophone et orchestre, L. 98', 'Khamma, L 125', ""Marche écossaise sur un thème populaire, L. 77, CD 83b (Marche des anciens comtes de Ross, dédiée à leur descendant le Général Meredith Reid, grand-croix de l'ordre royal du Rédempteur)"", 'Le Matelot qui tombe à l’eau', 'Élégie, L. 138', 'Images, Livre 1, L. 110: No. 3. Mouvement', 'Rapsodie pour saxophone et piano, L. 98', 'The Tears of Billie Blue', 'Danse profane', ""D'un cahier d'esquisses, L. 99"", ""Images, Livre 2, L. 111: No. 3. Poissons d'or"", 'Khamma: Scène 2 –', 'Khamma: Deuxième Danse. Assez animé – Plus animé peu à peu – Très animé –', 'L’Enfant prodigue, L. 57, CD 61, scène lyrique \\""L’année, en vain chasse l’année\\""', 'Noël des enfants qui n\'ont plus de maison, L. 139, CD 147, mélodie pour voix et piano \\""Nous n’avons plus de maison\\""', 'Tarantelle styrienne, L. 69, CD 77a, (Danse) pour piano', 'Printemps, L. 61, CD 68b : I. Très modéré', 'Deux danses pour Harpe, L. 103: Danse sacrée', 'Masques, L. 105', 'Cortège et Air de danse de \\""L’Enfant prodigue\\"": Cortège', 'Petite Suite, L. 65: I. En bateau', 'Khamma: Première Danse. Grave et lent – Animez – Revenez au Mouvement – Plus lent – Animez peu à peu –', 'La Boîte à joujoux : IV. 3e tableau. La Bergerie à vendre', 'Nocturne, L. 82, CD 89, pour piano', 'Cortège et Air de danse de \\""L’Enfant prodigue\\"": Air de danse', 'Printemps, L. 61, CD 68b, suite symphonique en mi majeur pour 2 pianos et orchestre', ""Marche écossaise sur un thème populaire, L. 77, CD 83a (Marche des anciens comtes de Ross, dédiée à leur descendant le Général Meredith Reid, grand-croix de l'ordre royal du Rédempteur)"", ""Les soirs illuminés par l'ardeur du charbon"", 'Fantaisie pour piano et orchestre, L. 73, CD 72 : II. Lento e molto espressivo', 'Fantaisie pour piano et orchestre, L. 73, CD 72', 'Berceuse héroïque pour piano, L. 132', 'Fantaisie pour piano et orchestre, L. 73, CD 72 : III. Allegro molto', 'Fantaisie pour piano et orchestre, L. 73, CD 72 : I. Andante - Allegro', 'La Boîte à joujoux : II. 1er tableau. Le Magasin de jouets', 'Images oubliées, L. 87: Lent (mélancolique et doux)', 'Mes longs cheveux', 'Khamma: Prélude. Modérément animé (comme un lointain tumulte) –', 'Images II: I. Cloches trevers les feuilles', 'Hommage à Joseph Haydn, L. 115', 'Flots, palmes, sables, L. 25, CD 38, mélodie pour voix et piano (ou harpe) \\""Loin des yeux du monde\\""', 'Danse bohémienne, L. 9, CD 4, pour piano', 'La Boîte à joujoux : VI. Épilogue', 'Khamma: Troisième Danse. Très lent – Plus pénétrant – Doucement contenu –', 'La Boîte à Joujoux : I. Prélude. Le Sommeil de la boîte', ""Images oubliées, L. 87: Dans le mouvement d'une 'Sarabande', c'est-à-dire avec une élégance grâve et lente, même un peu vieux portrait, souvenir du Louvre, etc."", 'Le petit Nègre, L. 114', 'La Boîte à joujoux : V. 4e tableau. Après fortune faite', 'Morceau de concours, L. 108', 'Trois Mélodies, L. 81, CD 85, pour une voix avec accompagnement de piano : III. L’échelonnement des haies moutonne à l’infini', '夏の風の神（「６つの古代墓碑名」より）', 'L’Archet', 'Fleurs des blés, L. 7, CD 16, mélodie pour voix et piano \\""Le long des blés que la brise fait onduler\\""', 'Berceuse héroïque pour orchestre, L. 132', 'Danse: Tarantelle styrienne', 'Aimons-nous et dormons, L. 16, CD 7, mélodie pour voix et piano \\""Aimons-nous et dormons, sans songer au reste du monde\\""', 'Duo', 'Le Martyre de Saint-Sébastien: IV. Le laurier blessé: N°3', 'Première Rapsodie pour clarinette en si bémol, avec accompagnement de piano, L. 116, CD 124a', 'Trio in G Major for Violin, Cello and Piano: IV. Finale. Appassionato', 'Pelléas et Mélisande: Act V. \\""Mélisande...Mélisande ...\\"" - \\""Est-ce vous, Golaud?\\"" (Golaud, Mélisande)', ""Prélude à l'après-midi d'un faune, L. 86, CD 87"", 'Le Martyre de Saint-Sébastien, L. 124: Acte III \\""Le Concile des faux dieux\\"". Fanfare no. 1', 'Les Chansons de Bilitis, L. 96: No. 12. La Pluie au matin', ""Les Chansons de Bilitis, L. 96: No. 5. La Partie d'osselets"", 'Suite Bergamasque - Menuet', 'Mandoline, L. 29, CD 43, mélodie pour voix et piano \\""Les donneurs de sérénades\\""', 'Sonate für Violine und Klavier in g-Moll: Finale: Très animé', 'Quatuor à cordes en sol mineur, op. 10, L. 85, CD 91 : I. Animé et très décidé', 'Pelléas et Mélisande: Act II, Scene III. \\""Oui, c\'est ici, nous y sommes\\"" (Pelléas, Mélisande)', 'Six épigraphes antiques, L. 131: IV. Pour la danseuse aux crotales', 'Preludes, Book I: 11. La Danse de Puck', 'Le Martyre de Saint-Sébastien, L. 124: Acte III \\""Le Concile des faux dieux\\"". Fanfare no. 2', 'Minstrels', 'Pelléas et Mélisande: Act I, Scene II. \\""Je n\'en dis rien\\"" (Arkel, Geneviève)', 'Estampes - I. Pagodes', 'Menuet', 'Musique pour “Le Roi Lear”, L. 107: Le Sommeil de Lear', 'Pour le piano: II. Sarabande', 'Trio in G Major for Violin, Cello and Piano: III. Andante espressivo', 'Pelléas et Mélisande - Concert Suite: Acte II, scène 1. Une fontaine dans le parc', 'Petite Suite, L. 65, CD 71a, pour piano à 4 mains : III. Menuet', 'Trois Ballades de François Villon, L. 119: III. Ballade des femmes de Paris', 'Images pour orchestre, L 122: I. Gigues', 'Fête galante, L. 23, CD 31, mélodie pour voix et piano \\""Voilà Sylandre et Lycas et Myrtil\\""', 'Pelléas et Mélisande: Act IV, Scene I. \\""Pelléas part ce soir\\"" (Golaud, Arkel, Mélisande)']",Tiered-Forest,"La Mer, Prélude à l'après-midi d'un faune, Clair de lune, Pelléas et Mélisande, Images, Nocturnes, Children's Corner, Suite bergamasque, Études, Jeux",True
WebQTest-1766,webqsp,test,what language do russians speak?,Russian,"['Osetin Language', 'Chechen Language', 'Tatar Language', 'Azerbaijani language', 'Abaza Language', 'Mari language', 'Bashkir Language', 'Avar Language', 'Aghul language', 'Tsakhur Language', 'Tuvin Language', 'Moksha Language', 'Erzya Language', 'Kalmyk-Oirat Language', 'Kabardian Language', 'Adyghe Language', 'Rutul language', 'Lezgi Language', 'Ingush Language', 'Altai language', 'Crimean Turkish Language', 'Nogai Language', 'Dargwa Language', 'Komi language', 'Udmurt Language', 'Kumyk Language', 'Karachay-Balkar Language', 'Buryat language', 'Yakut Language', 'Russian Language', 'Tabassaran Language', 'Yiddish Language', 'Lak Language', 'Khakas Language', 'Ukrainian Language']",Tiered-Forest,Russian,True
WebQTest-1726,webqsp,test,where is south portland?,Maine,"['Cumberland County', 'Maine', 'United States of America']",Tiered-Forest,Maine,True
WebQTest-1506,webqsp,test,where is the home stadium of the new england patriots?,Gillette Stadium,['Gillette Stadium'],Tiered-Forest,Gillette Stadium,True
WebQTest-78,webqsp,test,what type of cancer did eva peron have?,cervical cancer,['Cervical cancer'],Tiered-Forest,cervical cancer,True
WebQTest-613,webqsp,test,what college did deion sanders jr go to?,Southern Methodist University,['Florida State University'],Tiered-Forest,Southern Methodist University,False
WebQTest-98,webqsp,test,who was vice president when jfk was president?,Lyndon B. Johnson,['Lyndon B. Johnson'],Tiered-Forest,Lyndon B. Johnson,True
WebQTest-1772,webqsp,test,who is the prime minister of spain 2011?,Mariano Rajoy,"['José Luis Rodríguez Zapatero', 'Mariano Rajoy']",Tiered-Forest,Mariano Rajoy,True
WebQTest-493,webqsp,test,what type of government does australia have?,federal parliamentary constitutional monarchy,"['Parliamentary system', 'Constitutional monarchy', 'Federal monarchy']",Tiered-Forest,federal parliamentary constitutional monarchy,True
WebQTest-1564,webqsp,test,what did bobby darin die of?,heart failure,['Surgical complications'],Tiered-Forest,heart failure,False
WebQTest-836,webqsp,test,who did vladimir lenin marry?,Nadezhda Krupskaya,['Nadezhda Krupskaya'],Tiered-Forest,Nadezhda Krupskaya,True
WebQTest-430,webqsp,test,what instruments does justin bieber use?,"guitar, piano, drums",['Vocals'],Tiered-Forest,"guitar, piano, drums",False
WebQTest-1033,webqsp,test,who played dana scully in x files?,Gillian Anderson,['Gillian Anderson'],Tiered-Forest,Gillian Anderson,True
WebQTest-315,webqsp,test,where was country singer george jones born?,"Saratoga, Texas",['Saratoga'],Tiered-Forest,"Saratoga, Texas",True
WebQTest-1733,webqsp,test,who or what influenced frank lloyd wright?,Louis Sullivan,"['Ebenezer Howard', 'Georges I. Gurdjieff and Thomas De Hartmann', 'Bruce Price', 'William Morris', 'Henry David Thoreau', 'Elizabeth Gordon', 'Louis Sullivan']",Tiered-Forest,Louis Sullivan,True
WebQTest-253,webqsp,test,what countries included in the uk?,"England, Scotland, Wales, Northern Ireland","['England', 'Northern Ireland', 'Scotland', 'Wales']",Tiered-Forest,"England, Scotland, Wales, Northern Ireland",True
WebQTest-102,webqsp,test,who played barbara gordon batgirl?,Yvonne Craig,"['Ilyssa Fradin', 'Melinda McGraw', 'Hannah Gunn']",Tiered-Forest,Yvonne Craig,False
WebQTest-1596,webqsp,test,what language do they use in pakistan?,"Urdu, English","['English Language', 'Urdu Language']",Tiered-Forest,"Urdu, English",False
WebQTest-1524,webqsp,test,who invented islamic religion?,Muhammad,['Muhammad in Islam'],Tiered-Forest,Muhammad,True
WebQTest-1442,webqsp,test,what currency shall i take to croatia?,Croatian kuna,['Croatian kuna'],Tiered-Forest,Croatian kuna,True
WebQTest-199,webqsp,test,what type of government does iraq have now?,federal parliamentary republic,"['Parliamentary system', 'Republic', 'Parliamentary republic', 'Federal republic']",Tiered-Forest,federal parliamentary republic,True
WebQTest-1084,webqsp,test,what sports do people play in poland?,"association football, volleyball, speedway, handball, basketball, ski jumping","['Poland national handball team', ""Poland women's national handball team"", ""Poland men's national volleyball team"", ""Poland women's national volleyball team"", 'Asseco Gdynia', 'KK Włocławek', 'Turów Zgorzelec', 'Poland national football team', 'Stal Gorzów Wielkopolski', 'Śląsk Wrocław', 'GTŻ Grudziądz', 'Basket Zielona Góra']",Tiered-Forest,"association football, volleyball, speedway, handball, basketball, ski jumping",False
WebQTest-404,webqsp,test,what was lebron james first team?,Cleveland Cavaliers,['Cleveland Cavaliers'],Tiered-Forest,Cleveland Cavaliers,True
WebQTest-2010,webqsp,test,what degrees does romney have?,"Juris Doctor, Bachelor of Arts","['Juris Doctor', 'Bachelor of Arts', 'MBA']",Tiered-Forest,"Juris Doctor, Bachelor of Arts",True
WebQTest-1608,webqsp,test,what language is mainly spoken in egypt?,Arabic,"['Siwi Language', 'Egyptian Arabic', ""Sa'idi Arabic"", 'Bedawi Arabic']",Tiered-Forest,Arabic,True
WebQTest-44,webqsp,test,what is the state flower of arizona?,Saguaro cactus blossom,['Saguaro'],Tiered-Forest,Saguaro cactus blossom,True
WebQTest-1005,webqsp,test,what is capital city of morocco?,Rabat,['Rabat'],Tiered-Forest,Rabat,True
WebQTest-2025,webqsp,test,which ocean does the zambezi river flow into?,Indian Ocean,['Indian Ocean'],Tiered-Forest,Indian Ocean,True
WebQTest-837,webqsp,test,what year did the baltimore ravens win superbowl?,"2000, 2012","['Super Bowl XLVII', 'Super Bowl XXXV']",Tiered-Forest,"2000, 2012",False
WebQTest-1976,webqsp,test,what team did drogba play for?,Chelsea,"['Chelsea F.C.', 'Olympique de Marseille', 'Ivory Coast national football team', 'Shanghai Greenland Shenhua F.C.', 'En Avant de Guingamp', 'Le Mans FC', 'Galatasaray S.K.']",Tiered-Forest,Chelsea,True
WebQTest-770,webqsp,test,what did steve mcnair died from?,gunshot wounds,['Ballistic trauma'],Tiered-Forest,gunshot wounds,False
WebQTest-195,webqsp,test,what kind of guitar did george harrison use?,"Rickenbacker 360/12, Gibson J-160E, Fender Stratocaster","['Fender Stratocaster', 'Rickenbacker 360/12']",Tiered-Forest,"Rickenbacker 360/12, Gibson J-160E, Fender Stratocaster",True
WebQTest-710,webqsp,test,what style of art did henri matisse do?,"Fauvism, Modernism","['Modern art', 'Impressionism', 'Neo-impressionism', 'Fauvism', 'Modernism']",Tiered-Forest,"Fauvism, Modernism",True
WebQTest-937,webqsp,test,where are people who speak arabic from?,Arab world,"['Bahrain', 'Saudi Arabia', 'Yemen', 'Turkey', 'Djibouti', 'Egypt', 'Seljuk Empire', 'Jordan', 'South Yemen', 'Iran', 'Israel', 'Kuwait', 'Libya', 'Lebanon', 'Mauritania', 'Morocco', 'Oman', 'Qatar', 'Sudan', 'Syria', 'Tanzania', 'Tunisia', 'Iraq', 'Canada', 'Algeria', 'Mandatory Palestine', 'South Africa', 'United Arab Emirates', 'Comoros', 'Eritrea']",Tiered-Forest,Arab world,False
WebQTest-1212,webqsp,test,what did mark zuckerberg study?,"psychology, computer science","['Computer programming', 'Computer Science', 'Psychology']",Tiered-Forest,"psychology, computer science",True
WebQTest-1883,webqsp,test,where did robert downey jr go to jail?,"California Substance Abuse Treatment Facility and State Prison, Corcoran","['California Substance Abuse Treatment Facility and State Prison, Corcoran']",Tiered-Forest,"California Substance Abuse Treatment Facility and State Prison, Corcoran",True
WebQTest-1840,webqsp,test,what do they speak in norway?,Norwegian,"['Saami, South Language', 'Saami, North Language', 'Norwegian Language', 'Saami, Lule Language', 'Finnish, Kven Language', 'Bokmål', 'Nynorsk']",Tiered-Forest,Norwegian,True
WebQTest-1063,webqsp,test,where is audrey hepburn from?,"Brussels, Belgium",['Ixelles'],Tiered-Forest,"Brussels, Belgium",False
WebQTest-1455,webqsp,test,what capital city of brazil?,Brasília,['Brasília'],Tiered-Forest,Brasília,True
WebQTest-1355,webqsp,test,what school did robert f kennedy go to?,Harvard University,"['Harvard College', 'Bates College', 'Milton Academy', 'Harvard University', 'University of Virginia School of Law', 'University of Virginia']",Tiered-Forest,Harvard University,True
WebQTest-1104,webqsp,test,what do we call the currency of france?,Euro,"['CFP franc', 'Euro']",Tiered-Forest,Euro,True
WebQTest-1810,webqsp,test,what type of art leonardo da vinci do?,"painting, drawing, sculpture, architecture, science, engineering","['Drawing', 'Painting', 'Sculpture']",Tiered-Forest,"painting, drawing, sculpture, architecture, science, engineering",True
WebQTest-77,webqsp,test,what capital of austria?,Vienna,['Vienna'],Tiered-Forest,Vienna,True
WebQTest-1482,webqsp,test,who played carmen cortez in spy kids?,Alexa PenaVega,"['Alexa Vega', 'Addisyn Fair']",Tiered-Forest,Alexa PenaVega,False
WebQTest-1847,webqsp,test,where does kurdish people live?,"Iran, Iraq, Syria, Turkey",['Asia'],Tiered-Forest,"Iran, Iraq, Syria, Turkey",False
WebQTest-1146,webqsp,test,who did johnny depp play in corpse bride?,Victor Van Dort,['Victor Van Dort'],Tiered-Forest,Victor Van Dort,True
WebQTest-1770,webqsp,test,what country does rafael nadal play for?,Spain,['Spain'],Tiered-Forest,Spain,True
WebQTest-1078,webqsp,test,what language do australia people speak?,English,"['English Language', 'Esperanto Language', 'Lojban']",Tiered-Forest,English,True
WebQTest-356,webqsp,test,what airport is near arlington tx?,Dallas/Fort Worth International Airport,['Arlington Municipal Airport'],Tiered-Forest,Dallas/Fort Worth International Airport,False
WebQTest-1928,webqsp,test,what wnba team is diana taurasi on?,Phoenix Mercury,"['UMMC Ekaterinburg', 'Phoenix Mercury']",Tiered-Forest,Phoenix Mercury,True
WebQTest-635,webqsp,test,what characters does matt stone do?,"Kenny McCormick, Eric Cartman, Butters Stotch, Kyle Broflovski, Stan Marsh","['Kenny McCormick', 'Kyle Broflovski', 'Wizard of Oz', 'Terrance Henry Stoot', 'Gerald Broflovski', 'Bill Gates', 'Ethan Hawke', 'Chris', 'George Clooney', 'Danny Glover', 'Jimbo Kearn', 'Saddam Hussein', 'James Humphries', 'Former Columbine Student', 'Doug Remer', 'Hermaphrodite', 'Taper Guy', 'Kyle / Kenny / Jesus', 'Dave the Lighting Guy', 'Man toasting drinks at MCA outdoor bar', 'Ticket Taker']",Tiered-Forest,"Kenny McCormick, Eric Cartman, Butters Stotch, Kyle Broflovski, Stan Marsh",True
WebQTest-573,webqsp,test,where did melba beals live?,"San Francisco, California",['Arkansas'],Tiered-Forest,"San Francisco, California",False
WebQTest-392,webqsp,test,what team is hank baskett on 2010?,Indianapolis Colts,"['Indianapolis Colts', 'Minnesota Vikings', 'Philadelphia Eagles']",Tiered-Forest,Indianapolis Colts,True
WebQTest-1612,webqsp,test,what type of art did raphael sanzio create?,Renaissance art,"['Drawing', 'Painting']",Tiered-Forest,Renaissance art,False
WebQTest-1947,webqsp,test,what currency do they use in switzerland?,Swiss franc,['Swiss franc'],Tiered-Forest,Swiss franc,True
WebQTest-1427,webqsp,test,who was the secretary of state when andrew jackson was president?,"Martin Van Buren, Edward Livingston, Louis McLane, John Forsyth","['Edward Livingston', 'Louis McLane', 'Martin Van Buren', 'James Alexander Hamilton']",Tiered-Forest,"Martin Van Buren, Edward Livingston, Louis McLane, John Forsyth",True
WebQTest-1183,webqsp,test,where was farrah fawcett buried?,Westwood Village Memorial Park Cemetery,['Westwood Village Memorial Park Cemetery'],Tiered-Forest,Westwood Village Memorial Park Cemetery,True
WebQTest-1327,webqsp,test,where is shakira from?,Colombia,['Colombia'],Tiered-Forest,Colombia,True
WebQTest-1705,webqsp,test,where was franz ferdinand from?,Austria-Hungary,['Glasgow'],Tiered-Forest,Austria-Hungary,False
WebQTest-627,webqsp,test,what nationality is taylor lautner jacob black?,American,['United States of America'],Tiered-Forest,American,False
WebQTest-58,webqsp,test,who did jackie robinson first play for?,Kansas City Monarchs,['UCLA Bruins football'],Tiered-Forest,Kansas City Monarchs,False
WebQTest-1592,webqsp,test,what are all the songs justin bieber wrote?,"Baby, One Less Lonely Girl, One Time, Down to Earth, Bigger, First Dance, Love Me, Common Denominator","['Lolly', 'Home to Mama', 'Baby', 'Never Let You Go', 'Eenie Meenie', 'Somebody to Love', 'Never Say Never', 'Bigger', 'Pray', 'First Dance', 'Live My Life', 'Boyfriend', ""Turn to You (Mother's Day Dedication)"", 'Die in Your Arms', 'Thought Of You', 'Beauty And A Beat', 'All Around The World', 'As Long as You Love Me', 'Beautiful', 'Right Here', '#thatPower', 'Heartbreaker', 'All That Matters', 'Hold Tight', 'Wait for a Minute', 'Recovery', 'Bad Day', 'All Bad', 'PYD', 'Change Me', 'Roller Coaster', 'Confident']",Tiered-Forest,"Baby, One Less Lonely Girl, One Time, Down to Earth, Bigger, First Dance, Love Me, Common Denominator",True
WebQTest-1313,webqsp,test,who were demeter's siblings?,"Hestia, Hera, Hades, Poseidon, Zeus",['Zeus'],Tiered-Forest,"Hestia, Hera, Hades, Poseidon, Zeus",True
WebQTest-1963,webqsp,test,what position did vince lombardi play?,guard,['Right guard'],Tiered-Forest,guard,True
WebQTest-1065,webqsp,test,who does darth vaders voice?,James Earl Jones,"['Dr. Smoov', 'Zac Efron', 'Abraham Benrubi', 'Matt Lanter', 'James Earl Jones']",Tiered-Forest,James Earl Jones,True
WebQTest-317,webqsp,test,where does russia import from?,"China, Germany, Belarus, United States, Italy",['Uzbekistan'],Tiered-Forest,"China, Germany, Belarus, United States, Italy",False
WebQTest-1396,webqsp,test,who played darth vader at the end of return of the jedi?,Sebastian Shaw,"['Sebastian Shaw', 'David Prowse', 'James Earl Jones']",Tiered-Forest,Sebastian Shaw,True
WebQTest-841,webqsp,test,what is money called in italy?,Euro,['Euro'],Tiered-Forest,Euro,True
WebQTest-1889,webqsp,test,who was vice president with bill clinton?,Al Gore,['Al Gore'],Tiered-Forest,Al Gore,True
WebQTest-629,webqsp,test,what company does nike own?,Converse,"['Nike Brand Kitchen', 'Converse', 'Umbro', 'Hurley International', 'NIKE Deutschland GmbH', 'NIKE Mexico Holdings LLC', 'NIKE Vietnam Co', 'Cole Haan Co Store', 'NIKE Flight', 'Umbro Sportwear Ltd', 'Yugen Kaisha Hurley Japan', 'Converse Footwear Technical Service (Zhongshan) Co Ltd', 'Hurley999 UK Ltd', 'BRS NIKE Taiwan Inc', 'Converse Trading Co B.V.', 'Bragano Trading S.r.l.', 'Converse Canada Holding B.V.', 'Converse Hong Kong Ltd', 'PT Hurley Indonesia', 'NIKE 360 Holding B.V.', 'NIKE SALES (MALAYSIA) SDN. BHD.', 'NIKE Chile B.V.', 'NIKE Tailwind', 'Savier Inc', 'NIKE GmbH', 'NIKE Poland Sp.zo.o', 'NIKE Huarache', 'NIKE Finland OY', 'Umbro Schweiz Ltd', 'Converse Sporting Goods (China) Co Ltd', 'NIKE India Holding B.V.', 'NIKE Servicios de Mexico S. de R.L. de C.V.', 'Twin Dragons Holding B.V.', 'NIKE Licenciamentos do Brasil Ltda', 'NIKE UK Holding B.V.', 'NIKE BH B.V.', 'NIKE International Ltd', 'NIKE Sports (China) Co Ltd', 'Converse Netherlands B.V.', 'Exeter Hong Kong Ltd', 'PT NIKE Indonesia', 'NIKE Argentina Srl', 'PMG International Ltd', 'Cole Haan Hong Kong Ltd', 'Umbro Worldwide Ltd', 'NIKE de Chile Ltda', 'Umbro HK Ltd', 'NIKE European Operations Netherlands B.V.', 'Umbro Licensing Ltd', 'Converse Canada Corp', 'NIKE (Suzhou) Sports Co Ltd', 'NIKE Hellas EPE', 'NIKE Retail LLC', 'Manchester United Merchandising Ltd', 'NIKE Cortez', 'Umbro Asia Sourcing Ltd', 'NIKE Africa Ltd', 'Exeter Brands Group LLC', 'NIKE Asia Holding B.V.', 'NIKE Group Holding B.V.', 'NIKE Retail B.V.', 'American NIKE SL', 'Cole Haan Japan', 'Umbro.com', 'NIKE (UK) Ltd', 'NIKE Russia LLC', 'NIKE Laser Holding B.V.', 'NIKE TN Inc', 'Umbro Finance Ltd', 'NIKE Denmark ApS', 'NIKE Max LLC', 'NIKE Vapor Ltd', 'NIKE Japan Corp', 'NIKE Canada Corp', 'NIKE Italy S.R.L.', 'NIKE Suzhou Holding HK Ltd', 'NIKE Europe Holding B.V.', 'NIKE Zoom LLC', 'Umbro JV Ltd', 'NIKE Global Trading PTE. LTD', 'NIKE Philippines Inc', 'Futbol Club Barcelona SL', 'NIKE France SAS.', 'NIKE (Switzerland) GmbH', 'NIKE Holding LLC', 'NIKE Retail Poland sp. z o. o.', 'Hurley 999 SL', 'NIKE Canada Holding B.V.', 'NIKE Sweden AB', 'NIKE (Thailand) Ltd', 'NIKE Hong Kong Ltd', 'NIKE Retail Services Inc', 'NIKE Finance Ltd', 'Umbro Ltd', 'NIKE China Holding HK Ltd', 'NIKE International Holding B.V.', 'NIKE Sourcing India Private Ltd', 'NIKE do Brasil Comercio e Participacoes Ltda', 'NIKE New Zealand Co', 'NIKE Vision Timing & Techlab LP', 'Triax Insurance Inc', 'Umbro International JV', 'Umbro International Holdings Ltd', 'NIKE Australia Pty. Ltd', 'NIKE International LLC', 'NIKE South Africa Ltd', 'NIKE Galaxy Holding B.V.', 'Hurley Australia Pty Ltd', 'Juventus Merchandising S.r.l.', 'NIKE Jump Ltd', 'Umbro International Ltd', 'NIKE Dunk Holding B.V.', 'NIKE NZ Holding B.V.', 'NIKE Waffle', 'NIKE Lavadome', 'NIKE Trading Co B.V.', 'NIKE IHM Inc', 'Twin Dragons Global Ltd', 'Converse Hong Kong Holding Co Ltd', 'NIKE de Mexico S de R.L. de C.V.', 'NIKE Logistics Yugen Kaisha', 'NIKE USA Inc', 'Converse (Asia Pacific) Ltd', 'NIKE Australia Holding B.V.', 'NIKE International Holding Inc', 'NIKE South Africa Holdings LLC', 'NIKE Sports Korea Co Ltd', 'NIKE Israel Ltd', 'NIKE CA LLC', 'NIKE Global Holding B.V.', 'NIKE Offshore Holding B.V.', 'USISL Inc', 'NIKE Global Services PTE. LTD', 'NIKE Pegasus', 'Hurley International Holding B.V.', 'NIKE India Private Ltd', 'NIKE SINGAPORE PTE LTD', 'Nike Vision', 'Cole Haan', 'Nike Golf']",Tiered-Forest,Converse,True
WebQTest-751,webqsp,test,who owns google 2012?,"Larry Page, Sergey Brin","['Vic Gundotra', 'Patrick Pichette', 'Nikesh Arora', 'David Drummond', 'Larry Page']",Tiered-Forest,"Larry Page, Sergey Brin",True
WebQTest-1387,webqsp,test,what time zone is toronto gmt?,GMT-5,['Eastern Time Zone'],Tiered-Forest,GMT-5,False
WebQTest-1174,webqsp,test,what cancer did jackie kennedy die of?,non-Hodgkin lymphoma,['Lymphoma'],Tiered-Forest,non-Hodgkin lymphoma,True
WebQTest-1861,webqsp,test,what is the government system of saudi arabia?,absolute monarchy,"['Unitary state', 'Islamic state', 'Absolute monarchy']",Tiered-Forest,absolute monarchy,True
WebQTest-1591,webqsp,test,what was obama's former occupation?,"U.S. Senator, Illinois State Senator","['Lawyer', 'Writer', 'Politician', 'Law professor', 'Author']",Tiered-Forest,"U.S. Senator, Illinois State Senator",False
WebQTest-787,webqsp,test,where is the riviera casino?,Las Vegas,['Las Vegas'],Tiered-Forest,Las Vegas,True
WebQTest-1249,webqsp,test,what is the state flower of new mexico?,Yucca flower,['Yucca flower'],Tiered-Forest,Yucca flower,True
WebQTest-1765,webqsp,test,what region is turkey considered?,Middle East,['Eurasia'],Tiered-Forest,Middle East,False
WebQTest-814,webqsp,test,where is harley davidson corporate headquarters?,"Milwaukee, Wisconsin",['Milwaukee'],Tiered-Forest,"Milwaukee, Wisconsin",True
WebQTest-362,webqsp,test,when did conflict start in ireland?,1968,"['Irish War of Independence', ""Nine Years' War"", 'Irish Confederate Wars', 'Irish Rebellion of 1798', 'Wars of the Three Kingdoms', 'Irish Civil War', 'Siege of Smerwick', 'Anglo-Spanish War', 'Williamite War in Ireland', 'Jacobite risings', ""Expédition d'Irlande"", 'Irish Rebellion of 1641', 'Cromwellian conquest of Ireland', 'Desmond Rebellions', 'Planned French invasion of Britain', 'Sack of Dun Gallimhe', 'Battle of Tochar Cruachain-Bri-Ele', 'Battle of Ros-Mhic-Thriúin', 'Guerrilla phase of the Irish Civil War', 'Battle of Affane', 'Siege of Drogheda', 'Battle of the Curragh', 'Battle of Knockdoe', 'Irish Free State offensive', 'Siege of Waterford', 'Norman invasion of Ireland', 'Bruce campaign in Ireland', 'Battle of Belahoe', 'Second Desmond Rebellion', 'Battle of Glentaisie', 'Siege of Wexford']",Tiered-Forest,1968,False
WebQTest-1922,webqsp,test,what offices did theodore roosevelt hold?,"Vice President of the United States, President of the United States, Governor of New York","['President', 'Member of the Legislative Assembly', 'Assistant Secretary', 'Vice President', 'Governor']",Tiered-Forest,"Vice President of the United States, President of the United States, Governor of New York",True
WebQTest-1460,webqsp,test,what was gregor mendel contribution?,"genetics, inheritance, pea plants","['Monk', 'Botanist', 'Scientist']",Tiered-Forest,"genetics, inheritance, pea plants",False
WebQTest-1057,webqsp,test,what concentration camp did anne frank died in?,Bergen-Belsen concentration camp,['Bergen-Belsen concentration camp'],Tiered-Forest,Bergen-Belsen concentration camp,True
WebQTest-1368,webqsp,test,who formed the american federation of labor?,Samuel Gompers,['Samuel Gompers'],Tiered-Forest,Samuel Gompers,True
WebQTest-1584,webqsp,test,what disease did bernie mac die of?,pneumonia,"['Sarcoidosis', 'Complications from pneumonia']",Tiered-Forest,pneumonia,True
WebQTest-1855,webqsp,test,what airport do you fly into in paris?,"Charles de Gaulle Airport, Orly Airport","['Paris Orly Airport', 'Charles de Gaulle Airport']",Tiered-Forest,"Charles de Gaulle Airport, Orly Airport",True
WebQTest-1551,webqsp,test,what year did seattle seahawks go to the super bowl?,"2005, 2013, 2014","['Super Bowl XL', 'Super Bowl XLVIII']",Tiered-Forest,"2005, 2013, 2014",False
WebQTest-97,webqsp,test,what songs does smokey robinson sing?,"Cruisin', The Tracks of My Tears, The Tears of a Clown, I Second That Emotion, You've Really Got a Hold on Me","['The Tears of a Clown', 'Shop Around', ""You've Really Got a Hold on Me"", 'Blame It on Love', 'Just Like You', ""If You Wanna Make Love (Come 'round Here)"", ""Don't Play Another Love Song"", 'Tell Me Tomorrow', 'Being With You', 'Just a Touch Away', 'Baby Come Close', 'Let Me Be the Clock', 'Tracks of My Tears', ""Crusin'"", 'Jingle Bells', 'Pops, We Love You (disco)', 'The Tracks of My Tears', 'The Track of My Tears', 'Whole Lot of Shakin’ in My Heart (Since I Met You)', 'Bad Girl', 'I’ve Got You Under My Skin', 'God Rest Ye Merry Gentlemen', 'Come by Here (Kum Ba Ya)', 'One Heartbeat', ""It's Time to Stop Shoppin' Around"", 'Why Do Happy Memories Hurt So Bad', ""You Don't Know What It's Like"", ""What's Too Much"", 'Love Brought Us Here', ""Love Don't Give No Reason"", 'Keep Me', 'The Way You Do (The Things You Do)', 'Get Ready', 'You Really Got a Hold on Me', 'Ooh Baby Baby', ""Ain't That Peculiar"", 'My Girl', 'Quiet Storm', ""Cruisin'"", 'Melody Man', 'We’ve Come Too Far to End It Now', 'Save Me', 'With Your Love Came', 'I Can’t Stand to See You Cry (Commercial version)', 'Just to See Her', 'Just My Soul Responding', 'My World', ""Fallin'"", ""You've Really Go a Hold on Me"", 'Going to a Go Go', ""Mickey's Monkey"", ""Baby That's Backatcha"", 'I Second That Emotion', 'More Love', 'Yester Love', 'Ooo Baby Baby', ""I've Made Love to You a Thousand Times"", 'Quiet Storm (single version)', 'Christmas Every Day', 'So Bad', 'Noël', 'Tears Of A Clown', ""It's Christmas Time"", 'When Smokey Sings Tears Of A Clown', 'Quiet Storm (Groove Boutique remix)', 'I Can’t Stand to See You Cry (Stereo Promo version)', 'Virgin Man', 'Nearness of You', 'Everything for Christmas', 'Deck the Halls', 'Christmas Greeting', 'Away in the Manger / Coventry Carol', 'The Agony and the Ecstasy', 'Wedding Song', 'Love Letters', 'Coincidentally', ""It's A Good Night"", 'I Love The Nearness Of You', ""The Hurt's On You"", 'Share It', 'Theme From the Big Time', ""Did You Know (Berry's Theme)"", 'You Go to My Head', ""I'm in the Mood for Love"", 'Our Love Is Here to Stay', 'Fly Me to the Moon (In Other Words)', 'Night and Day', ""I'm Glad There Is You"", 'More Than You Know', 'Speak Low', 'Time After Time', ""I Can't Give You Anything but Love"", 'I Like Your Face', ""I've Got You Under My Skin"", 'Tea for Two', 'Why', 'Double Good Everything', 'Rewind', 'Be Who You Are', 'I Love Your Face', ""I Can't Get Enough"", 'Rack Me Back', 'When A Woman Cries', 'You Take Me Away', 'Skid Row', 'Love Is The Light', 'Everything You Touch', ""Love' n Life"", 'Same Old Love', ""I Can't Find"", 'Take Me Through The Night', ""Don't Wanna Be Just Physical"", 'Come to Me Soon', 'You Made Me Feel Love', 'Jasmin', 'Easy', 'Just Another Kiss', 'Unless You Do It Again', 'Love So Fine', ""Can't Fight Love"", 'The Tracks of My Tears (live)', ""And I Don't Love You (Larry Levan instrumental dub)"", 'Walk on By', 'As You Do', 'Never My Love / Never Can Say Goodbye', 'Tell Me Tomorrow, Part 1', 'If You Want My Love', 'Food For Thought', 'Will You Still Love Me Tomorrow', 'You Cannot Laugh Alone', 'Vitamin U', 'In My Corner', 'If You Wanna Make Love', 'I Hear The Children Singing', 'A Silent Partner in a Three-Way Love Affair', 'Holly', 'Will You Love Me Tomorrow?', 'The Family Song', 'Wanna Know My Mind', 'I Care About Detroit', ""And I Don't Love You"", ""It's a Good Feeling"", 'I Second That Emotions', 'Crusin', 'You Are Forever', 'Going to a Go-Go', 'Cruisin', 'Ooo Baby Baby (live)', 'Aqui Con Tigo (Being With You)', ""Who's Sad"", 'Aqui Contigo (Being With You) (Eric Bodi Rivera Mix)', ""I'll Keep My Light In My Window"", ""It's Fantastic"", ""We've Saved The Best For Last (Kenny G with Smokey Robinson)"", 'Christmas Everyday', 'Shoe Soul', 'Whatcha Gonna Do', 'One Time', 'Girlfriend', ""You're the One for Me (feat. Joss Stone)"", 'Love Bath', ""You're Just My Life (feat. India.Arie)"", 'That Place', 'I Want You Back', ""Please Don't Take Your Love (feat. Carlos Santana)"", 'Satisfy You', 'Time Flies', ""Don't Know Why"", 'You Are So Beautiful (feat. Dave Koz)', 'Sweet Harmony', 'I Am, I Am', 'Heavy On Pride (Light On Love)', 'Be Kind To The Growing Mind (with The Temptations)', ""Season's Greetings from Smokey Robinson"", 'Noel', 'A Child Is Waiting', 'The Christmas Song', 'If You Can Want', ""Yes It's You Lady"", 'Quiet Storm (Groove Boutique Chill Jazz mix)', 'Tell Me Tomorrow (12\\"" extended mix)', 'Just To See Her Again', 'Ebony Eyes (Duet with Rick James)', 'Blame It On Love (Duet with Barbara Mitchell)', 'I Have Prayed On It', ""Love Don' Give No Reason (12 Inch Club Mix)"", 'Quiet Storm (Groove Boutique Chill Jazz mix feat. Ray Ayers)', ""Mother's Son"", ""There Will Come A Day ( I'm Gonna Happen To You )"", 'Tracks Of My Tears (Live)', 'Little Girl, Little Girl', 'Going to a Gogo', 'Happy (Love Theme From Lady Sings the Blues)', 'Medley: Never My Love / Never Can Say Goodbye', 'Will You Love Me Tomorrow', 'My Guy', 'Pops, We Love You', 'I Am I Am', 'Open', 'Daylight & Darkness', ""There Will Come a Day (I'm Gonna Happen to You)"", 'Ebony Eyes', ""We've Saved the Best for Last"", 'A Tattoo', 'I Praise & Worship You Father', 'The Tracks of My Heart', 'Jesus Told Me To Love You', ""She's Only a Baby Herself"", 'Let Your Light Shine On Me', ""It's Her Turn to Live"", 'Just Passing Through', 'Asleep on My Love', 'I Know You by Heart', 'Tears of a Sweet Free Clown', 'Santa Claus is Coming to Town', 'Ever Had A Dream', ""Gang Bangin'"", 'Fulfill Your Need', 'Standing On Jesus', 'The Love Between Me and My Kids', 'The Road to Damascus', 'He Can Fix Anything', 'We Are The Warriors', ""(It's The) Same Old Love"", 'Little Girl Little Girl', 'Te Quiero Como Si No Hubiera Un Manana', ""Because of You It's the Best It's Ever Been"", 'Sleepless Nights', 'Hold on to Your Love', 'Photograph in My Mind', 'Be Kind to the Growing Mind', 'Driving Thru Life in the Fast Lane', 'Gone Forever', ""Girl I'm Standing There"", 'No Time to Stop Believing', 'Train of Thought', 'Close Encounters of the First Kind', 'Hanging on by a Thread', 'Why Are You Running From My Love', 'Wishful Thinking', 'Some People Will Do Anything for Love', 'And I Love Her', 'First Time on a Ferris Wheel (Love Theme From \\""Berry Gordy\'s The Last Dragon\\"")', 'Winter Wonderland', 'The Christmas Song (Chestnuts Roasting on an Open Fire) (feat. The Temptations)', 'Be Careful What You Wish For', 'Really Gonna Miss You', 'Be Careful What You Wish For (instrumental)', 'Please Come Home for Christmas']",Tiered-Forest,"Cruisin', The Tracks of My Tears, The Tears of a Clown, I Second That Emotion, You've Really Got a Hold on Me",True
WebQTest-126,webqsp,test,who wrote the jana gana mana?,Rabindranath Tagore,"['Ram Singh Thakur', 'Rabindranath Tagore']",Tiered-Forest,Rabindranath Tagore,True
WebQTest-56,webqsp,test,what county is kansas city kansas?,Wyandotte County,['Wyandotte County'],Tiered-Forest,Wyandotte County,True
WebQTest-619,webqsp,test,who played victoria barkley?,Barbara Stanwyck,['Barbara Stanwyck'],Tiered-Forest,Barbara Stanwyck,True
WebQTest-701,webqsp,test,what team is reggie bush on 2011?,New Orleans Saints,"['Miami Dolphins', 'New Orleans Saints']",Tiered-Forest,New Orleans Saints,True
WebQTest-1420,webqsp,test,what does monsanto own?,"Monsanto Company, Seminis, De Ruiter Seeds, Asgrow, Channel Bio Corp., Emergent Genetics, Stoneville, D&PL, Holden's Foundation Seeds, Agroeste Sementes, Monsoy, CanaVialis S.A., Alellyx S.A., Solae,","['Agrochemical', 'Seed', 'Chemical industry', 'Agriculture']",Tiered-Forest,"Monsanto Company, Seminis, De Ruiter Seeds, Asgrow, Channel Bio Corp., Emergent Genetics, Stoneville, D&PL, Holden's Foundation Seeds, Agroeste Sementes, Monsoy, CanaVialis S.A., Alellyx S.A., Solae,",True
WebQTest-1001,webqsp,test,what country is nicki minaj from?,Trinidad and Tobago,['United States of America'],Tiered-Forest,Trinidad and Tobago,False
WebQTest-1833,webqsp,test,what kind of government does brazil has?,federal presidential constitutional republic,"['Presidential system', 'Constitutional republic', 'Federal republic']",Tiered-Forest,federal presidential constitutional republic,True
WebQTest-923,webqsp,test,what countries does england border?,"Scotland, Wales","['Scotland', 'Wales']",Tiered-Forest,"Scotland, Wales",True
WebQTest-88,webqsp,test,who is willow smith mom name?,Jada Pinkett Smith,['Jada Pinkett Smith'],Tiered-Forest,Jada Pinkett Smith,True
WebQTest-1905,webqsp,test,where was auschwitz concentration camp located?,German-occupied Poland,"['Oświęcim', 'Auschwitz-Birkenau State Museum', 'Poland']",Tiered-Forest,German-occupied Poland,True
WebQTest-1559,webqsp,test,what to do san jose ca?,"Visit the Winchester Mystery House, Explore the Tech Museum of Innovation, Enjoy the San Jose Municipal Rose Garden, Stroll through the Santana Row shopping district, Discover the San Jose Museum of Art","['Winchester Mystery House', 'Rosicrucian Egyptian Museum', 'The Tech Museum of Innovation', 'Alum Rock Park', 'San Jose Museum of Quilts & Textiles', 'Japantown', 'San Jose Museum of Art', 'Kelley Park', 'Happy Hollow Park & Zoo', 'Cinequest Film Festival', 'Downtown San Jose', 'Santana Row', 'San Jose Municipal Rose Garden', 'Rock ‘n’ Roll San Jose Half Marathon', ""Children's Discovery Museum of San Jose""]",Tiered-Forest,"Visit the Winchester Mystery House, Explore the Tech Museum of Innovation, Enjoy the San Jose Municipal Rose Garden, Stroll through the Santana Row shopping district, Discover the San Jose Museum of Art",True
WebQTest-68,webqsp,test,who plays the voice of kitt in knight rider?,William Daniels,['William Daniels'],Tiered-Forest,William Daniels,True
WebQTest-1039,webqsp,test,where does sherrod brown live?,"Cleveland, Ohio","['Avon', 'Mansfield']",Tiered-Forest,"Cleveland, Ohio",False
WebQTest-206,webqsp,test,what position does brandon roy play?,shooting guard,"['Point guard', 'Shooting guard', 'Small forward']",Tiered-Forest,shooting guard,True
WebQTest-278,webqsp,test,who's dating claire danes?,Hugh Dancy,['Hugh Dancy'],Tiered-Forest,Hugh Dancy,True
WebQTest-1631,webqsp,test,who is the texas state senator?,"Brian Birdwell, Brandon Creighton, Nathan Johnson, Phil King, Morgan LaMantia, Mayes Middleton, Borris Miles, Tan Parker, Angela Paxton, Charles Perry, Charles Schwertner, Drew Springer, Kevin Sparks, Royce West, John Whitmire, Judith Zaffirini","['Phil Gramm', 'Lloyd Bentsen', 'John Cornyn', 'Kay Bailey Hutchison', 'Ralph Yarborough', 'John Hemphill', 'John Tower', 'James Pinckney Henderson', ""W. Lee O'Daniel"", 'Thomas Jefferson Rusk', 'Charles Allen Culberson', 'John Henninger Reagan', 'Roger Q. Mills', 'Richard Coke', 'Price Daniel', 'Bob Krueger', 'Louis Wigfall', 'William A. Blakley', 'Joseph Weldon Bailey', 'Andrew Jackson Houston', 'Horace Chilton', 'Morris Sheppard', 'Matthias Ward', 'Ted Cruz', 'James W. Flanagan', 'Samuel B. Maxey', 'Morgan C. Hamilton', 'Earle Bradford Mayfield', 'Tom Connally', 'Rienzi Melville Johnston', 'Lyndon B. Johnson', 'Sam Houston']",Tiered-Forest,"Brian Birdwell, Brandon Creighton, Nathan Johnson, Phil King, Morgan LaMantia, Mayes Middleton, Borris Miles, Tan Parker, Angela Paxton, Charles Perry, Charles Schwertner, Drew Springer, Kevin Sparks, Royce West, John Whitmire, Judith Zaffirini",False
WebQTest-1885,webqsp,test,what does god shiva represent?,"destruction, transformation",['Hinduism'],Tiered-Forest,"destruction, transformation",False
WebQTest-910,webqsp,test,where did alexander graham bell die?,Beinn Bhreagh,"['Beinn Bhreagh, Nova Scotia']",Tiered-Forest,Beinn Bhreagh,True
WebQTest-406,webqsp,test,who is the coach of the sf giants?,Bruce Bochy,"['Bill Hayes', 'Tim Flannery', 'Dave Righetti', 'Carney Lansford', 'Roberto Kelly', 'Ron Wotus', 'Mark Gardner']",Tiered-Forest,Bruce Bochy,False
WebQTest-1364,webqsp,test,what do they speak in scotland?,"Scottish Gaelic, Scots, English",['English Language'],Tiered-Forest,"Scottish Gaelic, Scots, English",False
WebQTest-1844,webqsp,test,who plays robin hood in prince of thieves?,Kevin Costner,['Kevin Costner'],Tiered-Forest,Kevin Costner,True
WebQTest-1664,webqsp,test,what form of currency does germany use?,Euro,['Euro'],Tiered-Forest,Euro,True
WebQTest-1593,webqsp,test,where is the thames river source?,Thames Head,['Thames Head'],Tiered-Forest,Thames Head,True
WebQTest-340,webqsp,test,who is richard pryor son?,Richard Pryor Jr.,"['Franklin Pryor', 'Richard Pryor Jr.', 'Steven Pryor']",Tiered-Forest,Richard Pryor Jr.,True
WebQTest-543,webqsp,test,what college did martin luther king jr go to?,Morehouse College,"['Morehouse College', 'Crozer Theological Seminary', 'Boston University']",Tiered-Forest,Morehouse College,True
WebQTest-831,webqsp,test,what type of religion does argentina have?,Roman Catholicism,"['Judaism', 'Protestantism', 'Catholicism']",Tiered-Forest,Roman Catholicism,True
WebQTest-281,webqsp,test,what type of sports do japanese play?,"baseball, sumo, soccer","[""Japan women's national volleyball team"", ""Japan men's national volleyball team"", 'Japan national football team', ""Japan women's national handball team"", 'Japan national baseball team', 'Japan national handball team', 'Bridgestone-Anchor', 'Burning']",Tiered-Forest,"baseball, sumo, soccer",False
WebQTest-1225,webqsp,test,what kourtney kardashian boyfriends name?,"Scott Disick, Younes Bendjima",['Scott Disick'],Tiered-Forest,"Scott Disick, Younes Bendjima",True
WebQTest-1836,webqsp,test,where laura ingalls wilder lived?,"De Smet, South Dakota","['De Smet', 'Pepin', 'Kansas', 'Burr Oak', 'Walnut Grove', 'Mansfield']",Tiered-Forest,"De Smet, South Dakota",True
WebQTest-834,webqsp,test,where did the battle of waterloo occur?,Waterloo,['Waterloo'],Tiered-Forest,Waterloo,True
WebQTest-1741,webqsp,test,where is the headquarters of bank of america?,"Charlotte, North Carolina",['Charlotte'],Tiered-Forest,"Charlotte, North Carolina",True
WebQTest-1628,webqsp,test,what type government does mexico have?,federal republic,"['Presidential system', 'Constitutional republic', 'Federal republic']",Tiered-Forest,federal republic,True
WebQTest-1358,webqsp,test,what is los angeles california time zone?,Pacific Time Zone,['Pacific Time Zone'],Tiered-Forest,Pacific Time Zone,True
WebQTest-1565,webqsp,test,where does houston dynamo play?,BBVA Compass Stadium,['Houston'],Tiered-Forest,BBVA Compass Stadium,False
WebQTest-664,webqsp,test,what was firefox programmed in?,"C++, JavaScript, CSS, XUL, XBL","['XUL', 'Cascading Style Sheets', 'JavaScript', 'XBL', 'C++']",Tiered-Forest,"C++, JavaScript, CSS, XUL, XBL",True
WebQTest-1343,webqsp,test,what degree did martin luther king earn?,"Bachelor of Arts, Bachelor of Divinity, Doctor of Philosophy","['Bachelor of Arts', 'PhD', 'Bachelor of Divinity', 'Secondary education']",Tiered-Forest,"Bachelor of Arts, Bachelor of Divinity, Doctor of Philosophy",True
WebQTest-187,webqsp,test,what did stephen hawking study?,"black holes, cosmology, quantum gravity",['Physics'],Tiered-Forest,"black holes, cosmology, quantum gravity",False
WebQTest-1529,webqsp,test,where did emperor constantine die?,Nicomedia,['Nicomedia'],Tiered-Forest,Nicomedia,True
WebQTest-159,webqsp,test,what time in hilo hawaii?,Hawaii-Aleutian Standard Time (HAST),['Hawaii-Aleutian Time Zone'],Tiered-Forest,Hawaii-Aleutian Standard Time (HAST),False
WebQTest-38,webqsp,test,who did george w. bush run against for the second term?,John Kerry,"['Michael Peroutka', 'Gene Amondson', 'Ralph Nader', 'John Kerry']",Tiered-Forest,John Kerry,True
WebQTest-1215,webqsp,test,who was stephen r covey?,Stephen R. Covey,"['Professor', 'Consultant', 'Manager', 'Motivational speaker', 'Writer', 'Author']",Tiered-Forest,Stephen R. Covey,False
WebQTest-312,webqsp,test,who plays captain kirk in star trek?,William Shatner,"['Vic Mignogna', 'William Shatner', 'Jim Carrey']",Tiered-Forest,William Shatner,True
WebQTest-1919,webqsp,test,who plays king julian madagascar?,Sacha Baron Cohen,['Sacha Baron Cohen'],Tiered-Forest,Sacha Baron Cohen,True
WebQTest-1171,webqsp,test,who did darth vaders voice?,James Earl Jones,"['Dr. Smoov', 'Zac Efron', 'Abraham Benrubi', 'Matt Lanter', 'James Earl Jones']",Tiered-Forest,James Earl Jones,True
WebQTest-1888,webqsp,test,what year did the milwaukee brewers go to the world series?,1982,['1982 World Series'],Tiered-Forest,1982,True
WebQTest-1228,webqsp,test,where did the greek alphabet come from?,Phoenician alphabet,['Phoenician alphabet'],Tiered-Forest,Phoenician alphabet,True
WebQTest-1456,webqsp,test,what college did john stockton go to?,Gonzaga University,['Gonzaga University'],Tiered-Forest,Gonzaga University,True
WebQTest-1794,webqsp,test,where is mitt romney's family from?,"Mexico, United States",['Detroit'],Tiered-Forest,"Mexico, United States",False
WebQTest-1120,webqsp,test,what was the currency used in france before the euro?,French franc,"['Assignat', 'French franc']",Tiered-Forest,French franc,True
WebQTest-1574,webqsp,test,what is my timezone in pennsylvania?,Eastern Time Zone,"['UTC−05:00', 'Eastern Time Zone']",Tiered-Forest,Eastern Time Zone,True
WebQTest-1106,webqsp,test,what team does david beckham play for in 2012?,Los Angeles Galaxy,['LA Galaxy'],Tiered-Forest,Los Angeles Galaxy,False
WebQTest-1031,webqsp,test,what has angelina jolie accomplished?,"Academy Award, Golden Globe Award, Screen Actors Guild Award","['Film Producer', 'Actor', 'Film director', 'Writer', 'Model', 'Screenwriter', 'Author', 'Voice Actor']",Tiered-Forest,"Academy Award, Golden Globe Award, Screen Actors Guild Award",True
WebQTest-545,webqsp,test,what kind of cancer did farrah fawcett die of?,anal cancer,['Anal cancer'],Tiered-Forest,anal cancer,True
WebQTest-201,webqsp,test,who did gerald ford select as his vice president when he became president?,Nelson Rockefeller,['Nelson Rockefeller'],Tiered-Forest,Nelson Rockefeller,True
WebQTest-1587,webqsp,test,who does chris hemsworth have a baby with?,Elsa Pataky,['Elsa Pataky'],Tiered-Forest,Elsa Pataky,True
WebQTest-381,webqsp,test,what shows are shot in new york?,"30 Rock, The Daily Show, The Late Show with Stephen Colbert, The Tonight Show Starring Jimmy Fallon, Saturday Night Live, The View, Good Morning America, The Dr. Oz Show, Live with Kelly and Ryan, The Wendy Williams Show, The Rachael Ray Show, The Chew, The View","['Flight of the Conchords', 'Both Sides', 'The Stand', 'Trial Heat']",Tiered-Forest,"30 Rock, The Daily Show, The Late Show with Stephen Colbert, The Tonight Show Starring Jimmy Fallon, Saturday Night Live, The View, Good Morning America, The Dr. Oz Show, Live with Kelly and Ryan, The Wendy Williams Show, The Rachael Ray Show, The Chew, The View",False
WebQTest-670,webqsp,test,what kind of language does egypt speak?,Arabic,['Modern Standard Arabic'],Tiered-Forest,Arabic,True
WebQTest-1351,webqsp,test,what is the name of the currency used in peru?,Peruvian sol,['Peruvian nuevo sol'],Tiered-Forest,Peruvian sol,False
WebQTest-2030,webqsp,test,where is roswell area 51?,Nevada,"['Nevada', 'Lincoln County']",Tiered-Forest,Nevada,True
WebQTest-1892,webqsp,test,what year did the la kings win the cup?,"2012, 2014","['2014 Stanley Cup Finals', '2012 Stanley Cup Finals']",Tiered-Forest,"2012, 2014",False
WebQTest-602,webqsp,test,what part of the country is new england?,northeastern United States,['Northeastern United States'],Tiered-Forest,northeastern United States,True
WebQTest-802,webqsp,test,what musical instruments does justin bieber play?,"guitar, piano, drums",['Vocals'],Tiered-Forest,"guitar, piano, drums",False
WebQTest-49,webqsp,test,what did the islamic people believe in?,"Allah, Quran, Muhammad","['Mahdi', 'Tawhid', 'Prophets in Islam', 'Predestination in Islam', 'Entering Heaven alive', 'Monotheism', 'Islamic view of angels', 'Qiyamah', 'Sharia', 'Masih ad-Dajjal', 'Islamic holy books', 'God in Islam', 'Ṭūbā']",Tiered-Forest,"Allah, Quran, Muhammad",False
WebQTest-872,webqsp,test,where bin laden got killed?,"Abbottabad, Pakistan",['Abbottabad'],Tiered-Forest,"Abbottabad, Pakistan",True
WebQTest-1624,webqsp,test,what language tunisia?,Arabic,"['French', 'Arabic Language']",Tiered-Forest,Arabic,True
WebQTest-1409,webqsp,test,what are the major languages spoken in the united kingdom?,"English, Scots, Welsh, Scottish Gaelic, Irish, Cornish",['English Language'],Tiered-Forest,"English, Scots, Welsh, Scottish Gaelic, Irish, Cornish",False
WebQTest-1729,webqsp,test,what was the name of henry viii first wife?,Catherine of Aragon,['Catherine of Aragon'],Tiered-Forest,Catherine of Aragon,True
WebQTest-1775,webqsp,test,how many languages do they speak in spain?,"Spanish, Catalan, Galician, Basque","['Basque Language', 'Catalan language', 'Galician Language', 'Occitan language', 'Spanish Language']",Tiered-Forest,"Spanish, Catalan, Galician, Basque",False
WebQTest-985,webqsp,test,who was queen victoria's husband?,Prince Albert of Saxe-Coburg and Gotha,"['Albert, Prince Consort']",Tiered-Forest,Prince Albert of Saxe-Coburg and Gotha,False
WebQTest-1329,webqsp,test,who played bilbo in the fellowship of the ring?,Ian Holm,['Ian Holm'],Tiered-Forest,Ian Holm,True
WebQTest-862,webqsp,test,where did louis sachar grow up?,"Tustin, California",['East Meadow'],Tiered-Forest,"Tustin, California",False
WebQTest-1191,webqsp,test,what language do people speak in the bahamas?,English,"['Bahamas Creole English Language', 'English Language']",Tiered-Forest,English,True
WebQTest-26,webqsp,test,what to do today in atlanta with kids?,"Centennial Olympic Park, Georgia Aquarium, Zoo Atlanta, Children's Museum of Atlanta","['Atlanta Symphony Orchestra', 'Turner Field', 'Cobb Energy Performing Arts Centre', 'Four Seasons Hotel Atlanta', 'Underground Atlanta', 'Atlanta Marriott Marquis', 'Georgia World Congress Center', 'The Tabernacle', 'Peachtree Road Race', 'Georgia Aquarium', 'Georgia Dome', 'Philips Arena', 'Omni Coliseum', 'Hyatt Regency Atlanta', 'Centennial Olympic Park', 'Zoo Atlanta', 'Six Flags Over Georgia', 'Six Flags White Water', 'Atlanta Cyclorama & Civil War Museum', 'Georgia State Capitol', 'World of Coca-Cola', 'CNN Center', 'Fernbank Science Center', 'Fernbank Museum of Natural History', 'Fox Theatre', 'Woodruff Arts Center', 'Margaret Mitchell House & Museum', 'Martin Luther King, Jr. National Historic Site', 'Atlanta History Center', 'Variety Playhouse', 'Jimmy Carter Library and Museum', 'Masquerade', 'Arbor Place Mall', 'Atlanta Ballet', 'Center for Puppetry Arts', 'Atlanta Jewish Film Festival']",Tiered-Forest,"Centennial Olympic Park, Georgia Aquarium, Zoo Atlanta, Children's Museum of Atlanta",True
WebQTest-470,webqsp,test,where does the zambezi river originate?,Zambia,['Mwinilunga'],Tiered-Forest,Zambia,False
WebQTest-437,webqsp,test,where did they find jenni rivera's body?,"Nuevo León, Mexico",['Iturbide'],Tiered-Forest,"Nuevo León, Mexico",False
WebQTest-264,webqsp,test,what does australia use for currency?,Australian dollar,['Australian dollar'],Tiered-Forest,Australian dollar,True
WebQTest-42,webqsp,test,what are the songs that justin bieber wrote?,"Baby, Boyfriend, Love Yourself, Sorry, What Do You Mean?","['Lolly', 'Home to Mama', 'Baby', 'Never Let You Go', 'Eenie Meenie', 'Somebody to Love', 'Never Say Never', 'Bigger', 'Pray', 'First Dance', 'Live My Life', 'Boyfriend', ""Turn to You (Mother's Day Dedication)"", 'Die in Your Arms', 'Thought Of You', 'Beauty And A Beat', 'All Around The World', 'As Long as You Love Me', 'Right Here', '#thatPower', 'Heartbreaker', 'All That Matters', 'Hold Tight', 'Wait for a Minute', 'Recovery', 'Bad Day', 'All Bad', 'PYD', 'Change Me', 'Roller Coaster', 'Confident']",Tiered-Forest,"Baby, Boyfriend, Love Yourself, Sorry, What Do You Mean?",True
WebQTest-1958,webqsp,test,where is chris rock from?,"Andrews, South Carolina",['Andrews'],Tiered-Forest,"Andrews, South Carolina",True
WebQTest-1464,webqsp,test,what to do with my kids in toronto?,"Ripley's Aquarium of Canada, Toronto Zoo, Ontario Science Centre, Canada's Wonderland, Royal Ontario Museum","['Casa Loma', 'Rogers Centre', 'Toronto Islands', 'CN Tower', 'Royal Ontario Museum', 'Cabbagetown, Toronto', 'The Beaches', 'Toronto Eaton Centre', 'High Park', 'Chinatown, Toronto', 'Toronto Waterfront Marathon', 'Textile Museum of Canada', 'Kensington Market', 'Air Canada Centre', 'Spadina House', 'Queen Street West', ""Canada's Wonderland"", 'Toronto Zoo', 'Ontario Science Centre', 'Ontario Place', 'Black Creek Pioneer Village', 'Museum of Contemporary Canadian Art', 'Gardiner Museum', 'Luminato', 'Art Gallery of Ontario', 'Yorkville, Toronto', 'Bata Shoe Museum', 'Nathan Phillips Square', 'Roy Thomson Hall', 'Sony Centre for the Performing Arts', 'Royal Alexandra Theatre', 'Bayview Village Shopping Centre', 'Toronto Centre for the Arts', 'Princess of Wales Theatre', 'Planet in Focus', 'Danforth Avenue', 'McMichael Canadian Art Collection', 'Queens Quay', 'St. Lawrence Market', 'Distillery District', 'Edwards Gardens', 'First Toronto Post Office', 'BMO Field', ""Hanlan's Point Beach"", 'Sugar Beach', 'Bare Oaks Family Naturist Park', 'Hockey Hall of Fame', 'Heartland Town Centre', 'Corktown Common']",Tiered-Forest,"Ripley's Aquarium of Canada, Toronto Zoo, Ontario Science Centre, Canada's Wonderland, Royal Ontario Museum",True
WebQTest-532,webqsp,test,what does david beckham play?,soccer,['Football'],Tiered-Forest,soccer,False
WebQTest-1133,webqsp,test,what does wh smith stand for?,W H Smith,['WHSmith'],Tiered-Forest,W H Smith,True
WebQTest-1164,webqsp,test,what type of art does claude monet do?,Impressionism,"['Modern art', 'Impressionism']",Tiered-Forest,Impressionism,True
WebQTest-1475,webqsp,test,what type of guitar does johnny depp play?,Gibson,"['Guitar', 'Slide guitar']",Tiered-Forest,Gibson,False
WebQTest-1333,webqsp,test,where does the tennessee river go?,Ohio River,['Ohio River'],Tiered-Forest,Ohio River,True
WebQTest-526,webqsp,test,what band was george clinton in?,Parliament-Funkadelic,"['Parliament', ""Dolby's Cube"", 'The Parliaments', 'George Clinton & Bootsy Collins', 'Parliament-Funkadelic', 'Funkadellic']",Tiered-Forest,Parliament-Funkadelic,True
WebQTest-1102,webqsp,test,where is victoria british columbia?,Canada,"['British Columbia', 'Canada']",Tiered-Forest,Canada,True
WebQTest-954,webqsp,test,what was pink floyd's first album?,The Piper at the Gates of Dawn,['Psychedelic Session-compilation album'],Tiered-Forest,The Piper at the Gates of Dawn,False
WebQTest-711,webqsp,test,who plays chuck bass in gossip girl?,Ed Westwick,['Ed Westwick'],Tiered-Forest,Ed Westwick,True
WebQTest-194,webqsp,test,where did the iroquois indians come from?,New York,"['Ontario', 'Québec']",Tiered-Forest,New York,False
WebQTest-174,webqsp,test,what team does colin kaepernick play for?,San Francisco 49ers,['San Francisco 49ers'],Tiered-Forest,San Francisco 49ers,True
WebQTest-881,webqsp,test,what movies does nick cannon play in?,"Drumline, Love Don't Cost a Thing, Shall We Dance","['Chiraq', 'Garfield: The Movie', 'Even Money', 'American Son', 'Men in Black II', 'Shall We Dance?', ""Ball Don't Lie"", 'The Killing Room', 'Weapons', 'Underclassman', 'Roll Bounce', 'Monster House', 'Goal II: Living the Dream', 'Drumline', 'Bobby', ""Love Don't Cost a Thing"", 'Day of the Dead', 'Whatever It Takes', 'The Adventures of Brer Rabbit', 'A Very School Gyrls Holla-Day', 'Drumline: A New Beat']",Tiered-Forest,"Drumline, Love Don't Cost a Thing, Shall We Dance",True
WebQTest-801,webqsp,test,what kind of government is egypt?,semi-presidential republic,"['Semi-presidential system', 'Provisional government']",Tiered-Forest,semi-presidential republic,False
WebQTest-466,webqsp,test,what language brazil speak?,Portuguese,"['Italian Language', 'Brazilian Portuguese', 'Portuguese Language']",Tiered-Forest,Portuguese,True
WebQTest-1893,webqsp,test,what kind of money does egypt have?,Egyptian pound,['Egyptian pound'],Tiered-Forest,Egyptian pound,True
WebQTest-1170,webqsp,test,who is the governor of virginia 2011?,Bob McDonnell,['Bob McDonnell'],Tiered-Forest,Bob McDonnell,True
WebQTest-1330,webqsp,test,what is the most populated state in united states?,California,['New York'],Tiered-Forest,California,False
WebQTest-1899,webqsp,test,who was william mckinley married to?,Ida Saxton McKinley,['Ida Saxton McKinley'],Tiered-Forest,Ida Saxton McKinley,True
WebQTest-1245,webqsp,test,what countries are in the euro dollar?,"Austria, Belgium, Cyprus, Estonia, Finland, France, Germany, Greece, Ireland, Italy, Latvia, Lithuania, Luxembourg, Malta, Netherlands, Portugal, Slovakia, Slovenia, Spain","['Åland Islands', 'Belgium', 'Cyprus', 'Estonia', 'Collectivity of Saint Martin', 'Finland', 'Germany', 'Greece', 'Guadeloupe', 'Italy', 'Republic of Ireland', 'Kingdom of the Netherlands', 'Province of Varese', 'Republic of Kosovo', 'Latvia', 'Luxembourg', 'Lithuania', 'Malta', 'Martinique', 'Mayotte', 'Monaco', 'Montenegro', 'Netherlands', 'Portugal', 'Spain', 'Slovakia', 'Saint Pierre and Miquelon', 'San Marino', 'Slovenia', 'Vatican City', 'Zimbabwe', 'Caribbean special municipalities of the Netherlands', 'France', 'Varese', 'Saint Barthélemy', 'Austria', 'Andorra']",Tiered-Forest,"Austria, Belgium, Cyprus, Estonia, Finland, France, Germany, Greece, Ireland, Italy, Latvia, Lithuania, Luxembourg, Malta, Netherlands, Portugal, Slovakia, Slovenia, Spain",True
WebQTest-1942,webqsp,test,who was in the israeli palestinian conflict?,"Israel, Palestine","['Ariel Sharon', 'Chaim Weizmann', 'Ahmad Shukeiri', 'Haj Amin al-Husseini', 'Mahmoud Abbas', 'Ahmed Qurei', 'Colin Powell', 'Hanan Ashrawi', 'Dalal Mughrabi', 'Menachem Begin', 'Yasser Arafat', 'Yitzhak Rabin', 'Shimon Peres', 'Anthony Zinni', 'Anwar Sadat', 'David Ben-Gurion', 'Marwan Barghouti', 'Hussein of Jordan', 'Nabil Shaath', 'Ahmed Yassin', 'Abdullah of Saudi Arabia']",Tiered-Forest,"Israel, Palestine",False
WebQTest-955,webqsp,test,who did granville t. woods married?,Martha J. Woods,['Loretta Woods'],Tiered-Forest,Martha J. Woods,False
WebQTest-322,webqsp,test,what has ian somerhalder acted in?,"The Vampire Diaries, The Rules of Attraction, Lost","[""National Lampoon's TV: The Movie"", 'The Tournament', 'Celebrity', 'Life as a House', 'Anatomy of a Hate Crime', 'Changing Hearts', 'The Rules of Attraction', 'Marco Polo', 'How to Make Love to a Woman', 'In Enemy Hands', 'Pulse', 'Lost City Raiders', 'Wake', 'The Lost Samaritan', 'Fireball', 'Fearless', 'The Sensation of Sight', 'The Anomaly', 'Time Framed', 'Caught on Tape', 'Recess', 'The Old Man and the Studio']",Tiered-Forest,"The Vampire Diaries, The Rules of Attraction, Lost",True
WebQTest-784,webqsp,test,where do the seattle seahawks play?,CenturyLink Field,['CenturyLink Field'],Tiered-Forest,CenturyLink Field,True
WebQTest-1113,webqsp,test,where was toussaint l'ouverture born?,Haiti,['Saint-Domingue'],Tiered-Forest,Haiti,False
WebQTest-537,webqsp,test,what has charlie hunnam been in?,"Sons of Anarchy, Pacific Rim, King Arthur: Legend of the Sword","['Knights of the Roundtable: King Arthur', 'Cold Mountain', 'Nicholas Nickleby', 'Whatever Happened to Harold Smith?', 'Green Street', 'Abandon', 'Children of Men', 'The Ledge', 'Deadfall', 'Frankie Go Boom', 'Pacific Rim', 'Crimson Peak']",Tiered-Forest,"Sons of Anarchy, Pacific Rim, King Arthur: Legend of the Sword",True
WebQTest-465,webqsp,test,what is new york city airport?,"John F. Kennedy International Airport, LaGuardia Airport, Newark Liberty International Airport","['LaGuardia Airport', 'Newark Liberty International Airport', 'John F. Kennedy International Airport']",Tiered-Forest,"John F. Kennedy International Airport, LaGuardia Airport, Newark Liberty International Airport",True
WebQTest-405,webqsp,test,who fought the battle of gettysburg?,"Union Army, Confederate Army","['George Meade', 'Confederate States of America', 'Union', 'Robert E. Lee', 'United States of America']",Tiered-Forest,"Union Army, Confederate Army",True
WebQTest-654,webqsp,test,what are egyptian money called?,Egyptian pound,['Egyptian pound'],Tiered-Forest,Egyptian pound,True
WebQTest-764,webqsp,test,where did john mayer go to college?,Berklee College of Music,['Berklee College of Music'],Tiered-Forest,Berklee College of Music,True
WebQTest-1422,webqsp,test,what language do they speak in sweden yahoo?,Swedish,"['Romani language', 'Finnish Language', 'Meänkieli', 'Swedish Sign Language', 'Turoyo Language', 'Swedish Language', 'Yiddish Language']",Tiered-Forest,Swedish,True
WebQTest-1379,webqsp,test,what did franz liszt do to earn a living?,"composer, pianist, conductor, music teacher","['Composer', 'Virtuoso', 'Film Score Composer', 'Pianist', 'Priest']",Tiered-Forest,"composer, pianist, conductor, music teacher",True
WebQTest-138,webqsp,test,what are the four main languages spoken in spain?,"Spanish, Catalan, Galician, Basque","['Basque Language', 'Catalan language', 'Galician Language', 'Occitan language', 'Spanish Language']",Tiered-Forest,"Spanish, Catalan, Galician, Basque",False
WebQTest-509,webqsp,test,what system of government is practiced in nigeria?,federal republic,"['Presidential system', 'Federal republic']",Tiered-Forest,federal republic,True
WebQTest-1682,webqsp,test,who did ben stiller date?,"Jeanne Tripplehorn, Calista Flockhart","['Janeane Garofalo', 'Claire Forlani', 'Calista Flockhart', 'Jeanne Tripplehorn', 'Amanda Peet', 'Rhea Durham', 'Christine Taylor']",Tiered-Forest,"Jeanne Tripplehorn, Calista Flockhart",True
WebQTest-480,webqsp,test,where does name pennsylvania come from?,William Penn,['William Penn'],Tiered-Forest,William Penn,True
WebQTest-1322,webqsp,test,what other movies has tom hardy played in?,"Mad Max: Fury Road, Inception, The Dark Knight Rises, Venom, Dunkirk, Warrior, Bronson, Legend, The Revenant, Locke, Tinker Tailor Soldier Spy, Star Trek: Nemesis, This Means War, RocknRolla, Black Hawk Down, Layer Cake,","['The Revenant', 'Legend', 'London Road', 'Star Trek Nemesis', 'Scenes of a Sexual Nature', 'Mad Max: Fury Road', 'RocknRolla', 'Flood', 'Thick as Thieves', 'WΔZ', 'The Virgin Queen', 'Layer Cake', 'Colditz', 'The Inheritance', 'Sweeney Todd', 'Lethal Dose', 'Bronson', 'Warrior', 'Minotaur', 'Inception', ""Gideon's Daughter"", 'Marie Antoinette', 'Dot the I', 'The Dark Knight Rises', 'Deserter', 'The Reckoning', 'This Means War', 'Splinter Cell', 'Lawless', 'Tinker Tailor Soldier Spy', 'EMR', 'Perfect', 'Sergeant Slaughter, My Big Brother', 'Sucker Punch', 'Everest', 'Black Hawk Down', 'The Drop', 'Locke', 'The Outsider', 'Child 44']",Tiered-Forest,"Mad Max: Fury Road, Inception, The Dark Knight Rises, Venom, Dunkirk, Warrior, Bronson, Legend, The Revenant, Locke, Tinker Tailor Soldier Spy, Star Trek: Nemesis, This Means War, RocknRolla, Black Hawk Down, Layer Cake,",True
WebQTest-1305,webqsp,test,what awards did marilyn monroe won?,Golden Globe Award for Best Actress – Motion Picture Musical or Comedy,"['Golden Globe Award for Best Actress – Motion Picture – Musical or Comedy', 'Playboy Playmate', 'David di Donatello Golden Plate Award', 'Golden Globe Henrietta Award for World Film Favorites']",Tiered-Forest,Golden Globe Award for Best Actress – Motion Picture Musical or Comedy,False
WebQTest-105,webqsp,test,what language do people from thailand speak?,Thai,"['Lao Language', 'Khmer language', 'Akha Language', 'Mlabri Language', 'Hmong language', 'Saek language', 'Malay, Pattani Language', 'Vietnamese Language', 'Nyaw Language', 'Phu Thai language', 'Cham language', 'Mon Language', 'Thai Language']",Tiered-Forest,Thai,True
WebQTest-1988,webqsp,test,what did joe biden study in college?,"history, political science","['History', 'Political Science']",Tiered-Forest,"history, political science",True
WebQTest-1900,webqsp,test,who played darth vader in the first movie?,"David Prowse, James Earl Jones","['David Prowse', 'James Earl Jones']",Tiered-Forest,"David Prowse, James Earl Jones",True
WebQTest-782,webqsp,test,what countries does nafta include?,"Canada, Mexico, United States","['United States of America', 'Mexico', 'Canada']",Tiered-Forest,"Canada, Mexico, United States",True
WebQTest-636,webqsp,test,what timezone is the state of michigan and?,"Eastern Time Zone, Central Time Zone","['UTC−05:00', 'Central Time Zone', 'Eastern Time Zone']",Tiered-Forest,"Eastern Time Zone, Central Time Zone",True
WebQTest-521,webqsp,test,who was anakin skywalker?,Darth Vader,['Ted Bracewell'],Tiered-Forest,Darth Vader,False
WebQTest-800,webqsp,test,what war did the us lose the most soldiers?,Vietnam War,['World War II'],Tiered-Forest,Vietnam War,False
WebQTest-409,webqsp,test,where did giuliana rancic grow up?,"Bethesda, Maryland",['Naples'],Tiered-Forest,"Bethesda, Maryland",False
WebQTest-845,webqsp,test,who are the virginia senators 2013?,"Mark Warner, Tim Kaine","['Mark Warner', 'Tim Kaine', 'Jim Webb']",Tiered-Forest,"Mark Warner, Tim Kaine",True
WebQTest-1257,webqsp,test,where is denmark south carolina?,South Carolina,"['Bamberg County', 'South Carolina', 'United States of America']",Tiered-Forest,South Carolina,True
WebQTest-360,webqsp,test,where did emperor hirohito live?,Tokyo Imperial Palace,"['Aoyama, Minato, Tokyo']",Tiered-Forest,Tokyo Imperial Palace,False
WebQTest-1075,webqsp,test,where were the great pyramids of giza built?,Giza,['Giza Plateau'],Tiered-Forest,Giza,True
WebQTest-451,webqsp,test,what did alice paul accomplish?,Nineteenth Amendment,['Organization founder'],Tiered-Forest,Nineteenth Amendment,False
WebQTest-1535,webqsp,test,where was the first microsoft headquarters located?,"Albuquerque, New Mexico",['Redmond'],Tiered-Forest,"Albuquerque, New Mexico",False
WebQTest-735,webqsp,test,what kind of money do i need in costa rica?,Costa Rican colón,['Costa Rican colón'],Tiered-Forest,Costa Rican colón,True
WebQTest-1644,webqsp,test,what did mary wollstonecraft fight for?,women's rights,"[""Women's rights""]",Tiered-Forest,women's rights,True
WebQTest-716,webqsp,test,what language group does germany belong to?,Germanic,"['West Germanic languages', 'Germanic languages', 'Indo-European languages']",Tiered-Forest,Germanic,True
WebQTest-1626,webqsp,test,who wrote st trinians?,Ronald Searle,['Ronald Searle'],Tiered-Forest,Ronald Searle,True
WebQTest-948,webqsp,test,what are the supreme court cases?,"Marbury v. Madison, Brown v. Board of Education, Roe v. Wade, Citizens United v. FEC, Obergefell v. Hodges","['Law v. Siegel', 'Myers v. United States', 'Dastar Corp. v. Twentieth Century Fox Film Corp.', 'Lochner v. New York', 'Burwell v. Hobby Lobby', ""Motor Vehicles Manufacturers Ass'n v. State Farm Mutual Automobile Insurance Co."", 'Schuette v. Coalition to Defend Affirmative Action', 'Riley v. California', 'Octane Fitness, LLC v. ICON Health & Fitness, Inc.', 'McCullen v. Coakley', 'American Broadcasting Cos. v. Aereo, Inc.', 'Harris v. Quinn', 'Plessy v. Ferguson', 'McCulloch v. Maryland', 'Dartmouth College v. Woodward', 'Chisholm v. Georgia', ""Martin v. Hunter's Lessee"", 'Milliken v. Bradley', 'Civil Rights Cases', 'Munn v. Illinois', 'Fletcher v. Peck', 'Cohens v. Virginia', 'Gibbons v. Ogden', 'Ex parte Milligan', 'Gideon v. Wainwright', 'Romer v. Evans', 'United States v. The Amistad', 'United States v. Klein', 'Boy Scouts of America v. Dale', 'Adair v. United States', 'Heart of Atlanta Motel, Inc. v. United States', 'United States v. E. C. Knight Co.', 'West Virginia State Board of Education v. Barnette', 'Minersville School District v. Gobitis', 'Wesberry v. Sanders', 'Garcia v. San Antonio Metropolitan Transit Authority', 'Lemon v. Kurtzman', ""Pollock v. Farmers' Loan & Trust Co."", 'Swann v. Charlotte-Mecklenburg Board of Education', 'Northwestern National Life Insurance Co. v. Riggs', 'Slaughter-House Cases', 'Buchanan v. Warley', 'Guinn v. United States', 'Miranda v. Arizona', 'Schenck v. United States', 'Chambers v. Florida', 'Dennis v. United States', 'NAACP v. Alabama', 'Santa Clara County v. Southern Pacific Railroad Co.', 'Connecticut General Life Insurance Co. v. Johnson', 'Wheeling Steel Corp. v. Glander', 'Regents of the University of California v. Bakke', 'West Coast Hotel Co. v. Parrish', 'Muller v. Oregon', 'Planned Parenthood v. Casey', 'Griswold v. Connecticut', 'Brushaber v. Union Pacific Railroad Co.', 'R.A.V. v. City of St. Paul', 'Miller v. California', 'Hunt v. Cromartie', 'Easley v. Cromartie', 'Wallace v. Jaffree', 'Grutter v. Bollinger', 'New York Times Co. v. United States', 'Miami Herald Publishing Co. v. Tornillo', 'Hustler Magazine v. Falwell', 'United States v. Shabani', 'Brandenburg v. Ohio', 'Lawrence v. Texas', 'Korematsu v. United States', 'Baker v. Carr', 'Gratz v. Bollinger', 'Oncale v. Sundowner Offshore Services, Inc.', 'Abington School District v. Schempp', 'United States v. Butler', 'Schechter Poultry Corp. v. United States', ""Adkins v. Children's Hospital"", 'Bowers v. Hardwick', 'Panama Refining Co. v. Ryan', 'Consolidated Edison Co. v. Public Service Commission', 'Engel v. Vitale', 'Reno v. American Civil Liberties Union', 'FCC v. Pacifica Foundation', 'Sony Corp. of America v. Universal City Studios, Inc.', 'Ex parte Garland', 'United States v. Nixon', 'Ex parte McCardle', 'Barron v. Baltimore', 'United States v. Morrison', 'Epperson v. Arkansas', 'Dent v. West Virginia', 'Shelley v. Kraemer', 'Loving v. Virginia', 'Furman v. Georgia', 'Mapp v. Ohio', 'United States v. Dominguez Benitez', 'Hamdi v. Rumsfeld', 'Department of Transportation v. Public Citizen', 'Bobbs-Merrill Co. v. Straus', ""Bauer & Cie. v. O'Donnell"", 'Sweatt v. Painter', 'General Motors streetcar conspiracy', 'New York Times Co. v. Sullivan', 'Worcester v. Georgia', 'Whitney v. California', 'United States v. Eichman', 'Bolling v. Sharpe', 'United States v. Lopez', ""Quality King Distributors Inc., v. L'anza Research International Inc."", 'Byrd v. Blue Ridge Rural Electric Cooperative, Inc.', 'Guaranty Trust Co. v. York', 'Hanna v. Plumer', ""Keystone Bituminous Coal Ass'n v. DeBenedictis"", 'Egbert v. Lippmann', 'Black and White Taxicab and Transfer Co. v. Brown and Yellow Taxicab and Transfer Co.', 'KSR International Co. v. Teleflex Inc.', 'Central Hudson Gas & Electric Corp. v. Public Service Commission', 'McNeil v. Wisconsin', 'Bragdon v. Abbott', 'Calder v. Bull', 'Sturges v. Crowninshield', 'Ewing v. California', 'Lockyer v. Andrade', 'Knowles v. Iowa', 'American Insurance Co. v. 356 Bales of Cotton', 'Massiah v. United States', 'Henderson v. United States', 'Strawbridge v. Curtiss', 'United States v. Hubbell', 'New York v. United States', 'Kidd v. Pearson', 'Zablocki v. Redhail', 'Mullane v. Central Hanover Bank & Trust Co.', 'Martin v. City of Struthers', 'Payton v. New York', 'Beacon Theatres, Inc. v. Westover', 'Breard v. Greene', 'Immigration and Naturalization Service v. Elias-Zacarias', 'Puerto Rico v. Branstad', 'Immigration and Naturalization Service v. Stevic', 'Immigration and Naturalization Service v. Cardoza-Fonseca', 'United States v. Forty Barrels & Twenty Kegs of Coca-Cola', 'Feres v. United States', 'Immigration and Naturalization Service v. Aguirre-Aguirre', 'Late Corp. of the Church of Jesus Christ of Latter-Day Saints v. United States', 'Dean Milk Co. v. City of Madison', 'Immigration and Naturalization Service v. Abudu', 'Davis v. Washington', 'Cohen v. California', 'Immigration and Naturalization Service v. Doherty', 'Powell v. McCormack', 'Celotex Corp. v. Catrett', 'Mistretta v. United States', 'Village of Belle Terre v. Boraas', 'Osborne v. Ohio', 'Palazzolo v. Rhode Island', 'Loretto v. Teleprompter Manhattan CATV Corp.', 'Cohen v. Cowles Media Co.', 'City of Richmond v. J.A. Croson Co.', 'Hurtado v. California', 'National Socialist Party of America v. Village of Skokie', 'Bunting v. Oregon', 'Coffin v. United States', 'Meredith v. Jefferson County Board of Education', ""Nebraska Press Ass'n v. Stuart"", 'Parents Involved in Community Schools v. Seattle School District No. 1', 'Crandall v. Nevada', 'Almendarez-Torres v. United States', 'Huddleston v. United States', 'Paul v. Virginia', 'Carey v. Musladin', 'Burdick v. United States', 'United States v. Harriss', 'Gitlow v. New York', 'Near v. Minnesota', 'Illinois Central Railroad Co. v. Illinois', 'Newberry v. United States', 'Sibbach v. Wilson & Co.', 'World-Wide Volkswagen Corp. v. Woodson', 'Fogerty v. Fantasy, Inc.', 'Vernonia School District 47J v. Acton', 'Arizona v. Hicks', 'Taylor v. United States', 'Duro v. Reina', 'Strickland v. Washington', 'Eli Lilly & Co. v. Medtronic, Inc.', 'United Steelworkers v. Weber', 'Ohio v. Robinette', 'Caterpillar, Inc. v. Lewis', 'Old Chief v. United States', 'C&A Carbone, Inc. v. Town of Clarkstown', 'Linder v. United States', 'Leary v. United States', 'Stanford v. Kentucky', 'Oregon v. Bradshaw', 'Nixon v. Fitzgerald', 'Leocal v. Ashcroft', ""O'Connor v. Donaldson"", 'Cleveland Board of Education v. LaFleur', 'The Paquete Habana', 'College Savings Bank v. Florida Prepaid Postsecondary Education Expense Board', 'Village of Arlington Heights v. Metropolitan Housing Development Corp.', 'Florida Prepaid Postsecondary Education Expense Board v. College Savings Bank', ""Lehnert v. Ferris Faculty Ass'n"", 'Buckley v. Valeo', 'United States v. Cruikshank', 'Memoirs v. Massachusetts', 'Boynton v. Virginia', 'Cumming v. Richmond County Board of Education', 'Elk Grove Unified School District v. Newdow', 'Wabash, St. Louis & Pacific Railway Co. v. Illinois', 'Doe v. Chao', 'Flast v. Cohen', 'Tinker v. Des Moines Independent Community School District', 'Oliphant v. Suquamish Indian Tribe', 'Morrison v. Olson', 'Hammer v. Dagenhart', 'Insular Cases', 'Hope v. Pelzer', 'Penry v. Lynaugh', 'Texas v. Johnson', 'United States v. Sioux Nation of Indians', 'Mississippi University for Women v. Hogan', 'United States v. Fordice', 'Cunningham v. California', 'Goesaert v. Cleary', 'Philip Morris USA Inc. v. Williams', 'Lopez v. Gonzales', 'Minnesota v. Mille Lacs Band of Chippewa Indians', 'National Treasury Employees Union v. Von Raab', 'Nixon v. Herndon', 'Ferguson v. City of Charleston', 'Tellabs, Inc. v. Makor Issues & Rights, Ltd.', ""Humphrey's Executor v. United States"", 'Scott v. Harris', 'Witherspoon v. Illinois', 'United States v. Stanley', 'Goss v. Lopez', 'Mississippi v. Johnson', 'Nixon v. Condon', 'Jones v. United States', 'Dun & Bradstreet, Inc. v. Greenmoss Builders, Inc.', 'District of Columbia v. Heller', 'Runyon v. McCrary', 'South Carolina v. Katzenbach', 'Northern Securities Co. v. United States', 'Cooper Industries, Inc. v. Leatherman Tool Group, Inc.', 'Merrell Dow Pharmaceuticals Inc. v. Thompson', 'Berger v. New York', 'Collins v. Yosemite Park & Curry Co.', 'United States v. Kagama', 'New England Mutual Life Insurance Co. v. Woodworth', 'Panetti v. Quarterman', 'United States v. Robel', 'Anderson v. Mt. Clemens Pottery Co.', 'Greenholtz v. Inmates of the Nebraska Penal & Correctional Complex', 'BP America Production Co. v. Burton', 'Barnes v. Glen Theatre, Inc.', 'Stanford v. Texas', 'Agostini v. Felton', 'Boumediene v. Bush', 'Flagg Bros., Inc. v. Brooks', 'Fuentes v. Shevin', ""Whitman v. American Trucking Ass'ns, Inc."", 'Board of Regents of State Colleges v. Roth', 'James v. United States', 'Califano v. Yamasaki', 'Pacific States Box & Basket Co. v. White', 'Heckler v. Chaney', 'United States v. Mead Corp.', 'Hollingsworth v. Virginia', 'Shapiro v. Thompson', 'Manual Enterprises, Inc. v. Day', 'Florida v. Royer', 'Hurley v. Irish-American Gay, Lesbian, & Bisexual Group of Boston', 'Clay v. United States', 'Pocket Veto Case', 'Microsoft Corp. v. AT&T Corp.', 'Baker v. Morton', 'Parratt v. Taylor', 'Estelle v. Gamble', 'Correctional Services Corp. v. Malesko', 'Monell v. Department of Social Services of the City of New York', 'Will v. Michigan Department of State Police', 'Wilkinson v. Austin', 'Helicopteros Nacionales de Colombia, S. A. v. Hall', 'Asahi Metal Industry Co. v. Superior Court', 'Piper Aircraft Co. v. Reyno', 'Colorado v. Connelly', 'Coppage v. Kansas', 'Brown v. Hotel and Restaurant Employees', 'McDonnell Douglas Corp. v. Green', 'Ford v. Wainwright', 'Bellotti v. Baird', 'Ledbetter v. Goodyear Tire & Rubber Co.', 'United States v. Flores-Montano', ""Skinner v. Railway Labor Executives Ass'n"", 'Credit Suisse Securities (USA) LLC v. Billing', 'Bronston v. United States', 'Brendlin v. California', 'Hein v. Freedom From Religion Foundation', 'Permanent Mission of India v. City of New York', 'Time, Inc. v. Firestone', 'Federal Election Commission v. Wisconsin Right to Life, Inc.', 'City of Boerne v. Flores', 'Enmund v. Florida', 'Tison v. Arizona', 'Leegin Creative Leather Products, Inc. v. PSKS, Inc.', 'Rita v. United States', 'NLRB v. J. Weingarten, Inc.', 'Roth v. United States', 'Hazelwood v. Kuhlmeier', 'Verizon Communications Inc. v. Law Offices of Curtis V. Trinko, LLP', 'Gertz v. Robert Welch, Inc.', 'Sipuel v. Board of Regents of the University of Oklahoma', 'Hill v. Wallace', 'Webster v. Reproductive Health Services', 'Board of Trade of City of Chicago v. Olsen', 'Saint Francis College v. al-Khazraji', 'MedImmune, Inc. v. Genentech, Inc.', 'Wallace v. Cutten', 'Harris v. McRae', 'Lynch v. Donnelly', 'Griffith v. Kentucky', 'Feist Publications, Inc., v. Rural Telephone Service Co.', 'Pace v. Alabama', 'Adams v. Texas', 'Rochin v. California', 'Bernal v. Fainter', 'Cherokee Nation v. Georgia', 'New Mexico v. Texas', 'Rose v. Locke', 'Intel Corp. v. Advanced Micro Devices, Inc.', 'Terminiello v. City of Chicago', 'United States v. Ninety-Five Barrels Alleged Apple Cider Vinegar', 'Strader v. Graham', 'United States v. Wong Kim Ark', 'Rasul v. Bush', ""Central Laborers' Pension Fund v. Heinz"", 'Missouri v. Holland', 'Wisconsin v. Yoder', 'United States v. X-Citement Video, Inc.', 'McConnell v. FEC', 'Pierce v. Society of Sisters', 'Jacobellis v. Ohio', 'Buck v. Bell', 'Ex parte Bollman', 'Skinner v. Oklahoma', 'Ex parte Endo', 'Hiibel v. Sixth Judicial District Court of Nevada', 'Santa Fe Independent School District v. Doe', 'Clinton v. City of New York', 'Terry v. Ohio', 'Rumsfeld v. Padilla', 'Smith v. Allwright', 'Blakely v. Washington', 'Edmonson v. Leesville Concrete Co.', 'Flint v. Stone Tracy Co.', 'Georgia v. Stanton', 'Chicago, Milwaukee & St. Paul Railway Co. v. Minnesota', 'New State Ice Co. v. Liebmann', 'Bose Corp. v. Consumers Union of United States, Inc.', 'United States v. Students Challenging Regulatory Agency Procedures', 'Baze v. Rees', 'Kansas v. Hendricks', 'Moyer v. Peabody', 'Ohio v. Roberts', 'Sanchez-Llamas v. Oregon', 'Murdock v. Pennsylvania', 'Jones v. City of Opelika', 'Cox v. New Hampshire', 'Dickinson v. United States', 'Douglas v. City of Jeannette', 'Follett v. Town of McCormick', 'Prince v. Massachusetts', 'Watchtower Bible & Tract Society of New York, Inc. v. Village of Stratton', 'J.E.B. v. Alabama ex rel. T.B.', 'Falbo v. United States', 'Estep v. United States', 'Sicurella v. United States', 'Witmer v. United States', 'Niemotko v. Maryland', 'Jamison v. Texas', 'Fowler v. Rhode Island', 'Poulos v. New Hampshire', 'Gibson v. United States', 'Cox v. United States', 'Simmons v. United States', 'Tucker v. Texas', 'Wooley v. Maynard', 'Largent v. Texas', 'Busey v. District of Columbia', 'Thomas v. Review Board of the Indiana Employment Security Division', 'Taylor v. Mississippi', 'Ingraham v. Wright', 'Saia v. New York', 'Taft v. Bowers', 'Yasui v. United States', 'Coleman v. Miller', 'Planned Parenthood of Central Missouri v. Danforth', 'Frank Lyon Co. v. United States', 'Kimbrough v. United States', 'Pruneyard Shopping Center v. Robins', 'Hinderlider v. La Plata River & Cherry Creek Ditch Co.', 'Reynolds v. Sims', 'Mitchell v. Forsyth', 'Tennessee v. Lane', 'Board of Trustees of the University of Alabama v. Garrett', 'Addington v. Texas', 'Estelle v. Smith', 'Illinois v. Lidster', 'Federal Power Commission v. Tuscarora Indian Nation', 'Tee-Hit-Ton Indians v. United States', 'Wyoming v. Colorado', 'Bates v. State Bar of Arizona', 'Florida Bar v. Went For It, Inc.', 'Oregon Waste Systems, Inc. v. Department of Environmental Quality of Oregon', 'Edwards v. California', 'Branzburg v. Hayes', 'Flood v. Kuhn', 'Haynes v. United States', 'Herring v. United States', 'Toolson v. New York Yankees', 'United States v. International Boxing Club of New York', 'McLaurin v. Oklahoma State Regents', 'Everson v. Board of Education', 'Lee v. Weisman', 'Minor v. Happersett', 'Apprendi v. New Jersey', 'Meyer v. Nebraska', 'First National Bank of Boston v. Bellotti', 'Federal Baseball Club v. National League', 'Abrams v. United States', 'Perry v. Sindermann', 'Speiser v. Randall', 'Wheaton v. Peters', 'Michigan v. Long', 'Kennedy v. Louisiana', 'Radovich v. National Football League', 'Harris v. Balk', 'Board of Airport Commissioners of Los Angeles v. Jews for Jesus, Inc.', 'Farrington v. Tokushige', 'Lum v. Rice', 'Batson v. Kentucky', 'Nix v. Whiteside', 'Chaplinsky v. New Hampshire', 'Avegno v. Schmidt', 'Street v. New York', 'Oregon v. Mitchell', 'Burrow-Giles Lithographic Co. v. Sarony', 'Gilbert v. California', 'Doyle v. Ohio', 'United States v. Curtiss-Wright Export Corp.', 'County of Sacramento v. Lewis', 'Virginia v. Moore', 'Roberts v. United States Jaycees', 'Hague v. Committee for Industrial Organization', 'Rogers v. Tennessee', 'Bouie v. City of Columbia', 'Crawford v. Marion County Election Board', 'Powell v. Alabama', 'Miller v. Johnson', 'United States v. Williams', 'California v. Byers', 'Bob Jones University v. United States', 'United States v. Miller', 'Rummel v. Estelle', 'Maynard v. Cartwright', 'Beck v. Alabama', 'Godfrey v. Georgia', 'Wilkerson v. Utah', 'Lockett v. Ohio', 'Gall v. United States', 'Indiana v. Edwards', 'California v. Acevedo', 'Passenger Cases', 'Talbot v. Janson', 'Silver v. New York Stock Exchange', 'Gregg v. Georgia', 'Republic of Austria v. Altmann', 'Small v. United States', 'Eisner v. Macomber', 'United States v. Shoshone Tribe of Indians', 'Diamond v. Chakrabarty', 'Escobedo v. Illinois', 'Stump v. Sparkman', 'Republican Party of Minnesota v. White', 'Nix v. Hedden', 'New Jersey v. T. L. O.', 'McGowan v. Maryland', 'United States v. Raines', 'United States v. Carolene Products Co.', 'Hart v. United States', 'Pryor v. United States', 'Schneider v. State (of New Jersey)', 'Cantwell v. State of Connecticut', 'Torcaso v. Watkins', 'United States v. Paramount Pictures, Inc.', 'Prigg v. Pennsylvania', 'NLRB v. Jones & Laughlin Steel Corp.', 'Church of Lukumi Babalu Aye v. City of Hialeah', 'Immigration and Naturalization Service v. Chadha', 'Wickard v. Filburn', 'Maryland v. Craig', 'Dowling v. United States', 'Texas v. White', 'Strauder v. West Virginia', 'Frontiero v. Richardson', 'Craig v. Boren', 'City of Cleburne v. Cleburne Living Center, Inc.', 'Crawford v. Washington', 'Yick Wo v. Hopkins', 'Barker v. Wingo', 'Reynolds v. United States', 'Doe v. Bolton', 'Joint Anti-Fascist Refugee Committee v. McGrath', 'Hudson v. McMillian', 'Debs v. United States', ""United States v. O'Brien"", 'Trop v. Dulles', 'Village of Euclid v. Ambler Realty Co.', 'Goldberg v. Kelly', 'Ozawa v. United States', 'Universal Camera Corp. v. NLRB', 'Daubert v. Merrell Dow Pharmaceuticals, Inc.', 'McCreary County v. American Civil Liberties Union', 'Turner v. Safley', 'Downes v. Bidwell', 'Marbury v. Madison', 'Van Orden v. Perry', 'Vermont Yankee Nuclear Power Corp. v. Natural Resources Defense Council, Inc.', 'Roper v. Simmons', 'Bradwell v. Illinois', 'Atkins v. Virginia', 'Tenet v. Doe', 'Oyama v. California', 'Wolf v. Colorado', 'Adamson v. California', 'Duncan v. Louisiana', 'Palko v. Connecticut', 'Balzac v. Porto Rico', 'Cooley v. Board of Wardens', 'Moore v. Dempsey', 'Holden v. Hardy', 'Bethel School District v. Fraser', 'United States v. Place', 'Youngstown Sheet & Tube Co. v. Sawyer', 'Johnson v. Eisentrager', 'Ex parte Quirin', 'Muskrat v. United States', 'Erie Railroad Co. v. Tompkins', 'Ex parte Young', 'Interstate Commerce Commission v. Cincinnati, New Orleans & Texas Pacific Railway Co.', 'NBC, Inc. v. United States', 'United States v. Southwestern Cable Co.', 'Londoner v. City and County of Denver', 'Bi-Metallic Investment Co. v. State Board of Equalization', 'United States v. Ross', 'United States v. Continental Can Co.', 'Mathews v. Eldridge', 'Reed v. Reed', 'MGM Studios, Inc. v. Grokster, Ltd.', 'Zelman v. Simmons-Harris', 'Reid v. Covert', 'Pfaff v. Wells Electronics, Inc.', 'Cruzan v. Director, Missouri Department of Health', 'Hans v. Louisiana', 'Giles v. Harris', 'Griggs v. Duke Power Co.', 'Festo Corp. v. Shoketsu Kinzoku Kogyo Kabushiki Co.', 'Edelman v. Jordan', 'Seminole Tribe of Florida v. Florida', 'Railroad Commission v. Pullman Co.', 'Younger v. Harris', 'Rooker v. Fidelity Trust Co.', 'District of Columbia Court of Appeals v. Feldman', 'Graver Tank & Manufacturing Co. v. Linde Air Products Co.', 'Warner-Jenkinson Co. v. Hilton Davis Chemical Co.', 'Swift v. Tyson', 'Allen v. Wright', 'Louisville & Nashville Railroad Co. v. Mottley', 'Shaffer v. Heitner', 'International Shoe Co. v. Washington', 'Banco Nacional de Cuba v. Sabbatino', 'Fitzpatrick v. Bitzer', 'Harper & Row v. Nation Enterprises', 'Hartford Fire Insurance Co. v. California', ""United States v. Trans-Missouri Freight Ass'n"", 'Merck KGaA v. Integra Lifesciences I, Ltd.', 'Savana Redding v. Safford Unified School District #1', 'Schweiker v. Chilicky', 'Bivens v. Six Unknown Named Agents', 'Yates v. United States', 'United States v. Verdugo-Urquidez', 'England v. Louisiana State Board of Medical Examiners', 'Stenberg v. Carhart', 'Stanley v. Georgia', 'United Mine Workers of America v. Bagwell', 'Rust v. Sullivan', 'Hamdan v. Rumsfeld', 'Katz v. United States', 'FEC v. Akins', 'Cannon v. University of Chicago', 'Poe v. Ullman', 'DeFunis v. Odegaard', 'Friends of the Earth, Inc. v. Laidlaw Environmental Services, Inc.', 'Standard Oil Co. of New Jersey v. United States', 'Gray v. Sanders', 'Marsh v. Chambers', 'Tory v. Cochran', 'Eisenstadt v. Baird', 'Lau v. Nichols', 'Florida v. Riley', 'Nixon v. United States', 'Berman v. Parker', 'Granholm v. Heald', 'United States v. Reynolds', 'International News Service v. Associated Press', 'Arthur Andersen LLP v. United States', 'Cutter v. Wilkinson', 'North Carolina v. Alford', 'Spector v. Norwegian Cruise Line Ltd.', 'Gonzales v. Raich', 'DeLima v. Bidwell', 'Employment Division v. Smith', 'United States v. Booker', 'Hernandez v. Texas', 'California v. Greenwood', 'Stromberg v. California', 'Olmstead v. United States', 'Kelo v. City of New London', 'PGA Tour, Inc. v. Martin', 'Ring v. Arizona', 'Cramer v. United States', 'Town of Castle Rock v. Gonzales', ""National Cable & Telecommunications Ass'n v. Brand X Internet Services"", 'Hawaii Housing Authority v. Midkiff', 'City of Philadelphia v. New Jersey', 'Maine v. Taylor', 'Hunt v. Washington State Apple Advertising Commission', 'United Public Workers v. Mitchell', 'Crosby v. National Foreign Trade Council', 'Florida Lime & Avocado Growers, Inc. v. Paul', 'Berea College v. Kentucky', 'McLaughlin v. Florida', 'Missouri v. Jenkins', 'United States v. Bhagat Singh Thind', 'New York Times Co. v. Tasini', 'Scott v. Illinois', 'Pennoyer v. Neff', 'United States v. Kirby', 'Forsyth County v. Nationalist Movement', 'Betts v. Brady', 'Church of the Holy Trinity v. United States', 'Community for Creative Non-Violence v. Reid', 'Diamond v. Diehr', 'BMW of North America, Inc. v. Gore', 'Alaska v. Native Village of Venetie Tribal Government', 'Lujan v. Defenders of Wildlife', 'Ayotte v. Planned Parenthood of Northern New England', 'Chung Fook v. White', 'Tennessee Valley Authority v. Hill', 'Parisi v. Davidson', 'Rice v. Cayetano', 'Smith v. Doe', 'United States v. Virginia', 'United States v. Playboy Entertainment Group', 'TrafFix Devices, Inc. v. Marketing Displays, Inc.', 'Atwater v. City of Lago Vista', 'Champion v. Ames', 'United States v. Darby Lumber Co.', 'Calder v. Jones', 'Meritor Savings Bank v. Vinson', 'United States v. Gouveia', 'Fullilove v. Klutznick', 'Virginia v. Black', 'Hirabayashi v. United States', 'Hylton v. United States', 'Head Money Cases', 'Parker v. Flook', 'Stuart v. Laird', 'Westside School District v. Mergens', 'De Jonge v. Oregon', 'Bowen v. Roy', 'Dillon v. Gloss', 'Baker v. Selden', 'Harper v. Virginia State Board of Elections', 'United States v. Sprague', 'Island Trees School District v. Pico', 'Ball v. United States', 'Jones v. Alfred H. Mayer Co.', 'Cheek v. United States', 'Lauro Lines v. Chasser', 'Washington v. Davis', 'Kyllo v. United States', 'Kawakita v. United States', 'Bell v. Wolfish', 'United States v. Moreland', 'Hills v. Gautreaux', 'Markman v. Westview Instruments, Inc.', 'Jaffee v. Redmond', 'Gonzales v. Oregon', 'Campbell v. Acuff-Rose Music, Inc.', 'Ake v. Oklahoma', 'United States v. Seeger', 'Board of Education of Kiryas Joel Village School District v. Grumet', 'United States v. Ballard', 'Bailey v. Alabama', 'California Democratic Party v. Jones', 'Nixon v. Shrink Missouri Government PAC', 'Storer v. Brown', 'Schriro v. Summerlin', ""Johnson v. M'Intosh"", 'Carnival Cruise Lines, Inc. v. Shute', 'Bates v. City of Little Rock', 'Brown v. Louisiana', 'Cox v. Louisiana', 'Edwards v. South Carolina', 'Hepburn v. Griswold', 'Ashcroft v. Free Speech Coalition', 'Brady v. Maryland', 'Grosjean v. American Press Co.', 'Solem v. Helm', 'United States v. Thompson-Center Arms Co.', 'South Dakota v. Dole', 'Benton v. Maryland', 'Blanton v. City of North Las Vegas', 'International Salt Co. v. United States', 'Dickerson v. United States', 'Commissioner v. Glenshaw Glass Co.', 'Scheidler v. National Organization for Women', 'United States v. Leon', 'Goldwater v. Carter', 'Hansberry v. Lee', 'Charles River Bridge v. Warren Bridge', 'Sheldon v. Sill', 'Bowers v. Kerbaugh-Empire Co.', 'County of Allegheny v. American Civil Liberties Union', 'Rumsfeld v. Forum for Academic & Institutional Rights, Inc.', 'City of Akron v. Akron Center for Reproductive Health', 'Hodgson v. Minnesota', 'United States v. Constantine', 'Chevron U.S.A., Inc. v. Natural Resources Defense Council, Inc.', 'McCleskey v. Kemp', 'Coker v. Georgia', 'Plyler v. Doe', 'Illinois v. Gates', 'City of Indianapolis v. Edmond', 'Locke v. Davey', 'Kumho Tire Co. v. Carmichael', 'Clinton v. Jones', 'Duke Power Co. v. Carolina Environmental Study Group', 'Milkovich v. Lorain Journal Co.', 'United States v. Schwimmer', 'Lisenba v. California', 'Utah v. Evans', 'Willson v. Black-Bird Creek Marsh Co.', 'Bailey v. Drexel Furniture Co.', 'Gregory v. Helvering', 'Luther v. Borden', 'Schenck v. Pro-Choice Network of Western New York', 'United States v. United States District Court', 'Alden v. Maine', 'Warth v. Seldin', 'United States v. Salerno', 'Beauharnais v. Illinois', 'Oregon v. Guzek', 'Central Virginia Community College v. Katz', 'Williams v. Mississippi', 'Joseph Burstyn, Inc. v. Wilson', 'Eldred v. Ashcroft', 'Feiner v. New York', 'Afroyim v. Rusk', 'Prize Cases', 'Gonzales v. O Centro Espirita Beneficente Uniao do Vegetal', 'Twining v. New Jersey', 'Kohl v. United States', 'In re Debs', 'Marshall v. Marshall', 'Katzenbach v. Morgan', 'Edwards v. Aguillard', 'Chimel v. California', 'Cort v. Ash', 'Exxon Mobil Corp. v. Saudi Basic Industries Corp.', 'Citizens to Preserve Overton Park v. Volpe', 'United States v. Hudson', 'Morissette v. United States', 'Wisconsin v. Illinois', 'Kassel v. Consolidated Freightways Corp.', 'Brown v. Mississippi', 'Gomillion v. Lightfoot', 'McCollum v. Board of Education', 'Georgia v. Randolph', 'American Well Works Co. v. Layne & Bowler Co.', 'Burford v. Sun Oil Co.', 'Tahoe-Sierra Preservation Council, Inc. v. Tahoe Regional Planning Agency', 'United States v. Matlock', 'Illinois v. Rodriguez', 'Grove City College v. Bell', 'Shaw v. Reno', 'Virginia State Pharmacy Board v. Virginia Citizens Consumer Council', 'Gonzales v. Carhart', 'United States v. Grubbs', 'Chauffeurs, Teamsters, & Helpers Local No. 391 v. Terry', 'Illinois Tool Works Inc. v. Independent Ink, Inc.', 'Upjohn Co. v. United States', 'Burger King Corp. v. Rudzewicz', 'Thompson v. Oklahoma', 'Steward Machine Co. v. Davis', 'Marquez v. Screen Actors Guild Inc.', 'Rapanos v. United States', 'Texaco Inc. v. Dagher', 'National League of Cities v. Usery', 'Northern Pipeline Construction Co. v. Marathon Pipe Line Co.', 'Clearfield Trust Co. v. United States', 'Fox Film Corp. v. Muller', 'Washington v. Glucksberg', 'Exxon Corp. v. Governor of Maryland', 'Penn Central Transportation Co. v. New York City', 'Saenz v. Roe', 'Tennessee v. Garner', 'Missouri ex rel. Gaines v. Canada', 'Colorado River Water Conservation District v. United States', ""Gade v. National Solid Wastes Management Ass'n"", 'City of Mobile v. Bolden', 'Nebbia v. New York', 'Williamson v. Lee Optical Co.', 'Continental Paper Bag Co. v. Eastern Paper Bag Co.', 'Rostker v. Goldberg', 'Arbaugh v. Y & H Corp.', 'Hawker v. New York', 'Dolan v. United States Postal Service', 'Marsh v. Alabama', 'Commodity Futures Trading Commission v. Schor', 'Brigham City v. Stuart', 'Pennsylvania Coal Co. v. Mahon', 'San Antonio Independent School District v. Rodriguez', 'Northern Insurance Co. of New York v. Chatham County', 'Sale v. Haitian Centers Council, Inc.', 'Bartnicki v. Vopper', 'New York City Transit Authority v. Beazer', 'United States v. Harris', 'Stewart v. Abend', 'Lovell v. City of Griffin', 'Martin v. Wilks', 'Dolan v. City of Tigard', 'Day v. McDonough', 'Cantwell v. Connecticut', 'Jones v. Flowers', 'United Building & Construction Trades Council v. Mayor and Council of Camden', 'Cooper v. Aaron', 'Holmes v. South Carolina', 'eBay Inc. v. MercExchange, L.L.C.', 'Arkansas Department of Human Services v. Ahlborn', 'Hickman v. Taylor', ""Domino's Pizza, Inc. v. McDonald"", 'Lechmere, Inc. v. NLRB', 'Egelhoff v. Egelhoff', ""United States v. Oakland Cannabis Buyers' Cooperative"", 'United States v. Bajakajian', 'New York v. Connecticut', 'Old Colony Trust Co. v. Commissioner', ""Brown v. Entertainment Merchants Ass'n"", 'Garcetti v. Ceballos', 'DaimlerChrysler Corp. v. Cuno', 'Pickering v. Board of Education', 'Ray v. Blair', 'S. D. Warren Co. v. Maine Board of Environmental Protection', 'Sereboff v. Mid Atlantic Medical Services, Inc.', 'New Negro Alliance v. Sanitary Grocery Co.', 'Rankin v. McPherson', 'Sherbert v. Verner', 'Hudson v. Michigan', 'Osborn v. Bank of the United States', 'Ogden v. Saunders', 'Wisconsin v. Mitchell', 'United States v. Montoya De Hernandez', 'Samson v. California', 'Illinois v. Caballes', 'Perez v. Brownell', 'Burlington Northern & Santa Fe Railway Co. v. White', 'Commissioner v. Wilcox', 'Braunfeld v. Brown', 'Taylor v. Taintor', 'Schneider v. New Jersey', 'Kansas v. Marsh', 'Randall v. Sorrell', 'Massachusetts v. Environmental Protection Agency', 'League of United Latin American Citizens v. Perry', 'Jacobson v. United States', 'Totten v. United States', 'Owen Equipment & Erection Co. v. Kroger', 'Red Lion Broadcasting Co. v. FCC', 'Schlesinger v. Councilman', 'Albertson v. Subversive Activities Control Board', 'Baird v. State Bar of Arizona', 'Little v. Barreme', 'New York v. Ferber', 'Harmelin v. Michigan', 'Webster v. Doe', 'Board of Education v. Earls', 'Rosenberger v. University of Virginia', 'Florida v. Bostick', 'United States v. Stewart', 'Dames & Moore v. Regan', 'Zorach v. Clauson', 'Eastern Associated Coal Corp. v. United Mine Workers of America', 'Bowsher v. Synar', 'United States v. Kirby Lumber Co.', '2003 term per curiam opinions of the Supreme Court of the United States', 'Good News Club v. Milford Central School', 'Peretz v. United States', 'South Dakota v. Opperman', 'Curtis Publishing Co. v. Butts', 'U.S. Term Limits, Inc. v. Thornton', 'Walton v. Arizona', 'Sorrells v. United States', 'Morse v. Frederick', 'Arizona v. Evans', 'Sherman v. United States', 'United States v. Russell', 'Smith v. Maryland', 'Lucas v. South Carolina Coastal Council', 'Sparf v. United States', 'Graham v. John Deere Co.', 'United States v. Shipp', 'Bailey v. United States', 'Alexander v. Sandoval', 'SEC v. W. J. Howey Co.', 'Watson v. Jones', 'City of Elizabeth v. American Nicholson Pavement Co.', 'Qualitex Co. v. Jacobson Products Co.', 'Irwin v. Gavit', ""Hayburn's Case"", 'Landmark Communications, Inc. v. Virginia', 'Swidler & Berlin v. United States', 'TSC Industries, Inc. v. Northway, Inc.', ""Cottage Savings Ass'n v. Commissioner"", 'DeShaney v. Winnebago County', 'Troxel v. Granville', 'Leser v. Garnett', 'Houston East & West Texas Railway Co. v. United States', 'In re Gault', 'Mertens v. Hewitt Associates', 'Pinkerton v. United States', 'Ex parte Madrazzo', 'Brown v. Board of Education', 'Roe v. Wade', 'National Federation of Independent Business v. Sebelius', 'National Gay Task Force v. Board of Education', 'Dred Scott v. Sandford', 'Bush v. Gore']",Tiered-Forest,"Marbury v. Madison, Brown v. Board of Education, Roe v. Wade, Citizens United v. FEC, Obergefell v. Hodges",True
WebQTest-1308,webqsp,test,what college did jrr tolkien go to?,"Exeter College, Oxford","['University of Oxford', 'Exeter College, Oxford']",Tiered-Forest,"Exeter College, Oxford",True
WebQTest-847,webqsp,test,what countries are members of the security council?,"China, France, Russia, United Kingdom, United States","['Burkina Faso', 'Vietnam', 'Costa Rica', 'Croatia', 'Russia', 'United Kingdom', 'United States of America', 'China', 'France']",Tiered-Forest,"China, France, Russia, United Kingdom, United States",True
WebQTest-980,webqsp,test,where did they get the name stanley cup?,Lord Stanley of Preston,"['Frederick Stanley, 16th Earl of Derby']",Tiered-Forest,Lord Stanley of Preston,False
WebQTest-523,webqsp,test,what is the largest nation in europe?,Russia,['Russia'],Tiered-Forest,Russia,True
WebQTest-517,webqsp,test,what do people speak in canada?,"English, French","['Gujarati Language', 'Chinese language', 'Slavey language', 'English Language', 'Korean Language', 'Western Canadian Inuktitut Language', 'Romanian Language', 'Urdu Language', 'Canadian English', 'Abenaki language', 'Chipewyan Language', ""Gwich'in Language"", 'Dogrib Language', 'Inuinnaqtun', 'Inuktitut', 'Persian Language', 'Greek Language', 'German Language', 'Lojban', 'Polish Language', 'Portuguese Language', 'Punjabi language', 'Russian Language', 'Upper Midwest American English', 'Spanish Language', 'Tamil Language', 'Tagalog language', 'Vietnamese Language', 'Cree language', 'Arabic Language', 'French']",Tiered-Forest,"English, French",True
WebQTest-615,webqsp,test,what were the names of henry viii's three children?,"Mary I, Edward VI, Elizabeth I","['Elizabeth I of England', 'Edward VI of England', 'Henry FitzRoy, 1st Duke of Richmond and Somerset', 'Mary I of England', 'Henry, Duke of Cornwall']",Tiered-Forest,"Mary I, Edward VI, Elizabeth I",False
WebQTest-1361,webqsp,test,what currency should take to mexico?,Mexican peso,['Mexican peso'],Tiered-Forest,Mexican peso,True
WebQTest-1116,webqsp,test,what is the capital city of spain wiki answers?,Madrid,['Madrid'],Tiered-Forest,Madrid,True
WebQTest-657,webqsp,test,where did martin luther king got shot at?,Lorraine Motel,['Memphis'],Tiered-Forest,Lorraine Motel,False
WebQTest-1936,webqsp,test,when was the last time the dodgers won a championship?,2020,['1988 World Series'],Tiered-Forest,2020,False
WebQTest-109,webqsp,test,who did tim tebow play college football for?,Florida Gators,['Florida Gators football'],Tiered-Forest,Florida Gators,True
WebQTest-1991,webqsp,test,what part of the country is ohio in?,Midwest,"['East North Central States', 'Midwestern United States']",Tiered-Forest,Midwest,True
WebQTest-1278,webqsp,test,what are some major events in venezuela?,"Venezuelan Declaration of Independence, Venezuelan War of Independence, 1992 Venezuelan coup d'état attempts, 2014–2017 Venezuelan protests, 2017 Venezuelan constitutional crisis","['g.122dshgz', '2014–15 Venezuelan protests', '2014 NACAM Rally Championship', 'Battle of Santa Inés', '2014 Caribbean Earthquake', '2014 Festival Internacional de Cine Infantil y Juvenil', 'Dutch–Venezuelan crisis of 1908', 'Venezuelan War of Independence', 'Battle of La Victoria', 'Machurucuto Incident', '2007 RCTV protests', ""2002 Venezuelan coup d'état attempt"", 'Los Maniceros massacre', '12th G-15 summit', 'Dutch–Venezuela War', 'Venezuelan crisis of 1902–03', 'Bombardment of Fort San Carlos', '2011 ALBA Games', '2013 Venezuela Transaereo 5074 Britten-Norman Islander crash']",Tiered-Forest,"Venezuelan Declaration of Independence, Venezuelan War of Independence, 1992 Venezuelan coup d'état attempts, 2014–2017 Venezuelan protests, 2017 Venezuelan constitutional crisis",True
WebQTest-792,webqsp,test,when did roth ira originate?,1997,"['William V. Roth, Jr.']",Tiered-Forest,1997,False
WebQTest-827,webqsp,test,what country does justin bieber come from?,Canada,['Canada'],Tiered-Forest,Canada,True
WebQTest-738,webqsp,test,what kind of government does japan have now?,constitutional monarchy,"['Parliamentary system', 'Unitary state', 'Constitutional monarchy']",Tiered-Forest,constitutional monarchy,True
WebQTest-1115,webqsp,test,what is lawton ok zip code?,"73501, 73502, 73503, 73505, 73507","['73505', '73507', '73501', '73506', '73502']",Tiered-Forest,"73501, 73502, 73503, 73505, 73507",True
WebQTest-65,webqsp,test,who was the first dictator of the soviet union?,Joseph Stalin,['Vladimir Lenin'],Tiered-Forest,Joseph Stalin,False
WebQTest-298,webqsp,test,what year did the orioles go to the world series?,"1966, 1970, 1979, 1983","['1983 World Series', '1970 World Series', '1966 World Series']",Tiered-Forest,"1966, 1970, 1979, 1983",False
WebQTest-1528,webqsp,test,what movies does logan lerman play in?,"The Perks of Being a Wallflower, Fury, Percy Jackson & the Olympians: The Lightning Thief, Percy Jackson: Sea of Monsters, The Three Musketeers","['The Flannerys', 'The Butterfly Effect', 'Gamer', 'My One and Only', 'Percy Jackson & the Olympians: The Lightning Thief', 'A Painted House', 'Riding in Cars with Boys', 'Hoot', '3:10 to Yuma', 'The Number 23', 'The Three Musketeers', 'Percy Jackson: Sea of Monsters', 'Meet Bill', 'The Perks of Being a Wallflower', 'The Patriot', 'The Only Living Boy in New York', 'Stuck in Love', 'Noah', 'The Scribe', 'What Women Want', 'Fury']",Tiered-Forest,"The Perks of Being a Wallflower, Fury, Percy Jackson & the Olympians: The Lightning Thief, Percy Jackson: Sea of Monsters, The Three Musketeers",True
WebQTest-1979,webqsp,test,who is number 22 on miami dolphins?,Patrick Surtain II,['Jamar Taylor'],Tiered-Forest,Patrick Surtain II,False
WebQTest-785,webqsp,test,who does michael keaton play in cars?,Chick Hicks,['Chick Hicks'],Tiered-Forest,Chick Hicks,True
WebQTest-849,webqsp,test,what country sponsored ferdinand magellan?,Spain,['Kingdom of Portugal'],Tiered-Forest,Spain,False
WebQTest-936,webqsp,test,where were greek temples built?,"Greece, Magna Graecia, Sicily, Italy","['Olympia', 'Ephesus', 'Shahhat', 'Kuşadası', 'Corfu', 'Athens']",Tiered-Forest,"Greece, Magna Graecia, Sicily, Italy",False
WebQTest-1056,webqsp,test,who did the cleveland cavaliers draft?,"Kyrie Irving, Tristan Thompson","['LeBron James', 'JJ Hickson', 'Luke Jackson', 'Shannon Brown', 'Anthony Bennett', 'Dion Waiters', 'Andrew Wiggins']",Tiered-Forest,"Kyrie Irving, Tristan Thompson",False
WebQTest-359,webqsp,test,what team does heskey play for?,Aston Villa,"['Newcastle Jets FC', 'Aston Villa F.C.']",Tiered-Forest,Aston Villa,True
WebQTest-978,webqsp,test,what book did benjamin franklin published?,Poor Richard's Almanack,"[""Poor Richard's Almanack"", 'Some Fruits of Solitude in Reflections and Maxims', 'Bite-size Ben Franklin', 'Autobiography, Poor Richard, and later writings', ""Benjamin Franklin's the art of virtue"", 'The sayings of Benjamin Franklin', 'Compleated Autobiography by Benjamin Franklin', ""The Drinker's Dictionary"", 'Observations Concerning the Increase of Mankind, Peopling of Countries, etc.', 'The Autobiography of Benjamin Franklin', 'Political, Miscellaneous And Philosophical Pieces', 'The Means and Manner of Obtaining Virtue', 'Free silver, and some other things', 'Founding Fathers Benjamin Franklin Volume 2', 'Essays And Letters V1', ""Poor Richard's Horse Keeper"", 'Selected Works of Benjamin Franklin', ""Conseils pour s'enrichir"", 'Authobiography Of Benjamin Franklin', 'The Writings Of Benjamin Franklin, Vol. 1', 'The Immortal Mentor', 'My Dear Girl Ii', 'How to Attain Moral Perfection', 'Articles Of Belief And Acts Of Religion Vol.2', 'The glory of eternity', 'Reflection On Courtship And Marriage', 'Not Your Usual Founding Father', 'Avis nécessaire à ceux qui veulent devenir riche', 'Collected Works Of Benjamin Franklin', 'The Life of Benjamin Franklin', 'The Works Of Benjamin Franklin V1', 'A Dissertation on Liberty and Necessity, Pleasure and Pain', 'Address', 'The life and letters', 'Articles of belief', 'The art of making money plenty', 'Autobiography', 'The autobiography of Benjamin Franklin and selections from his other writings', 'The essays, humorous, moral and literary of the late Dr. Benjamin Franklin', 'Franklin was there', 'The ingenious Dr. Franklin', 'The life and essays of the late Doctor Benjamin Franklin', 'The life of Benjamin Franklin, written chiefly by himself', 'The life of Doctor Benjamin Franklin', 'The life of Dr. Benjamin Franklin', 'The life of the late Doctor Benjamin Franklin', 'The life of the late Dr. Benjamin Franklin', 'Memoirs of Benjamin Franklin', 'Memoirs of the life and writings of Benjamin Franklin', 'A parable', 'The political thought of Benjamin Franklin', 'Private correspondence of Benjamin Franklin', 'Select works, including his autobiography', 'Some account of the Pennsylvania Hospital', 'The works of Benjamin Franklin', 'The works of Dr. Benjamin Franklin', 'Works of the late Doctor Benjamin Franklin', 'The works of the late Dr. Benjamin Franklin', 'The autobiography, with an introd', ""America's Big Ben"", 'Apology for printers', ""The autobiography of Benjamin Franklin, and a sketch of Franklin's life from the point where the autobiography ends, drawn chiefly from his letters"", ""The autobiography, Poor Richard's almanac and other papers"", 'Benjamin Franklin on balloons', 'B. Franklin, innovator', 'Early to bed, and early to rise, makes a man healthy, wealthy, and wise, or, Early rising, a natural, social, and religious duty', ""Father Abraham's speech to a great number of people, at a vendue of merchant-goods"", 'Franklin\'s Way to wealth, or, \\""Poor Richard improved\\""', 'A letter from B. Franklin to a young man', 'A letter from Mr. Franklin to Mr. Peter Collinson, F.R.S. concerning the effect of lightning ; A letter of Benjamin Franklin, Esq. to Mr. Peter Collinson, F.R.S. concerning an electrical kite', 'New experiments and observations on electricity', 'Observations on the causes and cure of smoky chimneys', 'Poor Richard, or, The way to wealth', 'Satires & Bagatelles', 'The way to wealth, or, Poor Richard improved', 'What good is a newborn baby?', 'The autobiography and other writings', 'The autobiography of Benjamin Franklin; a restoration of a \\""fair copy\\""', 'The bagatelles from Passy', 'Benjamin Franklin and Jonathan Edwards', ""Benjamin Franklin's autobiographical writings"", ""Benjamin Franklin's Experiments"", ""Benjamin Franklin's own story"", ""Benjamin Franklin's Proposals for the education of youth in Pennsylvania, 1749"", 'The complete works in philosophy, politics, and morals, of the late Dr. Benjamin Franklin, now first collected and arranged: with memoirs of his early life, written by himself', 'Experiments and observations on electricity, made at Philadelphia in America', 'Facetiæ Frankliana.   [sic]', ""Franklin's boyhood in Boston"", ""Franklin's wit & folly"", 'A letter of advice to a young man concerning marriage', 'Letters and papers of Benjamin Franklin and Richard Jackson, 1753-1785', 'The letters of Benjamin Franklin & Jane Mecom', 'Letters to the press, 1758-1775', 'The life and essays, of Dr. Franklin', 'On war and peace', 'The Papers of Benjamin Franklin, Vol. 28: Volume 28: November 1, 1778 through February 28, 1779', 'Poor Richard, 1733', 'Poor Richard day by day', 'Representative selections', '\\""The sayings of Poor Richard\\""', 'The select works of Benjamin Franklin', 'Sheep will never make insurrections', 'The wisdom of Benjamin Franklin', 'The works of Dr. Benjamin Franklin, in philosophy, politics, and morals', 'The works of Dr. Benjn. Franklin;', 'The writings of Benjamin Franklin', 'The Papers of Benjamin Franklin, Volume 1: January 1, 1706 through December 31, 1734', 'The Way to Wealth', 'The Morals of Chess', 'Silence Dogood, No. 1', 'Silence Dogood, No. 2', 'Silence Dogood, No. 3', 'Silence Dogood, No. 5', 'Silence Dogood, No. 4', 'Silence Dogood, No. 7', 'Silence Dogood, No. 6', 'Silence Dogood, No. 8', 'Silence Dogood, No. 9', 'Silence Dogood, No. 10', 'Silence Dogood, No. 11', 'Silence Dogood, No. 12', 'Silence Dogood, No. 13', 'Silence Dogood, No. 14']",Tiered-Forest,Poor Richard's Almanack,True
WebQTest-1138,webqsp,test,where honduras in the world?,Central America,"['Central America', 'Latin America', 'North America', 'Americas']",Tiered-Forest,Central America,True
WebQTest-1700,webqsp,test,where is mt st helens located?,Washington,"['North America', 'Washington', 'United States of America', 'Cascade Range', 'Skamania County']",Tiered-Forest,Washington,True
WebQTest-1390,webqsp,test,who won utah attorney general?,Sean D. Reyes,"['John Swallow', 'Mark Shurtleff', 'Sean Reyes']",Tiered-Forest,Sean D. Reyes,False
WebQTest-85,webqsp,test,who are the colorado representatives?,"Diana DeGette, Joe Neguse, Lauren Boebert, Ken Buck, Doug Lamborn, Jason Crow, Ed Perlmutter","['Mark Udall', 'Michael Bennet']",Tiered-Forest,"Diana DeGette, Joe Neguse, Lauren Boebert, Ken Buck, Doug Lamborn, Jason Crow, Ed Perlmutter",False
WebQTest-1909,webqsp,test,what is spoken in czech republic?,Czech,"['Romani language', 'Rusyn Language', 'Bulgarian Language', 'Czech Language', 'Hungarian language', 'Greek Language', 'German Language', 'Polish Language', 'Russian Language', 'Slovak Language', 'Ukrainian Language', 'Serbian language', 'Croatian language']",Tiered-Forest,Czech,True
WebQTest-1423,webqsp,test,what language did they speak in ghana?,"English, Akan, Ewe, Dagbani, Dangme, Dagaare, Ga, Nzema, Gonja, Kasem","['Asante dialect', 'Ga Language', 'English Language', 'Akan Language', 'Kasem Language', 'Nzema Language', 'Éwé Language', 'Dagaare language', 'Dagbani Language', 'Dangme Language', 'Fula language', 'Gonja Language']",Tiered-Forest,"English, Akan, Ewe, Dagbani, Dangme, Dagaare, Ga, Nzema, Gonja, Kasem",False
WebQTest-1276,webqsp,test,when are the summer and winter olympics held?,"summer, winter",['Quadrennial'],Tiered-Forest,"summer, winter",False
WebQTest-714,webqsp,test,what is the political system of south africa?,parliamentary republic,"['Constitutional republic', 'Parliamentary republic']",Tiered-Forest,parliamentary republic,True
WebQTest-200,webqsp,test,where was the vietnam war location?,Vietnam,"['Vietnam', 'Cambodia', 'Laos', 'Southeast Asia', 'South Vietnam', 'North Vietnam']",Tiered-Forest,Vietnam,True
WebQTest-1901,webqsp,test,where did kevin james go to college?,Cortland,['State University of New York at Cortland'],Tiered-Forest,Cortland,True
WebQTest-1337,webqsp,test,what all did ben franklin invent?,"lightning rod, bifocals, Franklin stove","['Lightning rod', 'Bifocals', 'Glass harmonica', 'Franklin stove']",Tiered-Forest,"lightning rod, bifocals, Franklin stove",True
WebQTest-9,webqsp,test,who was richard nixon married to?,Pat Nixon,['Pat Nixon'],Tiered-Forest,Pat Nixon,True
WebQTest-1119,webqsp,test,what is colorado technical university?,private university,['College/University'],Tiered-Forest,private university,False
WebQTest-421,webqsp,test,who did kim richards marry?,"Gregg Davis, John Collett, Monty Brinson","['G. Monty Brinson', 'Gregg Davis']",Tiered-Forest,"Gregg Davis, John Collett, Monty Brinson",True
WebQTest-1287,webqsp,test,what is the state motto of ohio?,"With God, all things are possible","['With God, all things are possible']",Tiered-Forest,"With God, all things are possible",True
WebQTest-1247,webqsp,test,who is angelina jolie?,Angelina Jolie,"['Film Producer', 'Actor', 'Film director', 'Writer', 'Model', 'Screenwriter', 'Author', 'Voice Actor']",Tiered-Forest,Angelina Jolie,False
WebQTest-1662,webqsp,test,where is english spoken around the world?,"United Kingdom, United States, Canada, Australia, New Zealand, Ireland, South Africa, India, Nigeria, Philippines","['Bahamas', 'Bangladesh', 'Barbados', 'Belize', 'Bermuda', 'Botswana', 'Brunei', 'Transkei', 'Ethiopia', 'Kenya', 'State of Palestine', 'Cameroon', 'Cayman Islands', 'Cyprus', 'Cook Islands', 'Territory of Papua and New Guinea', 'Dominica', 'England', 'Timor-Leste', 'Fiji', 'Jordan', 'Japan', 'Jersey', 'Guyana', 'Guam', 'Ghana', 'Gibraltar', 'South Yemen', 'Grenada', 'Honduras', 'Hong Kong', 'India', 'Republic of Ireland', 'Indonesia', 'Israel', 'Isle of Man', 'Kiribati', 'Laos', 'Lesotho', 'Liberia', 'Malta', 'Marshall Islands', 'Montserrat', 'Namibia', 'Nauru', 'Nigeria', 'Papua New Guinea', 'Puerto Rico', 'Pakistan', 'Philippines', 'Gazankulu', 'Qatar', 'Rwanda', 'Sri Lanka', 'Saint Kitts and Nevis', 'Sierra Leone', 'Saint Lucia', 'Saint Vincent and the Grenadines', 'Samoa', 'Singapore', 'Sudan', 'Swaziland', 'Tanzania', 'Tokelau', 'Turks and Caicos Islands', 'Tuvalu', 'United Kingdom', 'Uganda', 'Vatican City', 'Vanuatu', 'Zimbabwe', 'Zambia', 'Malaysia', 'Territory of New Guinea', 'Australia', 'New Zealand', 'China', 'Canada', 'Mandatory Palestine', 'Curaçao', 'Gambia', 'South Africa', 'Wales', 'Antigua and Barbuda', 'Bonaire', 'Kingdom of Great Britain', 'United States of America']",Tiered-Forest,"United Kingdom, United States, Canada, Australia, New Zealand, Ireland, South Africa, India, Nigeria, Philippines",True
WebQTest-442,webqsp,test,what industry does walmart operate in?,retail,"['Retail', 'Department store', 'Variety Stores']",Tiered-Forest,retail,True
WebQTest-384,webqsp,test,what was robert burns famous for?,poetry,"['Poet', 'Writer', 'Bard', 'Author']",Tiered-Forest,poetry,True
WebQTest-1348,webqsp,test,what team did peyton manning's dad play for?,New Orleans Saints,"['Ole Miss Rebels football', 'Houston Oilers', 'Minnesota Vikings', 'New Orleans Saints']",Tiered-Forest,New Orleans Saints,True
WebQTest-1143,webqsp,test,what galileo galilei was famous for?,"telescope, heliocentrism","['Heliocentrism', 'Solar System', 'Kinematics']",Tiered-Forest,"telescope, heliocentrism",True
WebQTest-43,webqsp,test,what did george clemenceau do?,Prime Minister of France,"['Statesman', 'Publisher', 'Physician', 'Writer', 'Journalist']",Tiered-Forest,Prime Minister of France,False
WebQTest-1796,webqsp,test,what city was michael jackson born in?,"Gary, Indiana",['Gary'],Tiered-Forest,"Gary, Indiana",True
WebQTest-414,webqsp,test,who does brian dawkins play for 2011?,Philadelphia Eagles,['Denver Broncos'],Tiered-Forest,Philadelphia Eagles,False
WebQTest-1572,webqsp,test,what should i do today in san francisco?,"Golden Gate Park, Fisherman's Wharf, Alcatraz Island","['San Francisco Museum of Modern Art', 'Travefy', 'Angel Island', 'Coit Tower', 'Lombard Street', 'Asian Art Museum of San Francisco', 'Golden Gate Park', 'Yerba Buena Center for the Arts', 'Chinatown', 'Haas-Lilienthal House', 'San Francisco Railway Museum', 'Contemporary Jewish Museum', 'Consulate General of Mexico, San Francisco', 'Exploratorium', 'Golden Gate Bridge', 'San Francisco City Hall', 'Camera Obscura', 'San Francisco cable car system', 'San Francisco Fire Department Museum', 'Union Square', ""Fisherman's Wharf"", 'Ghirardelli Square', 'Cartoon Art Museum', 'Baker Beach', 'San Francisco Ferry Building', 'Twin Peaks', 'Crissy Field', 'Musée Mécanique', 'Museum of the African Diaspora', 'Japanese Tea Garden', 'St. Regis Museum Tower', 'Presidio of San Francisco', 'Alcatraz Island', ""Ripley's Believe It or Not! Museum"", 'Palace of the Legion of Honor']",Tiered-Forest,"Golden Gate Park, Fisherman's Wharf, Alcatraz Island",True
WebQTest-1097,webqsp,test,where did michelle obama graduated from?,"Princeton University, Harvard Law School","['Harvard Law School', 'Princeton University', 'Whitney M. Young Magnet High School']",Tiered-Forest,"Princeton University, Harvard Law School",True
WebQTest-112,webqsp,test,what was robert burns?,poet,"['Poet', 'Writer', 'Bard', 'Author']",Tiered-Forest,poet,True
WebQTest-595,webqsp,test,when is the last time the ravens won a superbowl?,"February 3, 2013",['Super Bowl XLVII'],Tiered-Forest,"February 3, 2013",False
WebQTest-1452,webqsp,test,where is dwight howard now?,Taiwan,['Houston Rockets'],Tiered-Forest,Taiwan,False
WebQTest-745,webqsp,test,what was augustus caesar famous for?,first Roman emperor,"['Roman emperor', 'Politician']",Tiered-Forest,first Roman emperor,True
WebQTest-1715,webqsp,test,where did cs lewis wrote?,"Oxford, Cambridge",['Belfast'],Tiered-Forest,"Oxford, Cambridge",False
WebQTest-605,webqsp,test,what degrees did obama get in college?,"B.A., J.D.","['Juris Doctor', 'Bachelor of Arts']",Tiered-Forest,"B.A., J.D.",False
WebQTest-1971,webqsp,test,what movies gerard butler has been in?,"300, Timeline, Lara Croft: Tomb Raider – The Cradle of Life, The Phantom of the Opera, Dear Frankie, The Game of Their Lives, Beowulf & Grendel, Reign of Fire, RocknRolla, How to Train Your Dragon, Gamer, Law Abiding Citizen,","['London Has Fallen', 'Mrs Brown', 'Geostorm', 'Reign of Fire', 'The Phantom of the Opera', 'Tomorrow Never Dies', 'Lara Croft Tomb Raider: The Cradle of Life', 'Shooters', 'Gamer', 'P.S. I Love You', 'Wrath of Gods', 'RocknRolla', ""Harrison's Flowers"", ""Nim's Island"", 'Timeline', 'The Ugly Truth', 'One More Kiss', 'How to Train Your Dragon', 'Fast Food', 'Dracula 2000', 'Jewel of the Sahara', 'Dear Frankie', 'Law Abiding Citizen', 'The Game of Their Lives', 'Tales of the Black Freighter', 'The Bounty Hunter', '300', 'Beowulf & Grendel', 'Coriolanus', 'Machine Gun Preacher', ""Trailer for a Remake of Gore Vidal's Caligula"", 'Butterfly on a Wheel', 'How to Train Your Dragon: Legend of the Boneknapper Dragon', 'The Cherry Orchard', 'Movie 43', 'Attila', 'Playing for Keeps', 'How to Train Your Dragon 2', 'Chasing Mavericks', 'How to Train Your Dragon: Gift of the Night Fury', 'Thunder Run', 'How to Train Your Dragon 3', 'Olympus Has Fallen', 'Justin and the Knights of Valour', 'Gods of Egypt', 'Dynamo']",Tiered-Forest,"300, Timeline, Lara Croft: Tomb Raider – The Cradle of Life, The Phantom of the Opera, Dear Frankie, The Game of Their Lives, Beowulf & Grendel, Reign of Fire, RocknRolla, How to Train Your Dragon, Gamer, Law Abiding Citizen,",True
WebQTest-1471,webqsp,test,what famous people came from delaware?,"Joe Biden, Henry Heimlich, Elisabeth Shue","['Bill Indursky', 'Andrew Cebulka', 'Ann Marie Borghese', 'Norman Hutchins', 'Billy Ficca', 'Huck Betts', 'William Grassie', 'Solomon Bayley', 'Jacqueline Jones', 'Matt Stawicki', 'Collins J. Seitz', 'Jim Wilson', 'Griffin Seward', 'R. R. M. Carpenter', 'Chris Gutierrez', 'Herbert Bennett Fenn', 'David McElwee', 'Rebecca Lee Crumpler', 'Hampton Del Ruth', 'Katharine Pyle', 'Francine Fournier', 'Reuben James', 'Eddie Paskey', 'John Sedwick', 'Alfred I. du Pont', 'Nathaniel Harrington Bannister', 'A.C. Golden', 'Steve Ressel', 'Tully Satre', 'James B. Clark, Jr.', 'William King', 'Fred Lonberg-Holm', 'Chris Dapkins', 'Patrick Kearney', 'Jeffrey W. Bullock', 'Edward Groesbeck Voss', 'Jeremy Conway', 'Hugh T. Broomall', 'Rex Carlton', 'Tom Peszek', 'Outerbridge Horsey IV', 'Gimel \\""Young Guru\\"" Keaton', 'James Tilton', 'Ed Haskett', 'Joe Garcio']",Tiered-Forest,"Joe Biden, Henry Heimlich, Elisabeth Shue",False
WebQTest-366,webqsp,test,what language do british speak?,English,"['Cornish Language', 'English Language', 'Esperanto Language', 'Irish', 'Scottish Gaelic', 'Welsh Language', 'British Sign Language', 'Scots Language']",Tiered-Forest,English,True
WebQTest-180,webqsp,test,where the missouri river ends?,Mississippi River,['Mississippi River'],Tiered-Forest,Mississippi River,True
WebQTest-2023,webqsp,test,where are the nato headquarters located?,"Brussels, Belgium",['Brussels'],Tiered-Forest,"Brussels, Belgium",True
WebQTest-189,webqsp,test,what region of the world is egypt associated with?,Africa,['Middle East'],Tiered-Forest,Africa,False
WebQTest-1321,webqsp,test,where did the gallipoli war take place?,Gallipoli Peninsula,['Gallipoli'],Tiered-Forest,Gallipoli Peninsula,True
WebQTest-156,webqsp,test,what time zone am i in california?,Pacific Time Zone,['Pacific Time Zone'],Tiered-Forest,Pacific Time Zone,True
WebQTest-1785,webqsp,test,what was kim richards in?,The Real Housewives of Beverly Hills,"['Devil Dog: The Hound of Hell', 'Tuff Turf', 'Escape to Witch Mountain', 'Race to Witch Mountain', 'Nanny and the Professor', 'Return from Witch Mountain', 'Meatballs Part II', 'The Car', 'The Whiz Kid and the Mystery at Riverton', 'No Deposit, No Return', 'Raid on Entebbe', 'Black Snake Moan']",Tiered-Forest,The Real Housewives of Beverly Hills,False
WebQTest-1414,webqsp,test,what happened to pope john paul ii?,died,"[""Parkinson's disease"", 'heart attack']",Tiered-Forest,died,False
WebQTest-423,webqsp,test,when's the last time the steelers won the superbowl?,"February 5, 2011",['Super Bowl XLIII'],Tiered-Forest,"February 5, 2011",False
WebQTest-1878,webqsp,test,what form of government does the united states use?,federal republic,"['Presidential system', 'Constitutional republic', 'Federal republic']",Tiered-Forest,federal republic,True
WebQTest-886,webqsp,test,who voiced darth vader in the original star wars movies?,James Earl Jones,['James Earl Jones'],Tiered-Forest,James Earl Jones,True
WebQTest-693,webqsp,test,what language do most people speak in afghanistan?,"Pashto, Dari","['Farsi, Eastern Language', 'Pashto language']",Tiered-Forest,"Pashto, Dari",False
WebQTest-125,webqsp,test,what are abraham sons names?,"Ishmael, Isaac","['Ishmael', 'Ishbak', 'Shuah', 'Isaac', 'Zimran', 'Jokshan', 'Medan', 'Midian']",Tiered-Forest,"Ishmael, Isaac",True
WebQTest-1022,webqsp,test,what country is nike based in?,United States,['United States of America'],Tiered-Forest,United States,True
WebQTest-1864,webqsp,test,who plays the role of tony dinozzo on ncis?,Michael Weatherly,['Michael Weatherly'],Tiered-Forest,Michael Weatherly,True
WebQTest-933,webqsp,test,what political party did andrew johnson belong to?,Democratic Party,"['Republican Party', 'Democratic Party', 'National Union Party']",Tiered-Forest,Democratic Party,True
WebQTest-261,webqsp,test,what is cindy sherman known for?,"photography, film directing","['Film director', 'Visual Artist', 'Photographer', 'Artist']",Tiered-Forest,"photography, film directing",False
WebQTest-1560,webqsp,test,who founded new york university?,Albert Gallatin,"['Albert Gallatin', 'Mordecai Manuel Noah']",Tiered-Forest,Albert Gallatin,True
WebQTest-896,webqsp,test,when did the philadelphia flyers win the cup?,"1974, 1975","['1975 Stanley Cup Finals', '1974 Stanley Cup Finals']",Tiered-Forest,"1974, 1975",False
WebQTest-1142,webqsp,test,who does ronaldinho play for now 2011?,"Flamengo, Atlético Mineiro","['Brazil national football team', 'Clube de Regatas do Flamengo']",Tiered-Forest,"Flamengo, Atlético Mineiro",False
WebQTest-295,webqsp,test,what type of government does germany have now?,federal parliamentary republic,"['Constitutional republic', 'Representative democracy', 'Parliamentary republic', 'Federal republic']",Tiered-Forest,federal parliamentary republic,True
WebQTest-1571,webqsp,test,what is sir isaac newton theory?,"gravity, laws of motion, universal gravitation","[""Newton's law of universal gravitation""]",Tiered-Forest,"gravity, laws of motion, universal gravitation",False
WebQTest-1663,webqsp,test,what music did louis armstrong play?,jazz,"['Swing music', 'Jazz', 'Dixieland', 'Scat singing', 'Traditional pop music']",Tiered-Forest,jazz,True
WebQTest-1758,webqsp,test,where do they speak afrikaans?,"South Africa, Namibia","['Botswana', 'Transkei', 'Malawi', 'Namibia', 'Gazankulu', 'Zambia', 'South Africa']",Tiered-Forest,"South Africa, Namibia",True
WebQTest-1554,webqsp,test,what is the official language of brazil now?,Portuguese,['Portuguese Language'],Tiered-Forest,Portuguese,True
WebQTest-883,webqsp,test,who was king george vi married to?,Queen Elizabeth,['Queen Elizabeth The Queen Mother'],Tiered-Forest,Queen Elizabeth,True
WebQTest-1803,webqsp,test,what does gm make?,"automobiles, trucks, automotive components","['Automotive industry', 'Motor Vehicles and Passenger Car Bodies']",Tiered-Forest,"automobiles, trucks, automotive components",False
WebQTest-1546,webqsp,test,where did rick santorum attend high school?,Central Bucks High School West,['Carmel High School'],Tiered-Forest,Central Bucks High School West,False
WebQTest-1231,webqsp,test,where is chris paul from?,"Winston-Salem, North Carolina",['United States of America'],Tiered-Forest,"Winston-Salem, North Carolina",False
WebQTest-339,webqsp,test,what nationality is mother teresa?,Albanian-Indian,"['India', 'Ottoman Empire']",Tiered-Forest,Albanian-Indian,True
WebQTest-1289,webqsp,test,what type of music did mozart composed?,classical music,"['Ballet', 'Opera', 'Art song', 'Classical music', 'Chamber music']",Tiered-Forest,classical music,True
WebQTest-1738,webqsp,test,who plays nicholas newman on the young and the restless?,Joshua Morrow,['Joshua Morrow'],Tiered-Forest,Joshua Morrow,True
WebQTest-1006,webqsp,test,what movies is omar epps in?,"Juice, The Program, Higher Learning, Major League II, Scream 2, In Too Deep, The Wood, Love & Basketball, Dracula 2000, Big Trouble, Against the Ropes, Alfie, A Day in the Life, The Manchurian Candidate, Fatherhood","['Scream 2', 'Higher Learning', 'Brother', 'Perfume', 'Against the Ropes', 'Alfie', 'Deadly Voyage', 'Conviction', 'Dracula 2000', 'First Time Felon', 'Big Trouble', ""Don't Be a Menace to South Central While Drinking Your Juice in the Hood"", 'A Day in the Life', 'Love & Basketball', 'The Wood', 'In Too Deep', 'Juice', 'The Mod Squad', 'Breakfast of Champions', 'The Program', 'Major League II', 'Daybreak', 'MTV 20: Jams']",Tiered-Forest,"Juice, The Program, Higher Learning, Major League II, Scream 2, In Too Deep, The Wood, Love & Basketball, Dracula 2000, Big Trouble, Against the Ropes, Alfie, A Day in the Life, The Manchurian Candidate, Fatherhood",True
WebQTest-487,webqsp,test,who did veronica lake mary?,Mary,"['John S. Detlie', 'André de Toth', 'Joseph A. McCarthy', 'Robert Carleton-Munro']",Tiered-Forest,Mary,False
WebQTest-89,webqsp,test,what do you call the chinese writing system?,Chinese characters,"['Nüshu script', 'Simplified Chinese character', 'Traditional Chinese characters', ""'Phags-pa script"", 'Chinese characters']",Tiered-Forest,Chinese characters,True
WebQTest-14,webqsp,test,where is the fukushima daiichi nuclear plant located?,"Ōkuma, Fukushima","['Japan', 'Okuma']",Tiered-Forest,"Ōkuma, Fukushima",False
WebQTest-542,webqsp,test,where did alex chilton die?,New Orleans,['New Orleans'],Tiered-Forest,New Orleans,True
WebQTest-1750,webqsp,test,what city does paul ryan live in?,Janesville,['Janesville'],Tiered-Forest,Janesville,True
WebQTest-644,webqsp,test,what famous people are from el salvador?,"Roque Dalton, Mauricio Funes, Nayib Bukele","['g.11b8058v7j', 'William Armando', 'Victor Lopez', 'Johnny Lopez', 'Francisco Funes', 'Damaris Quéles', 'Francisca González', 'Ricardo López Tenorio', 'Xenia Estrada', 'Mauricio Alvarenga', 'Milton Palacios', 'Alexander Campos', 'Jose Orlando Martinez', 'Mauricio Alonso Rodríguez', 'Miguel Cañizalez', 'Francisco Gavidia', 'Pedro Geoffroy Rivas', 'Camilo Minero', 'Ana Sol Gutierrez', 'Joel Aguilar', 'Wilfredo Iraheta', 'Mauricio Alfaro', 'José Luis Rugamas', 'Eduardo Hernández', 'Roberto Carlos Martinez', 'José Manfredi Portillo', 'Melvin Barrera', 'Pedro Chavarria', 'José María Cañas', 'Ruben Cedillos', 'Keoki', 'DJ Quest', 'Prudencia Ayala', 'Andrés Eduardo Menéndez', 'William Renderos Iraheta', 'Laura Molina', 'Félix Pineda', 'José Castellanos Contreras', 'Jose Solis', 'Edwin Ramos', 'Roberto Rivas', 'Alfredo Ruano', 'Rafael Menjívar Ochoa', 'Papa A.P.', 'Elmer Acevedo', 'Armando Chacón', 'Saturnino Osorio', 'Ernesto Aparicio', 'Arturo Armando Molina', 'Diego Velázquez', 'Miguel Cruz', 'Juan Rafael Bustillo', 'Sarah Ramos', 'Juan Ramón Sánchez', 'Jorge Búcaro', 'Tomás Medina', 'Doroteo Vasconcelos', 'Rafael Campo', 'Francisco Dueñas', 'Gerardo Barrios', 'Francisco Menéndez', 'Pedro José Escalón', 'Manuel Enrique Araujo', 'Jorge Meléndez', 'Salvador Castaneda Castro', 'Julio Adalberto Rivera Carballo', 'Consuelo de Saint Exupéry', 'Rubén Zamora', 'Rutilio Grande', 'Víctor Ramírez', 'Nicolas F. Shi', 'Eva Dimas', 'Fausto Omar Vásquez', 'Steve Montenegro', 'Carlos Linares', 'Miguel Angel Deras', 'Gualberto Fernández', 'Paula Heredia', 'Jorge Rivera', 'Erwin McManus', 'Claudia Lars', 'Victor Manuel Ochoa', 'Raúl Cicero', 'Carlos Barrios', 'José Inocencio Alas', 'Elena Diaz', 'Patricia Chica', 'Bernard Lewinsky', 'Jaime Portillo', 'Genaro Sermeño', 'Ana Maria de Martinez', 'Eduardo \\""Volkswagen\\"" Hernández', 'Arturo Rivera y Damas', 'Enrique Álvarez Córdova', 'Mario Montoya', 'José Francisco Valiente', 'Norman Quijano', 'Rene Moran', 'Jose B. Gonzalez', 'Richard Oriani', 'Alexander Méndoza', 'Ángel Orellana', 'Emilio Guardado', 'Américo González', 'Bobby Rivas', 'Óscar Antonio Ulloa', 'Guillermo García', 'Selvin González', 'William López', 'Marlon Menjívar', 'Isaías Choto', 'Takeshi Fujiwara', 'Mario Wilfredo Contreras', 'Malin Arvidsson', 'Robert Renderos', 'Santiago \\""Jimmy\\"" Mellado']",Tiered-Forest,"Roque Dalton, Mauricio Funes, Nayib Bukele",False
WebQTest-1083,webqsp,test,where president obama was born?,"Honolulu, Hawaii",['Honolulu'],Tiered-Forest,"Honolulu, Hawaii",True
WebQTest-776,webqsp,test,what sport is popular in italy?,association football,"['g.11x7vhqcx', 'Italy national football team', ""Italy women's national beach handball team"", ""Italy women's national volleyball team"", ""Italy men's national volleyball team"", 'Italy national handball team', 'Italy Davis Cup team', 'Italy Fed Cup team', 'Italy national futsal team', 'Dinamo Basket Sassari', 'Partenope Napoli', 'Fortitudo Pallacanestro Bologna', 'Virtus Pallacanestro Bologna', 'Juvecaserta Basket', ""Italy women's national rugby union team"", ""Italy men's national pitch and putt team"", 'Italy national rugby union team', ""Italy women's national water polo team"", 'Olimpia Milano', 'Italy national speedway team', 'Victoria Libertas Pesaro', 'Italy national basketball team', 'Italy national rugby league team', ""Italy women's national football team"", 'Mens Sana 1871 Basket', 'Italy national cricket team', 'Team Liquigas-Cannondale', 'Pallacanestro Varese', 'Pallacanestro Treviso', ""Italy men's national ice hockey team"", ""Italy women's national ice hockey team"", 'Italy national baseball team', 'Pallacanestro Cantù', 'S.S. Felice Scandone', 'Pallacanestro Virtus Roma', 'AS Vicenza']",Tiered-Forest,association football,False
WebQTest-893,webqsp,test,what is the zip code for azle texas?,76020,"['76020', '76098']",Tiered-Forest,76020,True
WebQTest-1736,webqsp,test,where is holy roman empire located?,Central Europe,['Europe'],Tiered-Forest,Central Europe,True
WebQTest-758,webqsp,test,who is the governor of indiana 2009?,Mitch Daniels,['Mitch Daniels'],Tiered-Forest,Mitch Daniels,True
WebQTest-1981,webqsp,test,what state did john adams live in?,Massachusetts,['Massachusetts'],Tiered-Forest,Massachusetts,True
WebQTest-1117,webqsp,test,where do they speak german?,"Germany, Austria, Switzerland","['Belgium', 'Czech Republic', 'Cyprus', 'Germany', 'East Germany', 'Second Polish Republic', 'Luxembourg', 'Liechtenstein', 'Switzerland', 'Vatican City', 'West Germany', 'Canada', 'Austria', 'South Africa', 'Denmark']",Tiered-Forest,"Germany, Austria, Switzerland",True
WebQTest-630,webqsp,test,what language do colombian people speak?,Spanish,"['Piratapuyo Language', 'Cocama language', 'Bora Language', 'Wayuu Language', 'Malayo Language', 'Quechua, Napo Lowland Language', 'Curripaco Language', 'Hupdë Language', 'Baudo language', 'Siona Language', 'Cabiyarí Language', 'Nukak language', 'Barí Language', 'Tama Language', 'Awa-Cuaiquer Language', 'Guanano Language', 'Tanimuca-Retuarã Language', 'Cagua Language', 'Runa Language', 'Coyaima Language', 'Ponares Language', 'Macaguaje Language', 'Inga, Jungle Language', 'Coxima Language', 'Tomedes Language', 'Natagaimas Language', 'Cumeral Language', 'Carijona Language', 'Tunebo, Barro Negro Language', 'Siriano Language', 'Muinane Language', 'Macaguán Language', 'Pijao Language', 'Puinave Language', 'Cubeo Language', 'Desano Language', 'Tunebo, Central Language', 'Guayabero Language', 'Arhuaco Language', 'Tunebo, Western Language', 'Totoro Language', 'Palenquero Language', 'Kogi Language', 'Barasana Language', 'Yukpa Language', 'Waimajã Language', 'Colombian Sign Language', 'Guambiano Language', 'Minica Huitoto', 'Piaroa Language', 'Emberá, Northern Language', 'Ocaina Language', 'Anserma Language', 'Carabayo Language', 'Macuna Language', 'Omejes Language', 'Andoque Language', 'Chipiajes Language', 'Inga Language', 'Piapoco Language', 'Tunebo, Angosturas Language', 'Catio language', 'Koreguaje Language', 'Kuna, Border Language', 'Andaqui Language', 'Sáliba Language', 'Camsá Language', 'Murui Huitoto language', 'Yucuna Language', 'Guahibo language', 'Cuiba language', 'Playero language', 'Uwa language', 'Achawa language', 'Ticuna language', 'Islander Creole English', 'Nheengatu language', 'Spanish Language', 'Tinigua language', 'Providencia Sign Language', 'Romani, Vlax Language', 'Tuyuca language', 'Tucano Language', 'Páez language', 'Cofán Language', 'Nonuya language']",Tiered-Forest,Spanish,True
WebQTest-970,webqsp,test,where was caesar when he was stabbed?,Theatre of Pompey,['Theatre of Pompey'],Tiered-Forest,Theatre of Pompey,True
WebQTest-474,webqsp,test,who played jacob black in twilight?,Taylor Lautner,['Taylor Lautner'],Tiered-Forest,Taylor Lautner,True
WebQTest-728,webqsp,test,what is the name of the speaker of the house of representatives now 2011?,John Boehner,"['Nancy Pelosi', 'John Boehner']",Tiered-Forest,John Boehner,True
WebQTest-34,webqsp,test,who did cam newton sign with?,New England Patriots,['Carolina Panthers'],Tiered-Forest,New England Patriots,False
WebQTest-1792,webqsp,test,where is midlothian scotland?,Scotland,"['Scotland', 'United Kingdom', 'United Kingdom, with Dependencies and Territories']",Tiered-Forest,Scotland,True
WebQTest-243,webqsp,test,where did george w bush live as a child?,"Midland, Texas",['New Haven'],Tiered-Forest,"Midland, Texas",False
WebQTest-80,webqsp,test,what county is greeley colorado in?,Weld County,['Weld County'],Tiered-Forest,Weld County,True
WebQTest-403,webqsp,test,what kind of language does turkey speak?,Turkish,"['Turkish Language', 'Zaza language', 'Ladino Language', 'Kurdish languages', 'Arabic Language']",Tiered-Forest,Turkish,True
WebQTest-1220,webqsp,test,what has shannen doherty played in?,"Beverly Hills, 90210, Charmed, Heathers","['Another Day', 'Mallrats', 'Night Shift', 'The Secret of NIMH', 'Gone in the Night', 'Christmas Caper', ""Friends 'Til the End"", 'Heathers', ""Satan's School for Girls"", 'The Rendering', 'Striking Poses', 'Nowhere', 'Obsessed', 'Blindfold: Acts of Obsession', 'Freeze Frame', 'Nightlight', 'The Other Lover', 'Jailbreakers', 'Hell on Heels: The Battle of Mary Kay', 'Sleeping with the Devil', 'A Burning Passion: The Margaret Mitchell Story', 'Burning Palms', 'The Lost Treasure of the Grand Canyon', 'Bless All the Dear Children', 'Girls Just Want to Have Fun', 'Category 7: The End of the World', 'The Delphi Effect', 'Growing the Big One', 'Almost Dead', 'The Ticket', 'Jay and Silent Bob Strike Back', 'Bukowski', 'Witchslayer Gretl']",Tiered-Forest,"Beverly Hills, 90210, Charmed, Heathers",True
WebQTest-1274,webqsp,test,who won the governor election in texas?,Greg Abbott,"['Edward Clark', 'Pendleton Murrah', 'John Connally', 'Ann Richards', 'Rick Perry', 'James Pinckney Henderson', 'Francis Lubbock', 'Mark White', 'Dolph Briscoe', 'Bill Clements', ""W. Lee O'Daniel"", 'Lawrence Sullivan Ross', 'Preston Smith', 'Hardin Richard Runnels', 'Charles Allen Culberson', 'George Tyler Wood', 'Beauford H. Jester', 'Ross S. Sterling', 'Coke R. Stevenson', 'Fletcher Stockdale', 'Dan Moody', 'Miriam A. Ferguson', 'William P. Hobby', 'Allan Shivers', 'Richard Coke', 'James E. Ferguson', 'Price Daniel', 'Andrew Jackson Hamilton', 'Elisha M. Pease', 'James Allred', 'Pat Morris Neff', 'Jim Hogg', 'James W. Throckmorton', 'Edmund J. Davis', 'J. W. Henderson', 'Peter Hansborough Bell', 'Richard B. Hubbard', 'Oran Milo Roberts', 'John Ireland', 'Joseph D. Sayers', 'S. W. T. Lanham', 'Thomas Mitchell Campbell', 'Oscar Branch Colquitt', 'George W. Bush', 'Sam Houston']",Tiered-Forest,Greg Abbott,False
WebQTest-258,webqsp,test,which of the following does australia export the most?,iron ore,"['Energy industry', 'Agriculture']",Tiered-Forest,iron ore,False
WebQTest-971,webqsp,test,what style of music did bessie smith perform?,blues,"['Blues', 'Jazz']",Tiered-Forest,blues,True
WebQTest-1473,webqsp,test,what currency does cyprus use?,Euro,['Euro'],Tiered-Forest,Euro,True
WebQTest-1805,webqsp,test,what do people in jamaica speak?,"English, Jamaican Patois","['Jamaican English', 'Jamaican Creole English Language']",Tiered-Forest,"English, Jamaican Patois",False
WebQTest-196,webqsp,test,what language do navajo people speak?,Navajo,"['Navajo Language', 'English Language', 'Spanish Language']",Tiered-Forest,Navajo,True
WebQTest-1353,webqsp,test,what are the four nations of the united kingdom?,"England, Scotland, Wales, Northern Ireland","['England', 'Northern Ireland', 'Scotland', 'Wales']",Tiered-Forest,"England, Scotland, Wales, Northern Ireland",True
WebQTest-1419,webqsp,test,what inspired michelangelo buonarroti?,Domenico Ghirlandaio,"['Giovanni Pico della Mirandola', 'Domenico Ghirlandaio', ""Lorenzo de' Medici"", 'Melozzo da Forlì', 'Girolamo Savonarola', 'Donatello']",Tiered-Forest,Domenico Ghirlandaio,True
WebQTest-1087,webqsp,test,what films has scarlett johansson been in?,"Lost in Translation, The Avengers, Marriage Story, Her, Black Widow","['The Jungle Book', 'Captain America: Civil War', ""The Man Who Wasn't There"", 'Ghost World', 'Lost in Translation', 'Vicky Cristina Barcelona', 'My Brother the Pig', 'An American Rhapsody', 'Home Alone 3', 'The Horse Whisperer', ""He's Just Not That Into You"", 'North', 'Eight Legged Freaks', 'The SpongeBob SquarePants Movie', 'The Island', 'The Perfect Score', 'A Love Song for Bobby Long', 'Fall', 'In Good Company', 'Iron Man 2', 'The Avengers', 'A Good Woman', 'Match Point', 'Just Cause', 'The Black Dahlia', 'The Prestige', 'Scoop', 'The Nanny Diaries', 'We Bought a Zoo', 'If Lucy Fell', 'Girl with a Pearl Earring', 'The Spirit', 'Manny & Lo', 'Buck', 'Under the Skin', 'The Other Boleyn Girl', 'Hitchcock', 'Captain America: The Winter Soldier', 'Don Jon', 'Her', 'The Avengers: Age of Ultron', 'Chef', 'Lucy']",Tiered-Forest,"Lost in Translation, The Avengers, Marriage Story, Her, Black Widow",True
WebQTest-1268,webqsp,test,where did jay moriarty die?,"Mavericks, California",['Maldives'],Tiered-Forest,"Mavericks, California",False
WebQTest-1226,webqsp,test,what form of government does australia use?,"constitutional monarchy, parliamentary democracy","['Parliamentary system', 'Constitutional monarchy', 'Federal monarchy']",Tiered-Forest,"constitutional monarchy, parliamentary democracy",True
WebQTest-448,webqsp,test,what type of government system does italy have?,parliamentary republic,"['Unitary state', 'Constitutional republic', 'Parliamentary republic']",Tiered-Forest,parliamentary republic,True
WebQTest-1793,webqsp,test,where does marta play soccer?,FC Barcelona,"[""Brazil women's national football team"", 'Tyresö FF']",Tiered-Forest,FC Barcelona,False
WebQTest-945,webqsp,test,what political system did spain have?,constitutional monarchy,"['Parliamentary system', 'Unitary state', 'Constitutional monarchy', 'Monarchy']",Tiered-Forest,constitutional monarchy,True
WebQTest-515,webqsp,test,where was teddy roosevelt's house?,Sagamore Hill,"['New York City', 'Washington, D.C.']",Tiered-Forest,Sagamore Hill,False
WebQTest-1186,webqsp,test,what kind of government does cuba have today?,communist state,"['Semi-presidential system', 'Unitary state', 'Socialist state', 'Republic']",Tiered-Forest,communist state,False
WebQTest-1095,webqsp,test,who did william shakespeare marry?,Anne Hathaway,['Anne Hathaway'],Tiered-Forest,Anne Hathaway,True
WebQTest-1173,webqsp,test,where is walton county ga?,Georgia,"['Atlanta-Sandy Springs-Marietta, GA Metropolitan Statistical Area', 'Georgia']",Tiered-Forest,Georgia,True
WebQTest-1599,webqsp,test,where did kim jong il die?,Pyongyang,['Pyongyang'],Tiered-Forest,Pyongyang,True
WebQTest-707,webqsp,test,who played cletus hogg?,James Hampton,['Jack Polick'],Tiered-Forest,James Hampton,False
WebQTest-899,webqsp,test,where is olympic national park wa?,Washington,"['Washington', 'Jefferson County']",Tiered-Forest,Washington,True
WebQTest-725,webqsp,test,what states does the sierra nevada run through?,"California, Nevada","['California', 'Nevada']",Tiered-Forest,"California, Nevada",True
WebQTest-812,webqsp,test,what movies does matt dallas play in?,Matt Dallas,"['Babysitter Wanted', 'Camp Slaughter', 'Way of the Vampire', 'Wannabe', 'Living the Dream', 'The Story of Bonnie and Clyde', 'Beauty & the Briefcase', 'As Good as Dead', 'The Indian', ""Wyatt Earp's Revenge"", 'Hot Dudes with Kittens', 'You, Me & The Circus', 'The Ghost of Goodnight Lane', 'In Between Days', 'Naughty or Nice']",Tiered-Forest,Matt Dallas,False
WebQTest-1835,webqsp,test,what country did gregor mendel live in?,Austria,"['Austrian Silesia', 'Brno']",Tiered-Forest,Austria,True
WebQTest-21,webqsp,test,who is keyshia cole dad?,Virgil Hunter,"['Francine Lons', 'Leon Cole', 'Sal Gibson']",Tiered-Forest,Virgil Hunter,False
WebQTest-993,webqsp,test,who played meg in season 1 of family guy?,Mila Kunis,['Lacey Chabert'],Tiered-Forest,Mila Kunis,False
WebQTest-1671,webqsp,test,where did leif ericson grow up?,Iceland,['Köping'],Tiered-Forest,Iceland,False
WebQTest-1248,webqsp,test,where is nineveh city?,Iraq,"['Nineveh Governorate', 'Iraq']",Tiered-Forest,Iraq,True
WebQTest-1843,webqsp,test,what did the blackfoot indians speak?,Blackfoot language,"['English Language', 'Blackfoot Language']",Tiered-Forest,Blackfoot language,True
WebQTest-321,webqsp,test,what do people in australia speak?,English,"['English Language', 'Esperanto Language', 'Lojban']",Tiered-Forest,English,True
WebQTest-393,webqsp,test,what are the two official languages of paraguay?,"Spanish, Guarani","['Spanish Language', 'Paraguayan Guaraní']",Tiered-Forest,"Spanish, Guarani",False
WebQTest-132,webqsp,test,who is michael j fox wife?,Tracy Pollan,['Tracy Pollan'],Tiered-Forest,Tracy Pollan,True
WebQTest-1263,webqsp,test,what team is cristiano ronaldo play for?,Al-Nassr,"['Portugal national football team', 'Real Madrid C.F.']",Tiered-Forest,Al-Nassr,False
WebQTest-131,webqsp,test,who inspired obama?,"Frank Marshall Davis, John F. Kennedy, Martin Luther King Jr., Mahatma Gandhi","['Saul Alinsky', 'Reinhold Niebuhr', 'Nipsey Russell']",Tiered-Forest,"Frank Marshall Davis, John F. Kennedy, Martin Luther King Jr., Mahatma Gandhi",False
WebQTest-231,webqsp,test,when did florida marlins join mlb?,1993,['1994 Major League Baseball Season'],Tiered-Forest,1993,False
WebQTest-765,webqsp,test,what celebrities has brody jenner dated?,"Kaitlynn Carter, Kylie Jenner, Avril Lavigne","['Haylie Duff', 'Paris Hilton', 'Ryan J. Parker', 'Kristin Cavallari', 'Lauren Conrad', 'Cora Skinner', 'Nicole Richie', 'Jayde Nicole']",Tiered-Forest,"Kaitlynn Carter, Kylie Jenner, Avril Lavigne",False
WebQTest-489,webqsp,test,who plays stephanie plum in one for the money?,Katherine Heigl,['Katherine Heigl'],Tiered-Forest,Katherine Heigl,True
WebQTest-578,webqsp,test,who was kobe bryant drafted by?,Charlotte Hornets,['Charlotte Hornets'],Tiered-Forest,Charlotte Hornets,True
WebQTest-1232,webqsp,test,what year was albert pujols rookie year?,2001,['2001 Major League Baseball Season'],Tiered-Forest,2001,True
WebQTest-71,webqsp,test,who did michael j fox marry?,Tracy Pollan,['Tracy Pollan'],Tiered-Forest,Tracy Pollan,True
WebQTest-455,webqsp,test,when did chipper jones get drafted?,June 1990,['1990 Major League Baseball Draft'],Tiered-Forest,June 1990,False
WebQTest-911,webqsp,test,what year did the golden state warriors win their first nba championship?,1947,['1975 NBA Finals'],Tiered-Forest,1947,False
WebQTest-142,webqsp,test,who developed the tcp ip reference model?,DARPA,"['Robert  E. Kahn', 'Vint Cerf']",Tiered-Forest,DARPA,False
WebQTest-149,webqsp,test,what do portuguese people speak?,Portuguese,['Portuguese Language'],Tiered-Forest,Portuguese,True
WebQTest-1641,webqsp,test,who is nicolas cage married too?,"Lisa Marie Presley, Alice Kim, Riko Shibata",['Alice Kim'],Tiered-Forest,"Lisa Marie Presley, Alice Kim, Riko Shibata",True
WebQTest-2008,webqsp,test,which countries speak arabic language?,"Algeria, Bahrain, Chad, Comoros, Djibouti, Egypt, Eritrea, Iraq, Jordan, Kuwait, Lebanon, Libya, Mauritania, Morocco, Oman, Palestine, Qatar, Saudi Arabia, Somalia, Sudan, Syria, Tunisia, United Arab Emirates, Yemen","['Bahrain', 'Saudi Arabia', 'Yemen', 'Turkey', 'Djibouti', 'Egypt', 'Seljuk Empire', 'Jordan', 'South Yemen', 'Iran', 'Israel', 'Kuwait', 'Libya', 'Lebanon', 'Mauritania', 'Morocco', 'Oman', 'Qatar', 'Sudan', 'Syria', 'Tanzania', 'Tunisia', 'Iraq', 'Canada', 'Algeria', 'Mandatory Palestine', 'South Africa', 'United Arab Emirates']",Tiered-Forest,"Algeria, Bahrain, Chad, Comoros, Djibouti, Egypt, Eritrea, Iraq, Jordan, Kuwait, Lebanon, Libya, Mauritania, Morocco, Oman, Palestine, Qatar, Saudi Arabia, Somalia, Sudan, Syria, Tunisia, United Arab Emirates, Yemen",True
WebQTest-869,webqsp,test,where is ancient phoenician?,"Lebanon, Syria, Israel, Tunisia, Malta, Cyprus, Sicily, Sardinia, Spain",['Lebanon'],Tiered-Forest,"Lebanon, Syria, Israel, Tunisia, Malta, Cyprus, Sicily, Sardinia, Spain",True
WebQTest-861,webqsp,test,who will coach carolina panthers in 2013?,Ron Rivera,['Ron Rivera'],Tiered-Forest,Ron Rivera,True
WebQTest-1032,webqsp,test,who played captain kirk in star trek movie?,William Shatner,['William Shatner'],Tiered-Forest,William Shatner,True
WebQTest-1985,webqsp,test,what team does mike fisher play for?,Nashville Predators,['Nashville Predators'],Tiered-Forest,Nashville Predators,True
WebQTest-1640,webqsp,test,where is tunis on a map?,Tunisia,"['Africa', 'Tunisia', 'Tunis Governorate']",Tiered-Forest,Tunisia,True
WebQTest-1496,webqsp,test,where does the city of paris get its name?,Parisii tribe,['Parisii'],Tiered-Forest,Parisii tribe,True
WebQTest-1081,webqsp,test,where did george washington carver go to collage?,"Simpson College, Iowa State University","['Simpson College', 'Iowa State University']",Tiered-Forest,"Simpson College, Iowa State University",True
WebQTest-376,webqsp,test,what books did agatha christie wrote?,"And Then There Were None, Murder on the Orient Express, The Murder of Roger Ackroyd, Death on the Nile, The A.B.C. Murders, The Mysterious Affair at Styles, The Body in the Library, Crooked House, Five Little Pigs, The Secret Adversary","['A Caribbean Mystery', 'The Hound of Death', 'The Mysterious Affair at Styles', 'Three Act Tragedy', 'And Then There Were None', 'Sad Cypress', 'Hercule Poirot’s Christmas', 'Ordeal by Innocence', 'Ordeal by Innocence (Agatha Christie Collection)', 'Ordeal by Innocence (Signature Editions)', 'Ordeal by Innocence (Agatha Christie Mysteries Collection)', 'Murder in Mesopotamia', 'Murder in Mesopotamia.', 'Murder in Mesopotamia (Hercule Poirot)', 'The Hollow', 'The Hollow.', 'Murder in Mesopotamia (Hercule Poirot Mysteries)', 'Murder in Mesopotamia (Poirot)', 'Murder In Mesopotamia (Agatha Christie Mystery Collection) Bantam Blue Leatherette Edition', 'Murder in Mesopotamia (BBC Radio Collection)', 'Murder in Mesopotamia (Agatha Christie Audio Mystery)', 'Murder in Mesopotamia (BBC Radio Presents)', 'The Hollow (Poirot)', 'The Hollow (Hercule Poirot)', 'The Hollow (Winterbrook Edition)', 'The Hollow (Agatha Christie Collection)', 'The Hollow (A Hercule Poirot Novel)', 'The Hollow (Ulverscroft Large Print)', 'The Clocks', 'CLOCKS', 'The Clocks (Poirot)', 'Clocks (Hc Collection)', 'The Clocks (Agatha Christie Collection)', 'The Clocks (Hercule Poirot Mysteries)', 'Clocks (Ulverscroft Large Print)', 'The Clocks (A Hercule Poirot Murder Mystery)', 'Appointment with Death', 'Appointment with death.', 'Appointment with Death (The Christie Collection)', 'Appointment with Death (Dell; 10246)', 'Appointment with Death (Hercule Poirot)', 'Appointment with Death (Hercule Poirot Mysteries)', 'Appointment with Death (BBC Radio Collection)', 'Appointment With Death (G K Hall Large Print Book Series)', '4.50 from Paddington', '4.50 from Paddington.', 'Hickory dickory dock', 'The thirteen problems', ""Dead man's folly"", 'Elephants can remember', 'The murder at the vicarage', 'Sleeping murder', 'The big four', 'Death on the Nile', 'The murder on the links', 'The regatta mystery and other stories', 'Taken at the flood', ""At Bertram's Hotel"", 'Third girl', 'Poirot investigates', 'Cards on the table', 'While the light lasts and other stories', 'Death in the clouds', ""Hallowe'en party"", ""Mrs. McGinty's dead"", 'Destination unknown', 'Five little pigs', 'Curtain', 'Murder on the Orient Express', 'A pocket full of rye', 'A murder is announced', 'Peril at End House', 'Dumb witness', 'Lord Edgware dies', 'The seven dials mystery', 'The secret adversary', 'The mystery of the blue train', 'The harlequin tea set and other stories', 'Passenger to Frankfurt', 'Evil under the sun', 'One, two, buckle my shoe', 'Cat among the pigeons', 'Partners in crime', 'The Pale Horse (Agatha Christie Collection)', 'The Pale Horse (The Agatha Christie mystery collection)', 'Pale Horse (R)', ""The Pale Horse (St. Martin's Minotaur Mysteries)"", 'Death On The Nile (Hercule Poirot Mysteries (Paperback))', 'Death on the Nile (Agatha Christie Audio Mystery)', 'Death on the Nile (Hercule Poirot Mysteries (Audio))', 'Death on the Nile (BBC Radio Collection)', 'The A.B.C. murders', 'The A. B. C. Murders', 'The A.B.C. Murders (The Christie Collection)', 'Death Comes as the End', 'Death Comes as the End (Agatha Christie Collection)', 'Death Comes As the End (The Agatha Christie Mystery Collection)', 'Death Comes As the End (Mystery Masters)', 'After the Funeral', 'After the funeral.', 'After the Funeral (Hercule Poirot)', 'After the Funeral (BBC Audio Crime)', 'After the Funeral (Hercule Poirot Mysteries (Paperback))', 'After the Funeral (The Christie Collection)', 'After the Funeral (Hercule Poirot Mysteries)', 'After the Funeral (Agatha Christie Collection)', 'Death on the Nile.', 'Death on the Nile (Hercule Poirot)', 'Death on the Nile (The Christie Collection)', 'Death on the Nile (Hercule Poirot Mysteries)', 'The pale horse', 'Pale Horse', 'The pale horse.', 'Mysterious Affair at Styles', 'The mysterious affair at Styles.', 'Mysterious Affair at Styles/Cassettes (1362)', 'The Mysterious Affair at Styles (Dodo Press)', 'The Mysterious Affair at Styles (Large Print Edition)', 'The Mysterious Affair at Styles (Hercule Poirot Mysteries (Audio))', 'The Mysterious Affair At Styles (Classic Books on Cassettes Collection) (Classic Books on Cassettes Collection)', 'The Mysterious Affair at Styles, Large-Print Edition', '4.50 from Paddington (Miss Marple)', '4.50 from Paddington (Agatha Christie Collection)', '4.50 from Paddington (BBC Audio Crime)', '4.50 from Paddington (Agatha Christie Signature Edition)', '4.50 from Paddington (BBC Radio Collection)', '4.50 from Paddington (Miss Marple Mysteries (Audio))', 'The Witness for the Prosecution and Other Stories', 'The Witness for the Prosecution and Other Stories (Mystery Masters Series)', 'Witness for the Prosecution and Other Stories (G. K. Hall (Large Print))', 'Witness for the prosecution, and other stories', 'The under dog and other stories', 'The Under Dog and Other Stories (G. K. Hall (Large Print))', 'The adventure of the Christmas pudding', 'The Adventure of the Christmas Pudding (Poirot)', 'The Adventure of the Christmas Pudding (The Crime Club)', 'The Adventure of the Christmas Pudding and Other Stories', 'The Adventure of the Christmas Pudding and The Mystery of the Spanish Chest', 'The adventure of the Christmas pudding and a selection of entrées.', 'The adventure of the Christmas pudding, and a selection of entrées', 'The Golden Ball and Other Stories', 'Golden Ball and Other Stories (Agatha Christie Mysteries Collection)', 'The Golden Ball and Other Stories (G. K. Hall (Large Print))', 'Problem at Pollensa Bay & Other Stories', 'Three blind mice and other stories', 'Three blind mice and other stories (Agatha Christie Mystery Collection)', 'The Mysterious Mr. Quin', 'The \\""Mysterious Mr Quin\\""', 'The mysterious Mr. Quin.', 'The Mysterious Mr.Quin', 'The Mysterious Mr Quin', 'The Listerdale Mystery', 'The Listerdale mystery.', 'The Mysterious Mr. Quin (Ulverscroft Large Print)', 'The Mysterious Mr.Quin (Agatha Christie Signature Edition)', 'The Mysterious Mr. Quin (Paperback)) (Hercule Poirot Mysteries (Paperback))', 'The Listerdale Mystery (Agatha Christie Collection)', 'Murder in the Mews', 'Murder in the mews.', 'Murder in the Mews (Poirot)', 'Murder in the Mews (Ulverscroft Large Print)', 'The Labours of Hercules', 'Labours of Hercules', 'Double Sin and Other Stories', 'The Labours of Hercules (Poirot)', 'The Labours of Hercules (Hercule Poirot Mysteries)', 'Murder in the Mews (Agatha Christie Signature Edition)', 'Problem at Pollensa Bay', 'Problem at Pollensa Bay and 7 Other Mysteries', 'Problem At Pollensa Bay and Seven Other Mysteries', 'Parker Pyne Investigates', 'Parker Pyne Investigates (Agatha Christie Collection)', 'By the Pricking of My Thumbs', 'By The Pricking Of My Thumbs (Tommy and Tuppence Mysteries)', 'By the Pricking of My Thumbs (Tommy & Tuppence Chronology)', 'Postern of fate', 'Endless Night', 'Endless night.', 'By the Pricking of My Thumbs (Agatha Christie Audio Mystery)', 'By the Pricking of My Thumbs (Tommy and Tuppence Mysteries (Paperback))', 'Postern of Fate (Tommy & Tuppence Chronology)', 'Postern of Fate (G K Hall Large Print Book Series)', 'Postern of Fate (Agatha Christie Audio Mystery)', 'Endless Night (Agatha Christie Collection)', 'Endless Night (Ulverscroft Large Print)', 'The Secret of Chimneys', 'Secret of Chimneys', 'The secret of chimneys.', 'The Secret of Chimneys (Ulverscroft Mystery)', 'The Secret of Chimneys (Mystery Masters Series)', 'The Secret of Chimneys (Agatha Christie Signature Edition)', ""The Secret Of Chimneys (St. Martin's Minotaur Mysteries)"", ""Secret of Chimneys (St. Martin's Minotaur Mysteries)"", 'They Came to Baghdad', 'They came to Baghdad.', 'Towards Zero', 'Towards zero.', 'Sittaford Mystery', 'The Sittaford Mystery', 'The Sittaford Mystery (BBC Radio Presents)', 'The Sittaford Mystery (Agatha Christie Collection)', 'The Sittaford Mystery (Mystery Masters Series)', 'Sparkling Cyanide', 'Sparkling cyanide.', 'Sparkling Cyanide (Agatha Christie Collection)', 'The Sittaford Mystery (Agatha Christie Signature Edition)', 'The Sittaford Mystery (Agatha Christie Mystery Collection)', 'They Came to Baghdad (Dell Book)', 'They Came to Baghdad (Agatha Christie Collection)', 'They Came to Baghdad (Mystery Masters)', 'They Came to Baghdad (G. K. Hall (Large Print))', 'They Came to Baghdad (The Agatha Christie Mystery Collection)', 'The Sittaford Mystery (BBC Radio Collection)', ""Sittaford Mystery (St. Martin's Minotaur Mysteries)"", ""The Sittaford Mystery (St. Martin's Minotaur Mysteries)"", 'Sparkling Cyanide (Variant Title = Remembered Death)', 'Sparkling Cyanide (Mystery Masters Series)', ""Sparkling Cyanide (St. Martin's Minotaur Mysteries)"", 'Sparkling Cyanide (Audio Editions Mystery Masters)', 'Sparkling Cyanide (Agatha Christie Signature Edition)', 'Towards Zero (Agatha Christie Collection)', ""Towards Zero (St. Martin's Minotaur Mysteries)"", 'Towards Zero (Audio Editions Mystery Masters)', 'Towards Zero (The Agatha Christie Mystery Collection)', 'Towards Zero (Agatha Christie Mysteries Collection (Paperback))', 'Nemesis', 'Murder is easy', 'Murder is easy.', 'Crooked House', 'The crooked house', 'Murder Is Easy (Agatha Christie Collection)', ""Murder is Easy (St. Martin's Minotaur Mysteries)"", 'Murder Is Easy (Audio Editions Mystery Masters)', 'Nemesis (Miss Marple Mysteries)', 'Nemesis (BBC Radio Collection)', 'Nemesis (G. K. Hall (Large Print))', 'Nemesis (Cover to Cover Classics)', 'Nemesis (Miss Marple)', 'Murder at the Vicarage', 'Man in the Brown Suit', 'The Man in the Brown Suit', 'The Man in the Brown Suit (Agatha Christie Collection)', 'The Man in the Brown Suit (Mystery Masters)', 'The Man in the Brown Suit (Agatha Christie Mysteries Collection)', 'Man in the Brown Suit (Ulverscroft Mystery)', ""Man in the Brown Suit (St. Martin's Minotaur Mysteries)"", 'Crooked house.', 'Crooked House (Winterbrook Edition)', 'Crooked House (Agatha Christie Collection)', 'Crooked House (Minotaur Mysteries)', 'Crooked House (Agatha Christie Audio Mystery)', 'The Man In The Brown Suit (Agatha Christie Mystery Collection) Bantam Blue Leatherette Edition', 'The Man In The Brown Suit (Classic Books on Cassettes Collection)', ""The Man in the Brown Suit (St. Martin's Minotaur Mysteries)"", 'The murder at the vicarage.', 'The Murder at the Vicarage (Miss Marple)', 'The Murder at the Vicarage (Acting Edition)', 'Murder at the Vicarage (Miss Marple Mystery Series)', 'Murder at the vicarage.', 'Murder at the Vicarage (Miss Marple Mysteries)', 'Murder at the Vicarage (BBC Radio Presents)', 'Murder at the Vicarage (Miss Marple Mysteries (Paperback))', 'Murder at the Vicarage (Agatha Christie Mysteries Collection)', 'Murder at the Vicarage (G. K. Hall (Large Print))', 'The Murder at the Vicarage (Miss Marple Mysteries)', 'The Murder at the Vicarage (BBC Full Cast Dramatization)', 'Murder at the Vicarage (Agatha Christie Audio Mystery)', 'They Do It with Mirrors (Agatha Christie Collection)', 'They Do It With Mirrors (Miss Marple Mysteries)', 'They Do It with Mirrors (BBC Radio Collection)', 'They Do It with Mirrors (Miss Marple Mysteries (Audio Partners))', 'They Do It With Mirrors (Agatha Christie Audio Mystery)', 'The murder of Roger Ackroyd', 'The Murder of Roger Ackroyd (Poirot)', 'The Murder of Roger Ackroyd. (Lernmaterialien)', 'Murder of Roger Ackroyd', 'The Murder of Roger Ackroyd (Hercule Poirot Mystery)', 'The murder of Roger Ackroyd.', 'The Murder of Roger Ackroyd (Hercule Poirot Mysteries)', 'The Murder of Roger Ackroyd (Agatha Christie Audio Mystery)', 'Absent in the Spring', 'Absent in the Spring (Westmacott)', 'The Rose and the Yew Tree (Westmacott)', 'Rose and the Yew Tree', 'The Rose and the Yew Tree', 'The Burden', 'Burden', 'The Body in the Library', 'Body in the library', 'The Body In The Library (A Miss Marple Mystery)', 'The Body in the Library (Miss Marple)', 'The Body in the Library (Miss Marple Mysteries)', 'The Body in the Library (BBC Audio Crime)', 'The Body in the Library (BBC Radio Collection)', 'Body in the Library (Miss Marple Mysteries (Paperback))', 'The Body in the Library (BBC Radio Collection: Crimes and Thrillers)', 'They Do It with Mirrors', 'They Do It with Mirrors (Miss Marple)', 'Star over Bethlehem and other stories by Agatha Christie Mallowan', 'Star over Bethlehem, and other stories (The Agatha Christie mystery collection)', 'Unfinished Portrait', 'Unfinished Portrait (Westmacott)', 'Come, Tell Me How You Live', 'Come, Tell Me How You Live (Common Reader Editions: Rediscoveries: LONDON)', 'Come tell me how you live', 'Poems', 'Poems (The Agatha Christie mystery collection)', 'Unexpected Guest', 'The Unexpected Guest', 'The Unexpected Guest (BBC Radio Collection)', 'The Unexpected Guest (Acting Edition)', 'Peril at End House (Poirot)', 'Peril at end house.', 'Peril at End House (BBC Radio Collection)', 'Peril at End House (Hercule Poirot Mysteries)', 'Peril at End House (The Agatha Christie Mystery Collection) (The Agatha Christie Mystery Collection)', 'Curtain (Poirot)', 'Curtain (Hercule Poirot Mysteries)', 'Curtain (Ulverscroft Large Print Ser.)', 'Curtain (The Agatha Christie mystery collection)', 'Curtain (G. K. Hall (Large Print))', 'Third Girl (Poirot)', 'A Caribbean Mystery (Greenway E.)', 'A Caribbean Mystery (Miss Marple)', 'A Caribbean Mystery (Audio Editions)', 'A Caribbean Mystery (Miss Marple Mysteries)', 'A Caribbean Mystery (BBC Radio Collection)', 'Third Girl (Agatha Christie Collection)', 'Third Girl (Hercule Poirot Mysteries)', 'Third Girl (Hercule Poirot Mysteries (Paperback))', 'A Caribbean Mystery (BBC Radio Presents: An Audio Dramatization)', 'A Caribbean Mystery (G. K. Hall (Large Print))', 'Five little pigs (Agatha Christie Mystery Collection)', 'Five Little Pigs (Hercule Poirot Mysteries)', 'Five Little Pigs (Poirot)', 'Five little pigs.', 'Five Little Pigs (Also published as Murder In Retrospect)', 'Five Little Pigs (Agatha Christie Mysteries Collection)', 'Five Little Pigs (The Christie Collection)', 'Cards on the table.', 'Cards on the Table (Hercule Poirot)', 'Cards on the Table (BBC Radio Collection)', 'Cards on the Table (Hercule Poirot Mysteries)', 'Cards on the Table (Mystery Masters)', 'Cards on the Table (A Hercule Poirot Mystery)', 'Cards on the table (Agatha Christie mystery collection)', 'Cards on the Table (Agatha Christie Mysteries Collection (Paperback))', 'Cards on the Table (Agatha Christie Audio Mystery)', 'Cat Among the Pigeons (Poirot)', 'Cat among the pigeons.', 'Cat Among the Pigeons (Hercule Poirot Mysteries (Paperback))', 'A Cat Among the Pigeons (Agatha Christie Collection)', 'Cat Among the Pigeons (Hercule Poirot Mysteries)', 'Cat Among the Pigeons ( A Hercule Poirot Mystery)', 'Cat Among the Pigeons (Ulverscroft Mystery)', 'Evil Under the Sun (Poirot)', 'Evil under the Sun (Hercule Poirot Mysteries)', 'Evil Under the Sun (Agatha Christie Collection)', 'Evil under the sun.', 'Evil Under the Sun (BBC Radio Collection)', 'Evil Under the Sun (Agatha Christie Audio Mystery)', 'Evil Under the Sun (G. K. Hall (Large Print))', 'Elephants Can Remember (Poirot)', 'Elephants can remember.', 'Elephants Can Remember (Hercule Poirot Mysteries)', 'Elephants Can Remember (The Christie Collection)', 'Elephants Can Remember (The Agatha Christie Mystery Collection)', 'Elephants Can Remember (Agatha Christie Mysteries Collection)', 'Elephants Can Remember (Hercule Poirot Mysteries (Audio))', 'One, Two, Buckle My Shoe (Agatha Christie Mysteries Collection (Paperback))', 'One, Two, Buckle My Shoe (Poirot)', 'One, Two, Buckle My Shoe (Ulverscroft Mystery)', 'One,two, buckle my shoe', 'One, Two Buckle My Shoe (BBC Radio Collection)', 'Taken at the Flood (Poirot)', 'Taken at the Flood (Hercule Poirot)', 'Taken at the Flood (Agatha Christie Collection)', 'Taken at the Flood (aka There is a Tide...)', 'Taken at the Flood (Radio Collection)', 'Taken At The Flood (A Hercule Poirot Mystery)', 'Taken at the Flood (Ulverscroft Large Print)', 'Taken at the Flood (Hercule Poirot Mysteries (Paperback))', 'Dumb witness.', 'Hickory Dickory Dock (Poirot)', 'Hickory dickory dock.', 'Hickory Dickory Dock (Agatha Christie Collection)', 'Hickory Dickory Dock (Hercule Poirot Mysteries (Paperback))', 'Dumb Witness (Poirot)', 'Three Act Tragedy (Poirot)', 'Three Act Tragedy (Hercule Poirot Mysteries)', 'Three Act Tragedy (BBC Radio Collection)', 'And Then There Were None (Agatha Christie Collection)', 'And Then There Were None (The Agatha Christie Mystery Collection)', 'And Then There Were None (Agatha Christie Audio Mystery)', ""And Then There Were None (St. Martin's True Crime Library)"", 'And Then There Were None (The Christie Collection)', 'And Then There Were None (Ulverscroft Large Print)', 'And Then There Were None (Audio Editions Mystery Masters)', 'And Then There Were None (Mystery Masters)', 'And Then There Were None Book (Detective English Readers)', 'Death in the Clouds (Agatha Christie Collection)', 'Death in the Clouds (Agatha Christie Mysteries Collection (Paperback))', 'Death in the Clouds (Hercule Poirot)', 'Death in the Clouds (BBC Radio Collection)', 'Death in the Clouds (Agatha Christie Audio Mystery)', 'The Hound of Death (Agatha Christie Collection)', 'Lord Edgware Dies (Poirot)', 'Lord Edgware dies.', 'Lord Edgware Dies (Agatha Christie Collection S.)', 'Lord Edgware Dies (BBC Audio Crime)', 'Lord Edgware Dies (Hercule Poirot Mysteries)', 'Lord Edgware Dies (BBC Radio Collection)', 'Partners in crime.', 'The Regatta Mystery', 'Partners in Crime (Listen for Pleasure)', 'Partners in Crime (The Agatha Christie Mystery Collection)', 'Partners in Crime (Tommy & Tuppence Chronology)', 'Partners in Crime (Agatha Christie Collection)', 'Partners in Crime (Tommy and Tuppence Mysteries)', 'Partners in Crime (Agatha Christie Mysteries Collection)', 'Partners in Crime (Vol. 1 Finessing the King, Vol 2 The Crackler, Vol 3 The Unbreakable Alibi)', 'Poirot investigates.', 'Poirot Investigates (Poirot)', 'Poirot Investigates (Hercule Poirot Mysteries)', 'Poirot Investigates (Hercule Poirot Mysteries (Paperback))', 'Poirot Investigates (Hercule Poirot Mysteries (Audio))', 'Poirot Investigates (G. K. Hall (Large Print))', 'The Mystery of the Blue Train (Poirot)', 'Destination Unknown (Signature Editions)', 'Destination Unknown (Agatha Christie Collection)', 'Destination Unknown (Mystery Masters Series)', 'Passenger to Frankfurt.', 'Destination unknown (Agatha Christie mystery collection)', ""Destination Unknown (St. Martin's Minotaur Mysteries)"", 'Passenger to Frankfurt (The Christie Collection)', 'Passenger to Frankfurt (Winterbrook Edition)', 'Mystery of the Blue Train', 'THE MYSTERY OF THE BLUE TRAIN.', 'Mystery Of The Blue Train / The Listerdale Mystery / Murder At The Vicarage', 'The Mystery of the Blue Train (Hercule Poirot Mysteries)', 'Sleeping Murder (Miss Marple Mysteries)', 'Sleeping Murder (Large Print Ed)', 'Sleeping Murder (The Agatha Christie Mystery Collection)', 'Sleeping Murder (Miss Marple Mysteries (Paperback))', 'Seven Dials Mystery', 'The Seven Dials mystery.', 'The Seven Dials Mystery (Agatha Christie Signature Edition)', 'The Seven Dials Mystery (Agatha Christie Mystery Collection) Bantam Blue Leatherette Edition', 'Seven Dials Mystery (Agatha Christie Audio Mystery)', 'Secret Adversary', 'Secret Adversary (Unabridged Classics)', 'Murder on the Links', 'The murder on the links.', 'The Secret Adversary (Tommy & Tuppence Chronology)', 'The Secret Adversary (Large Print Edition)', 'The Secret Adversary (Dodo Press)', ""The Secret Adversary (G K Hall's Agatha Christie Series)"", 'The Secret Adversary (Agatha Christie Audio Mystery)', 'Secret Adversary (The Agatha Christie Mystery Collection)', 'The Secret Adversary (Classic Books on Cassettes Collection)', 'The Murder on the Links (Hercule Poirot Mysteries)', 'Murder on the Links (BBC Audio Crime)', 'Murder on the links (The Agatha Christie mystery collection)', 'The Murder on the Links (Hercule Poirot)', 'Murder On The Links (Classic Books on Cassettes Collection)', 'A Pocket Full of Rye (Miss Marple Mysteries (Audio))', 'A Pocket Full of Rye (Miss Marple Mysteries (Paperback))', 'A Pocket Full of Rye (BBC Audio Crime)', 'A Pocket Full of Rye (BBC Radio Collection: Crimes and Thrillers)', 'A Pocket Full of Rye (Miss Marple Mysteries)', 'A Pocket Full of Rye (Agatha Christie Collection)', 'A Pocket Full of Rye (Miss Marple)', 'A Pocket Full of Rye (A Jane Marple Murder Mystery)', 'Sleeping murder.', 'Sleeping Murder (Miss Marple)', 'Big Four', 'The big four.', 'The Big Four (Poirot)', 'The Big Four (Hercule Poirot Mysteries)', 'The Big Four (Agatha Christie Collection)', 'The Big Four (G K Hall Large Print Book Series)', 'Big Four (Ulverscroft Large Print)', 'A Murder Is Announced (Agatha Christie Collection)', 'A Murder Is Announced (Miss Marple)', 'A Murder Is Announced (Miss Marple Mysteries (Paperback))', 'A Murder Is Announced (BBC Radio Collection)', 'A Murder Is Announced (Miss Marple Mysteries)', 'A Murder Is Announced (G. K. Hall (Large Print))', 'Thirteen Problems', 'The Thirteen Problems (Miss Marple)', 'The Thirteen Problems (Miss Marple Mysteries)', 'Sad cypress.', 'Sad Cypress (Hercule Poirot)', 'Sad Cypress (Poirot)', 'Sad Cypress (BBC Radio Collection)', 'Sad Cypress (Hercule Poirot Mysteries)']",Tiered-Forest,"And Then There Were None, Murder on the Orient Express, The Murder of Roger Ackroyd, Death on the Nile, The A.B.C. Murders, The Mysterious Affair at Styles, The Body in the Library, Crooked House, Five Little Pigs, The Secret Adversary",True
WebQTest-1907,webqsp,test,what kind of currency does dominican republic use?,Dominican peso,['Dominican peso'],Tiered-Forest,Dominican peso,True
WebQTest-176,webqsp,test,who is emma stone father?,Jeffrey John Stone,['Jeff Stone'],Tiered-Forest,Jeffrey John Stone,False
WebQTest-1896,webqsp,test,what form of government does the united states have?,federal republic,"['Presidential system', 'Constitutional republic', 'Federal republic']",Tiered-Forest,federal republic,True
WebQTest-146,webqsp,test,what team does jordan own?,Charlotte Hornets,"['Jordan national football team', 'Al-Wehdat SC']",Tiered-Forest,Charlotte Hornets,False
WebQTest-2021,webqsp,test,what influenced john steinbeck to start writing?,his childhood in California,"['Sherwood Anderson', 'Thomas Malory', 'William Faulkner', 'Robert Burns']",Tiered-Forest,his childhood in California,False
WebQTest-1103,webqsp,test,how many mary mary sisters?,2,"['Tina Campbell', 'Erica Campbell']",Tiered-Forest,2,False
WebQTest-640,webqsp,test,who was saint paul the apostle?,Saul of Tarsus,"['Tentmaker', 'Prophet', 'Writer', 'Missionary']",Tiered-Forest,Saul of Tarsus,False
WebQTest-1828,webqsp,test,what currency does france accept?,Euro,"['CFP franc', 'Euro']",Tiered-Forest,Euro,True
WebQTest-1048,webqsp,test,who were king henry vii children?,"Arthur, Margaret, Henry VIII, Elizabeth, Mary, Edmund, Katherine","['Arthur, Prince of Wales', 'Edward Tudor', 'Henry VIII of England', 'Katherine Tudor', 'Elizabeth Tudor', 'Edmund Tudor, Duke of Somerset', 'Roland de Velville', 'Mary Tudor, Queen of France', 'Margaret Tudor']",Tiered-Forest,"Arthur, Margaret, Henry VIII, Elizabeth, Mary, Edmund, Katherine",False
WebQTest-1402,webqsp,test,what is the kentucky state bird?,Northern cardinal,['Cardinal'],Tiered-Forest,Northern cardinal,True
WebQTest-1877,webqsp,test,what kind of painter was wassily kandinsky?,Abstract painter,"['Modern art', 'Abstract art', 'Der Blaue Reiter', 'German Expressionism', 'Expressionism']",Tiered-Forest,Abstract painter,False
WebQTest-1382,webqsp,test,what other countries border argentina?,"Bolivia, Brazil, Chile, Paraguay, Uruguay","['Brazil', 'Bolivia', 'Chile', 'Paraguay', 'Uruguay']",Tiered-Forest,"Bolivia, Brazil, Chile, Paraguay, Uruguay",True
WebQTest-365,webqsp,test,what is there to do in peoria illinois?,"Caterpillar Visitors Center, Peoria Riverfront Museum, Wildlife Prairie Park, Peoria Zoo, Grandview Drive","['Peoria Civic Center', 'John C. Flanagan House Museum', 'Heart of Illinois Fair', 'WeaverRidge Golf Club', 'Lakeview Museum of Arts and Sciences', 'Par-A-Dice Hotel and Casino', 'Dozer Park', 'Wildlife Prairie State Park', 'George L. Luthy Memorial Botanical Garden', 'Peoria Zoo']",Tiered-Forest,"Caterpillar Visitors Center, Peoria Riverfront Museum, Wildlife Prairie Park, Peoria Zoo, Grandview Drive",True
WebQTest-7,webqsp,test,where was george washington carver from?,"Diamond, Missouri",['Diamond'],Tiered-Forest,"Diamond, Missouri",True
WebQTest-1790,webqsp,test,where was huey newton killed?,"Oakland, California",['Oakland'],Tiered-Forest,"Oakland, California",True
WebQTest-1493,webqsp,test,what school did wilfred owen go to?,"Birkenhead Institute, University of London","['University of Reading', 'Wakeman School']",Tiered-Forest,"Birkenhead Institute, University of London",False
WebQTest-1782,webqsp,test,where does egypt export to?,"Italy, United States, Saudi Arabia, Turkey, India",['Sudan'],Tiered-Forest,"Italy, United States, Saudi Arabia, Turkey, India",False
WebQTest-1913,webqsp,test,where did rob kardashian go to school?,University of Southern California,['USC Marshall School of Business'],Tiered-Forest,University of Southern California,False
WebQTest-1821,webqsp,test,which countries have spanish as their main language?,"Argentina, Bolivia, Chile, Colombia, Costa Rica, Cuba, Dominican Republic, Ecuador, El Salvador, Equatorial Guinea, Guatemala, Honduras, Mexico, Nicaragua, Panama, Paraguay, Peru, Spain, Uruguay, Venezuela","['Bolivia', 'Peru', 'Colombia', 'Chile', 'Costa Rica', 'Dominican Republic', 'Ecuador', 'El Salvador', 'Equatorial Guinea', 'Guatemala', 'Honduras', 'Nicaragua', 'Panama', 'Puerto Rico', 'Paraguay', 'Spain', 'Uruguay', 'Venezuela', 'Cuba', 'Argentina']",Tiered-Forest,"Argentina, Bolivia, Chile, Colombia, Costa Rica, Cuba, Dominican Republic, Ecuador, El Salvador, Equatorial Guinea, Guatemala, Honduras, Mexico, Nicaragua, Panama, Paraguay, Peru, Spain, Uruguay, Venezuela",True
WebQTest-2009,webqsp,test,where does tim cook work?,Apple Inc.,['Apple Inc.'],Tiered-Forest,Apple Inc.,True
WebQTest-1768,webqsp,test,what are the official languages of argentina?,Spanish,['Spanish Language'],Tiered-Forest,Spanish,True
WebQTest-1089,webqsp,test,who played amy squirrel in bad teacher?,Lucy Punch,['Lucy Punch'],Tiered-Forest,Lucy Punch,True
WebQTest-232,webqsp,test,what countries have spanish as the national language?,"Argentina, Bolivia, Chile, Colombia, Costa Rica, Cuba, Dominican Republic, Ecuador, El Salvador, Equatorial Guinea, Guatemala, Honduras, Mexico, Nicaragua, Panama, Paraguay, Peru, Puerto Rico, Spain, Uruguay, Venezuela","['Barbados', 'Belize', 'Bolivia', 'Peru', 'Colombia', 'Chile', 'Costa Rica', 'Dominican Republic', 'Ecuador', 'El Salvador', 'Equatorial Guinea', 'Kingdom of Aragon', 'Guatemala', 'Guyana', 'Gibraltar', 'Honduras', 'Nicaragua', 'Northern Mariana Islands', 'Panama', 'Puerto Rico', 'Paraguay', 'Spain', 'Saint Lucia', 'Uruguay', 'Venezuela', 'Vatican City', 'Western Sahara', 'United States of America', 'Mexico', 'Cuba', 'Canada', 'Curaçao', 'Andorra', 'Argentina']",Tiered-Forest,"Argentina, Bolivia, Chile, Colombia, Costa Rica, Cuba, Dominican Republic, Ecuador, El Salvador, Equatorial Guinea, Guatemala, Honduras, Mexico, Nicaragua, Panama, Paraguay, Peru, Puerto Rico, Spain, Uruguay, Venezuela",True
WebQTest-904,webqsp,test,what state is barack obama from?,Hawaii,['Hawaii'],Tiered-Forest,Hawaii,True
WebQTest-666,webqsp,test,where is isthmus of panama located on the map?,Panama,['South America'],Tiered-Forest,Panama,False
WebQTest-1453,webqsp,test,who is nick lachey married to?,Vanessa Lachey,['Vanessa Lachey'],Tiered-Forest,Vanessa Lachey,True
WebQTest-19,webqsp,test,what is my timezone in louisiana?,Central Time Zone,['Central Time Zone'],Tiered-Forest,Central Time Zone,True
WebQTest-6,webqsp,test,where is jamarcus russell from?,"Mobile, Alabama",['Mobile'],Tiered-Forest,"Mobile, Alabama",True
WebQTest-583,webqsp,test,what school did martin luther king jr received his doctorate degree from?,Boston University,['Boston University'],Tiered-Forest,Boston University,True
WebQTest-1760,webqsp,test,who plays ziva david on ncis?,Cote de Pablo,['Cote de Pablo'],Tiered-Forest,Cote de Pablo,True
WebQTest-215,webqsp,test,where was elvis costello born?,"London, England",['Paddington'],Tiered-Forest,"London, England",False
WebQTest-1829,webqsp,test,what type of religion did massachusetts have?,Puritanism,"['Baptists', 'Christianity', 'United Church of Christ', 'Churches of Christ', 'Episcopal Church', 'Judaism', 'Lutheranism', 'Methodism', 'Protestantism', 'Pentecostalism', 'Presbyterianism', 'Buddhism', 'Catholicism', ""Jehovah's Witnesses""]",Tiered-Forest,Puritanism,False
WebQTest-1880,webqsp,test,who is my representative in illinois house?,"Mike Bost, Mary Miller, Nikki Budzinski, Eric Sorensen, Darin LaHood, Sean Casten, Bill Foster, Raja Krishnamoorthi, Jan Schakowsky, Brad Schneider, Delia Ramirez, Jonathan Jackson, Danny Davis, Jesús ""Chuy"" García","['Terry Deering', 'Anna Moeller', 'Robert W. McCarthy', 'Harber H. Hall', 'Ralph C. Capparelli', 'Bruce L. Douglas', 'Bradley M. Glass', 'Bernard B. Wolfe', 'Daniel M. Pierce', 'James T. Londrigan', 'Tobias Barry', 'Tom Cross', 'Wayne Rosenthal', 'Ann Williams', 'Adam Brown', 'Thaddeus Jones', 'John D. Anthony', 'David Harris', 'Josh Harms', 'Art Turner']",Tiered-Forest,"Mike Bost, Mary Miller, Nikki Budzinski, Eric Sorensen, Darin LaHood, Sean Casten, Bill Foster, Raja Krishnamoorthi, Jan Schakowsky, Brad Schneider, Delia Ramirez, Jonathan Jackson, Danny Davis, Jesús ""Chuy"" García",False
WebQTest-1876,webqsp,test,what language did the ancient babylonians speak?,Akkadian,['Akkadian language'],Tiered-Forest,Akkadian,True
WebQTest-1030,webqsp,test,what are italians classified as?,Italians,"['Latin European peoples', 'Europeans']",Tiered-Forest,Italians,False
WebQTest-267,webqsp,test,where was martin luther king jr raised?,"Atlanta, Georgia",['Atlanta'],Tiered-Forest,"Atlanta, Georgia",True
WebQTest-1886,webqsp,test,what inventions were made by ben franklin?,"lightning rod, bifocals, Franklin stove","['Lightning rod', 'Bifocals', 'Glass harmonica', 'Franklin stove']",Tiered-Forest,"lightning rod, bifocals, Franklin stove",True
WebQTest-225,webqsp,test,what state is mount st. helens in?,Washington,['Washington'],Tiered-Forest,Washington,True
WebQTest-1077,webqsp,test,what language do the russian speak?,Russian,"['Osetin Language', 'Chechen Language', 'Tatar Language', 'Azerbaijani language', 'Abaza Language', 'Mari language', 'Bashkir Language', 'Avar Language', 'Aghul language', 'Tsakhur Language', 'Tuvin Language', 'Moksha Language', 'Erzya Language', 'Kalmyk-Oirat Language', 'Kabardian Language', 'Adyghe Language', 'Rutul language', 'Lezgi Language', 'Ingush Language', 'Altai language', 'Crimean Turkish Language', 'Nogai Language', 'Dargwa Language', 'Komi language', 'Udmurt Language', 'Kumyk Language', 'Karachay-Balkar Language', 'Buryat language', 'Yakut Language', 'Russian Language', 'Tabassaran Language', 'Yiddish Language', 'Lak Language', 'Khakas Language', 'Ukrainian Language']",Tiered-Forest,Russian,True
WebQTest-1148,webqsp,test,what college did se hinton go?,University of Tulsa,['University of Tulsa'],Tiered-Forest,University of Tulsa,True
WebQTest-1735,webqsp,test,where do most of the people live in russia?,"Moscow, Saint Petersburg",['Central Federal District'],Tiered-Forest,"Moscow, Saint Petersburg",False
WebQTest-197,webqsp,test,what places make up new england?,"Connecticut, Maine, Massachusetts, New Hampshire, Rhode Island, Vermont","['Connecticut', 'Maine', 'New Hampshire', 'Massachusetts', 'Rhode Island', 'Vermont']",Tiered-Forest,"Connecticut, Maine, Massachusetts, New Hampshire, Rhode Island, Vermont",True
WebQTest-252,webqsp,test,where was benjamin franklin educated?,Boston Latin School,['Boston Latin School'],Tiered-Forest,Boston Latin School,True
WebQTest-1678,webqsp,test,what country did the battle of san juan hill take place?,Cuba,['Santiago de Cuba'],Tiered-Forest,Cuba,True
WebQTest-270,webqsp,test,what kind of monarchy does japan have?,constitutional monarchy,"['Parliamentary system', 'Unitary state', 'Constitutional monarchy']",Tiered-Forest,constitutional monarchy,True
WebQTest-744,webqsp,test,who was tupac signed to?,"Death Row Records, Interscope Records","['Death Row Records', 'Interscope Records', 'Amaru Entertainment']",Tiered-Forest,"Death Row Records, Interscope Records",True
WebQTest-432,webqsp,test,who did annie oakley married?,Frank E. Butler,['Frank E. Butler'],Tiered-Forest,Frank E. Butler,True
WebQTest-1199,webqsp,test,what does kim kardashian work as?,"television personality, socialite, businesswoman","['Businessperson', 'Fashion designer', 'Actor', 'Television producer', 'Socialite', 'Entrepreneur', 'Model', 'TV Personality']",Tiered-Forest,"television personality, socialite, businesswoman",True
WebQTest-887,webqsp,test,what high school did maya angelou go to?,George Washington High School,['George Washington High School'],Tiered-Forest,George Washington High School,True
WebQTest-62,webqsp,test,what was jesse james killed with?,gun,['Firearm'],Tiered-Forest,gun,False
WebQTest-303,webqsp,test,where did margaret hoover go to college?,University of Colorado Boulder,"['Bryn Mawr College', 'Davidson College']",Tiered-Forest,University of Colorado Boulder,False
WebQTest-1459,webqsp,test,what are some books that mark twain wrote?,"The Adventures of Tom Sawyer, Adventures of Huckleberry Finn, The Prince and the Pauper, A Connecticut Yankee in King Arthur's Court","['Adventures of Huckleberry Finn', 'The Adventures of Huckleberry Finn', 'The Adventures of Tom Sawyer (Puffin Books)', 'Adventures of Tom Sawyer (New Windmill)', ""Adventures of Tom Sawyer (Children's Classics)"", 'Adventures of Tom Sawyer (Streamline Books)', 'The adventures of Tom Sawyer', 'Adventures of Tom Sawyer (Progress English)', 'Adventures of Tom Sawyer (Classic Library)', 'Adventures of Tom Sawyer (Ec04)', 'Adventures Of Tom Sawyer (Whole Story)', 'Adventures of Tom Sawyer, The (Classic Collection)', 'Adventures of Tom Sawyer (Dramascripts)', 'Adventures of Tom Sawyer (Penguin Classics)', 'Adventures of Tom Sawyer and Huckleberry Finn', 'Adventures of Tom Sawyer (Saddleback Classics)', 'The adventures of Tom Sawyer ; Tom Sawyer abroad', 'The Adventures of Tom Sawyer and The Adventures of Huckleberry Finn', 'Adventures of Tom Sawyer GB', 'Adventures of Tom Sawyer (Oxford Progressive English Readers)', 'The Adventures of Tom Sawyer Adventure Classic (Adventure Classics)', 'Adventures of Tom Sawyer Promo (Action Packs)', 'The Adventures of Tom Sawyer (The Classic Collection)', 'Adventures of Tom Sawyer (Longman Simplified English Series)', 'The Adventures of Tom Sawyer - Literary Touchstone Edition', 'Adventures of Tom Sawyer - Huckleberry Finn (Classic Compendium)', ""Adventures of Tom Sawyer (Children's Illustrated Classics)"", ""Adventures of Tom Sawyer (Webster's Korean Thesaurus Edition)"", ""Adventures of Tom Sawyer (Everyman's Classics S.)"", 'Adventures of Tom Sawyer (Modern Library Classics (Sagebrush))', 'Adventures of Tom Sawyer (Deluxe Watermill Classics)', 'Adventures of Tom Sawyer (Cassette Sac 967)', 'Adventures of Tom Sawyer (Family Classics Library)', 'Adventures of Tom Sawyer (08454) (Deans Childrens Classics)', 'The Adventures of Tom Sawyer and The Adventures of Huckleberry Finn (Signet Classical Books)', ""The Adventures of Tom Sawyer and The Adventures of Huckleberry Finn (Everyman's Library)"", 'The Adventures of Tom Sawyer and The Adventures of Huckleberry Finn (Signet Classics)', 'The adventures of Tom Sawyer ; The adventures of Huckleberry Finn ; The prince and the pauper', 'The Adventures of Tom Sawyer and The Adventures of Huckleberry Finn (Everyman Paperbacks)', 'The Adventures of Tom Sawyer With Audio CD (Hear It Read It)', 'The Adventures of Tom Sawyer, (Classic Books on CDs) [UNABRIDGED] (Classic Books on CD)', 'Tom Sawyer Abroad', 'Adventures of Tom Sawyer. Adventure stories typically. Prince and pauper. Stories', ""Adventures of Tom Sawyer & Huck Finn Collector's Library Volume I (Collector's Library of Classics, Volume 1)"", 'Adventures of Tom Sawyer (Episodes from/Cdl 51205)', 'The Adventures of Tom Sawyer, 1876 (IN RUSSIAN LANGUAGE) / (Las aventuras de Tom Sawyer / les Aventures de Tom Sawyer / Die Abenteuer des Tom Sawyer)', ""The adventures of Tom Sawyer ; The adventures of Huckleberry Finn ; The prince and the pauper ; Pudd'nhead Wilson ; Short stories ; A Connecticut Yankee at King Arthur's court"", ""A Connecticut Yankee in King Arthur's Court Readalong"", ""A Connecticut Yankee in King Arthur's Court (Classics Read By Celebrities Series)"", ""A Connecticut Yankee in King Arthur's Court"", ""A Connecticut Yankee in King Arthur's Court (Penguin Classics)"", ""A Connecticut Yankee in King Arthur's Court, Set"", ""A Connecticut Yankee in King Arthur's Court (Tor Classics)"", ""A Connecticut Yankee in King Arthur's Court (Enriched Classics Series)"", ""A Connecticut Yankee in King Arthur's Court, 1889 (novel) (IN RUSSIAN LANGUAGE) / (Ein Yankee am Hofe des König Artus / Janki iz Konnektikuta pri dvore korolja Artura)"", 'Tom Sawyer Abroad (Penguin Classics)', 'Tom Sawyer Abroad (Watermill Classics Library)', 'Tom Sawyer Abroad (Tor Classics)', 'Tom Sawyer Abroad (Watermill Classic)', 'Tom Sawyer Abroad (1894) (The Oxford Mark Twain)', 'Tom Sawyer Abroad (Large Print Edition)', ""Tom Sawyer Abroad (The Works Of Mark Twain - 25 Volumes - Author's National Edition)"", 'Tom Sawyer Detective', 'Tom Sawyer, Detective', 'Tom Sawyer - Detective', 'Tom Sawyer, Detective (Hesperus Classics)', 'Tom Sawyer Detective (Watermill Classic)', 'Tom Sawyer, Detective (Tor Classics)', 'Tom Sawyer Detective (Austral Juvenil)', 'Tom Sawyer, Detective (Dover Evergreen Classics)', 'Adventures of Tom Sawyer (Classics)', 'Adventures of Tom Sawyer (Fiction)', 'Adventures of Tom Sawyer, The', 'The Adventures of Huckleberry Finn (Signet Classics)', ""The adventures of Huckleberry Finn (Tom Sawyer's comrade)"", ""Adventures of Huckleberry Finn (Tom Sawyer's comrade)"", 'The Adventures of Huckleberry Finn, Complete (Large Print)', 'Adventures of Huckleberry Finn (Illustrated Edition) (Dodo Press)', 'The Adventures of Huckleberry Finn CD set (Cambridge Literature)', ""Adventures of Huckleberry Finn With Reader's Guide (Amsco Literature Program Series Grade 7 12, R 120 ALP)"", 'Adventures of Huckleberry Finn/Tom Sawyer (Junior Classics)', 'Adventures of Huckleberry Finn (1885) (The Oxford Mark Twain)', ""Adventures of Huckleberry Finn With Reader's Guide (Amsco Literature Program Series Grade 7-12)"", 'Life on the Mississippi', 'Sketches New and Old', 'Sketches New and Old (Complete)', 'Sketches, new and old', 'Sketches, New and Old (1875) (The Oxford Mark Twain)', ""Sketches New And Old (The Works Of Mark Twain - 25 Volumes - Author's National Edition)"", 'How to tell a story, and other essays', 'How to Tell a Story and Other Essays (1897) (The Oxford Mark Twain)', 'Christian Science', 'Christian Science (Large Print)', 'Christian Science (Large Print Edition)', 'Christian Science (1907) (The Oxford Mark Twain)', 'The Prince and the Pauper', 'Personal recollections of Joan of Arc', 'Personal Recollections of Joan of Arc (Complete)', 'Personal Recollections of Joan of Arc Volume 1', 'Personal Recollections of Joan of Arc Volume 2 (Large Print Edition)', 'Personal Recollections of Joan of Arc, V2', 'Personal Recollections of Joan of Arc Volume 2', 'Personal Recollections of Joan of Arc Volume 1 (Large Print Edition)', 'Personal Recollections of Joan of Arc (1896) (The Oxford Mark Twain)', ""The Prince and the Pauper (Webster's Italian Thesaurus Edition)"", ""The Prince and the Pauper (Dover Children's Thrift Classics)"", 'The Prince and the Pauper (New Method Supplementary Readers)', ""The Prince and the Pauper (Webster's Chinese-Traditional Thesaurus Edition)"", ""The Prince and the Pauper (Webster's Korean Thesaurus Edition)"", ""The Prince and the Pauper (Webster's Chinese-Simplified Thesaurus Edition)"", 'Letters from the Earth', 'Old Times on the Mississippi', 'Old Times on the Mississippi.', '1601', 'Following the equator', 'Roughing It', 'The Mysterious Stranger', 'The Mysterious Stranger (Signet Classics)', 'A Tramp Abroad', 'A Tramp Abroad (Konemann Classics)', 'Roughing it.', 'A Tramp Abroad (Large Print Edition)', 'A Tramp Abroad (1880) (The Oxford Mark Twain)', 'The Mysterious Stranger (Large Print Edition)', 'Roughing It (Signet Classics)', 'The Innocents Abroad', 'Roughing It (Centre for Editions of American Authors)', 'Roughing It (Classics of the Old West)', 'Roughing It (Konemann Classics)', 'Roughing It (1872) (The Oxford Mark Twain)', 'Roughing It (Works of Mark Twain, Volume One)', 'Roughing It (Mark Twain Library)', 'The Innocents Abroad (Signet Classics)', 'The Innocents Abroad, vol. 1: The Authorized Uniform Edition', 'The Innocents Abroad (Classic Books on Cassettes Collection)', 'The American claimant', 'American Claimant', 'The American Claimant (1896)', 'The American Claimant (Large Print)', 'The American Claimant (Large Print Edition)', 'American Claimant (Writings of Mark Twain)', 'The American Claimant (1892) (The Oxford Mark Twain)', 'The wit and wisdom of Mark Twain', 'The Innocents Abroad (1869) (The Oxford Mark Twain)', 'Wild Nights!', 'Autobiography of Mark Twain', 'Who Is Mark Twain?', 'The Trouble Begins at 8: A Life of Mark Twain in the Wild, Wild West', 'Ignorance, Confidence, and Filthy Rich Friends: The Business Adventures of Mark Twain, Chronic Speculator and Entrepreneur', 'Grant and Twain: The Story of a Friendship That Changed America']",Tiered-Forest,"The Adventures of Tom Sawyer, Adventures of Huckleberry Finn, The Prince and the Pauper, A Connecticut Yankee in King Arthur's Court",True
WebQTest-1383,webqsp,test,what language does people in iceland speak?,Icelandic,['Icelandic Language'],Tiered-Forest,Icelandic,True
WebQTest-1295,webqsp,test,what does matt damon play in?,"Good Will Hunting, The Bourne Identity, The Martian, Saving Private Ryan, The Departed, Invictus, The Talented Mr. Ripley, True Grit, Ford v Ferrari, The Last Duel, Stillwater, The Great Wall, The Adjustment Bureau, Elysium, Contagion,","['Extreme Realities', 'Judge Not: In Defense of Dogma', 'Good Will Hunting', 'The Martian', 'The Rainmaker', 'Gerry', 'Courage Under Fire', 'The Majestic', 'EuroTrip', 'Mystic Pizza', 'The Talented Mr. Ripley', 'The Good Mother', 'Jersey Girl', 'Green Zone', 'Spirit: Stallion of the Cimarron', 'Titan A.E.', 'The Bourne Supremacy', 'Rounders', 'Confessions of a Dangerous Mind', 'The Bourne Identity', ""Ocean's Twelve"", 'The Informant!', 'Howard Zinn: You Can´t Be Neutral on a Moving Train', 'The People Speak', 'Finding Forrester', 'The Departed', 'The Brothers Grimm', 'School Ties', 'The Legend of Bagger Vance', 'The Bourne Ultimatum', 'Stuck on You', 'Glory Daze', ""Ocean's Eleven"", 'The Adjustment Bureau', 'Magnificent Desolation: Walking On The Moon 3D', 'Saving Private Ryan', 'Syriana', 'Push, Nevada', 'The Good Shepherd', 'The Good Old Boys', 'The Third Wheel', 'Invictus', 'Margaret', 'Hereafter', 'Happy Feet Two', ""Ocean's Thirteen"", 'Rising Son', 'True Grit', 'Geronimo: An American Legend', 'Inside Job', 'Che: Part Two', 'Behind the Screens', 'All the Pretty Horses', 'Contagion', 'Unauthorized: The Harvey Weinstein Project', 'Youth Without Youth', 'We Bought a Zoo', 'Oh, What a Lovely Tea Party', 'Interstellar', 'Chasing Amy', 'Elysium', 'Rounders 2', 'The Zero Theorem', 'The Monuments Men', 'Dogma', 'Promised Land', 'Jay and Silent Bob Strike Back', 'Behind the Candelabra', 'The Great Wall', 'Field of Dreams']",Tiered-Forest,"Good Will Hunting, The Bourne Identity, The Martian, Saving Private Ryan, The Departed, Invictus, The Talented Mr. Ripley, True Grit, Ford v Ferrari, The Last Duel, Stillwater, The Great Wall, The Adjustment Bureau, Elysium, Contagion,",True
WebQTest-1542,webqsp,test,what school does james franco go to?,Rhode Island School of Design,"['Brooklyn College', 'Columbia University School of the Arts', 'Rhode Island School of Design', 'Warren Wilson College', 'Tisch School of the Arts', 'Palo Alto High School', 'University Yale', 'University of California, Los Angeles']",Tiered-Forest,Rhode Island School of Design,True
WebQTest-1630,webqsp,test,what inspired michael jackson to become a singer?,The Jackson 5,"['Redd Foxx', 'Charlie Chaplin', 'James Brown', 'Nipsey Russell', 'Walt Disney']",Tiered-Forest,The Jackson 5,False
WebQTest-1742,webqsp,test,what type of government japan have?,constitutional monarchy,"['Parliamentary system', 'Unitary state', 'Constitutional monarchy']",Tiered-Forest,constitutional monarchy,True
WebQTest-1314,webqsp,test,where should a family stay in paris?,"Hotel de Crillon, Le Bristol Paris, Four Seasons Hotel George V Paris, Mandarin Oriental Paris, The Ritz Paris","['Hôtel de Crillon', 'Hôtel Ritz Paris']",Tiered-Forest,"Hotel de Crillon, Le Bristol Paris, Four Seasons Hotel George V Paris, Mandarin Oriental Paris, The Ritz Paris",False
WebQTest-1827,webqsp,test,what can do in new york?,"Central Park, Statue of Liberty, Times Square, Broadway, Metropolitan Museum of Art, Empire State Building","['Crocheron Park', 'Travefy', 'Rockefeller Center', 'United Nations Headquarters', ""St. Patrick's Cathedral"", 'Flatiron Building', 'Little Italy', 'The Cloisters', 'Brooklyn Botanic Garden', 'Staten Island Ferry', 'Grand Central Terminal', 'Chrysler Building', 'Frick Collection', 'American Museum of Natural History', 'A.I.R. Gallery', 'Darien Lake', 'Empire State Building', 'Freedomland U.S.A.', 'Andrew Carnegie Mansion', 'Louis Armstrong House', 'Headless Horseman Hayrides', 'George Gustav Heye Center', 'Chelsea Art Museum', 'FusionArts Museum', 'National Academy Museum and School', 'Central Park Zoo', 'Statue of Liberty National Monument', 'New York Public Library for the Performing Arts', 'Franklin D. Roosevelt Presidential Library and Museum', 'Battery Park', 'American Folk Art Museum', 'International Center of Photography', 'Morgan Library & Museum', 'New York City Half Marathon', 'Wave Hill', 'Peking', 'Japan Society of New York', 'Statue of Liberty', 'High Line', 'Times Square', 'Theodore Roosevelt Birthplace National Historic Site', 'Museum of Modern Art Department of Film', 'Metropolitan Museum of Art', 'Central Park', 'New York Aquarium', 'Museum of Sex', ""Gavin Brown's Enterprise"", 'New York International Fringe Festival', 'Felix M. Warburg House', 'Broadway Theatre', 'Henry Clay Frick House', 'New York Mini 10K', 'Brooklyn Bridge', 'Museum of Arts and Design', 'Museum of Modern Art', 'Madison Square Garden', 'Solomon R. Guggenheim Museum', 'Museum of Mathematics', 'UAE Healthy Kidney 10K', 'Tesla Science Center at Wardenclyffe', 'Imagination Playground at Burling Slip', 'Chinatown']",Tiered-Forest,"Central Park, Statue of Liberty, Times Square, Broadway, Metropolitan Museum of Art, Empire State Building",True
WebQTest-168,webqsp,test,what document did james madison write?,"United States Constitution, Bill of Rights","['The forging of American federalism', 'Jonathan Bull and Mary Bull', 'James Madison: Writings', 'The complete Madison', 'Letters and other writings of James Madison', 'Calendar of the correspondence of James Madison', 'The Papers of James Madison Congressional Series, Vol. 12: 2 October 1789 - 20 January 1790', 'The Papers of James Madison, Vol. 4', 'Federalist No. 10', 'Federalist No. 39', 'Federalist No. 42', 'Federalist No. 14', 'Federalist No. 18', 'Federalist No. 19', 'Federalist No. 20', 'Federalist No. 51', 'Federalist No. 63', 'Federalist No. 37', 'Federalist No. 38', 'Federalist No. 40', 'Federalist No. 41', 'Federalist No. 43', 'Federalist No. 44', 'Federalist No. 45', 'Federalist No. 47', 'Federalist No. 48', 'Federalist No. 46', 'Federalist No. 49', 'Federalist No. 50', 'Federalist No. 52', 'Federalist No. 53', 'Federalist No. 54', 'Federalist No. 56', 'Federalist No. 55', 'Federalist No. 57', 'Federalist No. 58', 'Federalist No. 62', 'Religious freedom', 'An address delivered before the Agricultural Society of Albemarle, on Tuesday, May 12, 1818', 'All impressments unlawful and inadmissible', ""President Madison's inaugural speech"", 'Equal religious liberty stated and defended', 'An examination of the British doctrine', 'An examination of the British doctrine, which subjects to capture a neutral trade, not open in time of peace', 'Extract of a letter from the Secretary of State to Mr. Monroe, relative to impressments', 'Letters from the Secretary of State to Messrs. Monroe and Pinkney, on subjects committed to their joint negotiations', 'Letters from the Secretary of State to Mr. Monroe, on the subject of impressments, &c', ""Mr. Madison's motion for commercial restrictions"", 'The reply of Mr. Madison, in answer to Mr. Rose, in discussing the affair of the Chesapeake', 'Selections from the private correspondence of James Madison, from 1813 to 1836', 'James Madison, 1751-1836', 'The mind of the founder', 'Papers of James Madison Volume 10: May 27, 1787-March 3, 1788', 'A vocabulary of New Jersey Delaware', 'The Federalist Papers', 'The James Madison Papers, 1723 - 1836', 'The Papers of James Madison Retirement Series, Volume 1: 4 March 1817-31 January 1820', 'The Papers of James Madison, Presidential Series Vol. 1', 'The Papers of James Madison, Presidential Series Vol. 2', 'The Papers of James Madison, Presidential Series Vol. 3', 'The Papers of James Madison, Presidential Series Vol. 4', 'The Papers of James Madison, Presidential Series Vol. 5', 'The Papers of James Madison, Presidential Series Vol. 6', 'The Papers of James Madison, Presidential Series Vol. 7', 'The Papers of James Madison, Secretary of State Series, Vol. 2', 'The Papers of James Madison, Secretary of State Series, Vol. 1', 'The Papers of James Madison, Secretary of State Series, Vol. 3', 'The Papers of James Madison, Secretary of State Series, Vol. 4', 'The Papers of James Madison, Secretary of State Series, Vol. 5', 'The Papers of James Madison, Secretary of State Series, Vol. 6', 'The Papers of James Madison, Secretary of State Series, Vol. 7', 'The Papers of James Madison, Secretary of State Series, Vol. 8', 'The Papers of James Madison, Secretary of State Series, Vol. 9']",Tiered-Forest,"United States Constitution, Bill of Rights",False
WebQTest-916,webqsp,test,what is the language of russia s spoken?,Russian,"['Osetin Language', 'Chechen Language', 'Tatar Language', 'Azerbaijani language', 'Abaza Language', 'Mari language', 'Bashkir Language', 'Avar Language', 'Aghul language', 'Tsakhur Language', 'Tuvin Language', 'Moksha Language', 'Erzya Language', 'Kalmyk-Oirat Language', 'Kabardian Language', 'Adyghe Language', 'Rutul language', 'Lezgi Language', 'Ingush Language', 'Altai language', 'Crimean Turkish Language', 'Nogai Language', 'Dargwa Language', 'Komi language', 'Udmurt Language', 'Kumyk Language', 'Karachay-Balkar Language', 'Buryat language', 'Yakut Language', 'Russian Language', 'Tabassaran Language', 'Yiddish Language', 'Lak Language', 'Khakas Language', 'Ukrainian Language']",Tiered-Forest,Russian,True
WebQTest-1096,webqsp,test,what movies queen latifah is in?,"Bringing Down the House, Chicago, Hairspray, Ice Age: The Meltdown, The Secret Life of Bees, Just Wright, Girls Trip","['g.11bc95kg2q', 'Kung Faux: Vol. 4', 'Bessie', 'Barbershop 3', 'Jungle Fever', 'Chicago', 'Bringing Out the Dead', 'Ice Age: Dawn of the Dinosaurs', 'Taxi', 'Barbershop 2: Back in Business', 'Arctic Tale', 'Mad Money', 'Life Support', 'Set It Off', 'What Happens in Vegas', 'The Perfect Holiday', 'Scary Movie 3', 'The Secret Life of Bees', 'Sphere', 'House Party 2', ""The Muppets' Wizard of Oz"", 'We Are One: The Obama Inaugural Celebration at the Lincoln Memorial', 'Hairspray 2: White Lipstick', 'Beauty Shop', 'Living with the Dead', ""Valentine's Day"", 'Hoodlum', 'The Cookout', 'The Bone Collector', 'The Country Bears', 'Brown Sugar', 'Ice Age: The Meltdown', 'Just Wright', 'Last Holiday', 'Bringing Down the House', 'Juice', 'Stranger than Fiction', 'Hairspray', ""Mama Flora's Family"", 'The Dilemma', ""The Making of What's Going On: An All-Star Tribute"", 'Kung Faux: Vol. 1', 'We Are Family', 'Kung Faux: Vol. 3', 'Breaking Out: The Alcatraz Concert', 'Kung Faux: Vol. 5', 'One Love: The Bob Marley All-Star Tribute', 'Queen Latifah - Unauthorized', 'Through the Years of Hip-Hop: Vol. 1: Graffiti', 'Life in the 310: Vol. 3', 'Kung Faux: Vol. 2', 'My Life', 'Ice Age: Continental Drift', 'Joyful Noise', ""Zac Efron's Pool Party"", 'Ice Age: A Mammoth Christmas', 'Steel Magnolias', 'Living Out Loud', '22 Jump Street']",Tiered-Forest,"Bringing Down the House, Chicago, Hairspray, Ice Age: The Meltdown, The Secret Life of Bees, Just Wright, Girls Trip",True
WebQTest-1690,webqsp,test,where is electrolux based?,"Stockholm, Sweden",['Stockholm'],Tiered-Forest,"Stockholm, Sweden",True
WebQTest-855,webqsp,test,what is the currency of brazil now?,Brazilian real,['Brazilian real'],Tiered-Forest,Brazilian real,True
WebQTest-1011,webqsp,test,where do they speak tibetan?,"Tibet, Bhutan, India, Nepal","['China', 'Tibet']",Tiered-Forest,"Tibet, Bhutan, India, Nepal",True
WebQTest-84,webqsp,test,what type of music did john lennon sing?,rock music,"['Soft rock', 'Blues rock', 'Experimental music', 'Pop rock', 'Psychedelic rock', 'Pop music', 'Rock music', 'Experimental rock', 'Art rock']",Tiered-Forest,rock music,True
WebQTest-1014,webqsp,test,where did kim kardashian come from?,"Los Angeles, California",['Los Angeles'],Tiered-Forest,"Los Angeles, California",True
WebQTest-1250,webqsp,test,where is the national ffa foundation located today?,"Indianapolis, Indiana",['Alexandria'],Tiered-Forest,"Indianapolis, Indiana",False
WebQTest-490,webqsp,test,what did the ancient romans speak?,Latin,['Latin Language'],Tiered-Forest,Latin,True
WebQTest-500,webqsp,test,what is the zip code for trenton?,"08608, 08609, 08610, 08611, 08618, 08619, 08620, 08625, 08628, 08629, 08638, 08641, 08648, 08650, 08690, 08691","['08628', '08618', '08638', '08610', '08619', '08620', '08691', '08611', '08609', '08608', '08629', '08625', '08641', '08690', '08695', '08666', '08650', '08647', '08646', '08645', '08607', '08606', '08605', '08604', '08603', '08602', '08601']",Tiered-Forest,"08608, 08609, 08610, 08611, 08618, 08619, 08620, 08625, 08628, 08629, 08638, 08641, 08648, 08650, 08690, 08691",True
WebQTest-1897,webqsp,test,what are the names of ariel's six sisters?,"Adella, Alana, Andrina, Aquata, Arista, Attina","['Alana', 'Attina', 'Andrina', 'Arista', 'Adella', 'Aquata']",Tiered-Forest,"Adella, Alana, Andrina, Aquata, Arista, Attina",True
WebQTest-428,webqsp,test,what states make up the midwest us?,"Illinois, Indiana, Iowa, Kansas, Michigan, Minnesota, Missouri, Nebraska, North Dakota, Ohio, South Dakota, Wisconsin","['Avenue of the Saints', 'West North Central States', 'East North Central States', 'Iowa', 'Illinois', 'Indiana', 'Kansas', 'Michigan', 'Missouri', 'Minnesota', 'Nebraska', 'North Dakota', 'Ohio', 'South Dakota', 'Wisconsin', 'Council Grove']",Tiered-Forest,"Illinois, Indiana, Iowa, Kansas, Michigan, Minnesota, Missouri, Nebraska, North Dakota, Ohio, South Dakota, Wisconsin",True
WebQTest-1219,webqsp,test,what nationality is rihanna?,Barbadian,['Barbados'],Tiered-Forest,Barbadian,False
WebQTest-1540,webqsp,test,what is newt gingrich's wife's name?,"Jackie Gingrich, Callista Gingrich",['Callista Gingrich'],Tiered-Forest,"Jackie Gingrich, Callista Gingrich",True
WebQTest-1965,webqsp,test,who did the voice for lola bunny?,Kath Soucie,"['Kath Soucie', 'Kristen Wiig', 'Britt McKillip']",Tiered-Forest,Kath Soucie,True
WebQTest-656,webqsp,test,who is the president of costa rica in 2012?,Laura Chinchilla,['Laura Chinchilla'],Tiered-Forest,Laura Chinchilla,True
WebQTest-23,webqsp,test,what town was martin luther king assassinated in?,Memphis,['Memphis'],Tiered-Forest,Memphis,True
WebQTest-497,webqsp,test,who was the father of king george vi?,George V,['George V'],Tiered-Forest,George V,True
WebQTest-1125,webqsp,test,what area of science did sir isaac newton study?,physics,"['Chemist', 'Philosopher', 'Mathematician', 'Physicist', 'Scientist', 'Astronomer']",Tiered-Forest,physics,False
WebQTest-1054,webqsp,test,who played denver in four christmases?,Jon Favreau,['Jon Favreau filmography'],Tiered-Forest,Jon Favreau,True
WebQTest-1643,webqsp,test,who does the voice for chucky in child's play?,Brad Dourif,"['Brad Dourif', 'Edan Gross', 'John Franklin']",Tiered-Forest,Brad Dourif,True
WebQTest-643,webqsp,test,where does princess leia live?,Alderaan,['Alderaan'],Tiered-Forest,Alderaan,True
WebQTest-1061,webqsp,test,where does greek language come from?,Greece,['Attic Group'],Tiered-Forest,Greece,False
WebQTest-810,webqsp,test,what language do people from greece speak?,Greek,"['Albanian language', 'Greek Language']",Tiered-Forest,Greek,True
WebQTest-441,webqsp,test,what killed john bonham?,pulmonary aspiration,['Inhalation of vomit'],Tiered-Forest,pulmonary aspiration,False
WebQTest-1618,webqsp,test,what teams has manny ramirez played for?,"Cleveland Indians, Boston Red Sox, Los Angeles Dodgers, Chicago White Sox, Tampa Bay Rays","['Boston Red Sox', 'Chicago White Sox', 'Cleveland Indians', 'Chicago Cubs', 'Los Angeles Dodgers', 'Oakland Athletics', 'Tampa Bay Rays', 'Texas Rangers', 'EDA Rhinos']",Tiered-Forest,"Cleveland Indians, Boston Red Sox, Los Angeles Dodgers, Chicago White Sox, Tampa Bay Rays",True
WebQTest-1244,webqsp,test,who was sir walter raleigh and what did he do?,"Sir Walter Raleigh, explorer, writer, courtier","['Sailor', 'Courtier', 'Poet', 'Soldier', 'Writer']",Tiered-Forest,"Sir Walter Raleigh, explorer, writer, courtier",True
WebQTest-939,webqsp,test,what type of art did pablo picasso paint?,Cubism,"['Modern art', 'Analytic cubism', ""Picasso's Rose Period"", ""Picasso's Blue Period"", 'Surrealism', ""Picasso's African Period"", 'Synthetic cubism', 'Cubism']",Tiered-Forest,Cubism,True
WebQTest-1527,webqsp,test,what political party does barack obama represent?,Democratic Party,['Democratic Party'],Tiered-Forest,Democratic Party,True
WebQTest-388,webqsp,test,what are the important holidays of islam?,"Eid al-Fitr, Eid al-Adha","['Eid al-Fitr Eve', 'Eid-Ul-Adha Eve', 'Eid al-Adha', ""Lailat al Mi'raj"", 'Nuzul Al-Quran', 'Eid al-Fitr', 'Day of Arafat', 'Day of Ashura', 'Mourning of Muharram', 'Laylat al-Qadr', 'Barat Night', 'Mawlid', 'Ramadan', 'Islamic New Year', 'Night of Wishes']",Tiered-Forest,"Eid al-Fitr, Eid al-Adha",True
WebQTest-398,webqsp,test,where is the university of the rockies located?,"Colorado Springs, Colorado","['Colorado', 'Colorado Springs', 'United States of America']",Tiered-Forest,"Colorado Springs, Colorado",True
WebQTest-928,webqsp,test,what colleges did harper lee attend?,"University of Alabama, Huntingdon College","['University of Alabama', 'Huntingdon College', 'University of Alabama School of Law', 'University of Oxford']",Tiered-Forest,"University of Alabama, Huntingdon College",True
WebQTest-1952,webqsp,test,where was the prophet mohammed from?,Mecca,['Mecca'],Tiered-Forest,Mecca,True
WebQTest-957,webqsp,test,what language did the sioux indians speak?,Sioux language,"['English Language', 'Sioux language', 'French']",Tiered-Forest,Sioux language,True
WebQTest-1522,webqsp,test,who does kroy biermann play football for?,Atlanta Falcons,['Atlanta Falcons'],Tiered-Forest,Atlanta Falcons,True
WebQTest-179,webqsp,test,what artistic movement did henri matisse belong to?,Fauvism,"['Modern art', 'Impressionism', 'Neo-impressionism', 'Fauvism', 'Modernism']",Tiered-Forest,Fauvism,True
WebQTest-415,webqsp,test,what movies did tupac star in?,"Juice, Poetic Justice, Above the Rim, Bullet, Gridlock'd, Gang Related","['Murder Was the Case', 'Poetic Justice', ""Gridlock'd"", 'Above the Rim', 'Juice', 'Nothing but Trouble', 'Gang Related', 'Bullet']",Tiered-Forest,"Juice, Poetic Justice, Above the Rim, Bullet, Gridlock'd, Gang Related",True
WebQTest-1309,webqsp,test,what art did wassily kandinsky do?,abstract art,['Painting'],Tiered-Forest,abstract art,False
WebQTest-1179,webqsp,test,what role did george lucas play in star wars?,"creator, director, writer, producer",['Baron Papanoida'],Tiered-Forest,"creator, director, writer, producer",False
WebQTest-1800,webqsp,test,what year was first world series?,1903,['1903 World Series'],Tiered-Forest,1903,True
WebQTest-689,webqsp,test,what was the first language spoken in spain?,Basque,['Spanish Language'],Tiered-Forest,Basque,False
WebQTest-202,webqsp,test,what is the currency used in italy?,Euro,['Euro'],Tiered-Forest,Euro,True
WebQTest-1890,webqsp,test,what songs did franz liszt compose?,"Années de pèlerinage, Hungarian Rhapsodies, Transcendental Études, Faust Symphony, Dante Symphony, Piano Sonata in B minor, Mephisto Waltzes, Liebesträume","['Etude in Twelve Exercises', 'g.1235wfk4', 'Grand galop chromatique, S. 219 bis', ""Introduction et Polonaise de l'opéra I puritani, S. 391"", 'Die Lorelei, S. 532', 'Totentanz, S. 126: VII. Cadenza', 'Valse-Impromptu, S. 213a', 'Hexaméron, S. 365b: VII. Variation V. Vivo e brillante - Fuocoso molto energico - Lento quasi recitativo', 'Hungarian Rhapsody no. 14 in F minor, S. 244 no. 14', 'Valse oubliée no. 3, S. 215 no. 3a', 'Ihr Auge, S. 310/2', 'Mephisto Waltz No. 1', 'Historical Hungarian Portraits, S. 205: No. 1. Széchényi Istvan', 'Les Sabéennes, berceuse de l’opéra La Reine de Saba, S. 408', 'Eine Faust-Symphonie, S. 108: I. Faust. Lento assai', 'Es war ein König in Thule, S. 278/2', 'Five Hungarian Folksongs, S. 245: No. 5. Búsongva. Lento', 'Der du von dem Himmel bist, S. 279/3', ""Fantaisie sur des motifs de l'opéra Lucrezia Borgia de G. Donizetti, S. 399a"", 'Hexaméron, S. 392: I. Introduction', 'Choräle, S. 506a: No. 4. Nun danket alle Gott', 'Les Adieux, rêverie sur un motif de Roméo et Juliette, S. 409', 'Fantaisie sur des motifs de La pastorella dell’Alpi e Li marinari des Soirées musicales, S. 423', 'Ein Fichtenbaum steht einsam, S. 309', 'A magyarok Istene, S. 543bis', 'Harmonies poétiques et religieuses, S. 172a: No. 9. La Lampe du temple (Andante lagrimoso)', 'Canzonetta del Salvator Rosa, S. 157c', 'Un portrait en musique de la Marquise de Blocqueville, S. 190: III. Même mouvement mais avec incertitude', 'Réminiscences de Lucrezia Borgia, S. 400: I. Trio du seconde Acte', 'Préludes et Harmonies poétiques et religieuses, S. 171d: No. 5 in G-flat major', 'Totentanz, S. 126: IX. Cadenza', 'Harmonies poétiques et religieuses, S. 173: No. 1. Invocation', 'Préludes et Harmonies poétiques et religieuses, S. 171d: No. 6 in A major \\""Attente\\""', 'Canzonetta del Salvator Rosa, S. 161 no. 3', 'Historical Hungarian Portraits, S. 205: No. 5. Deák Ferenc', 'Zwei Orchestersätze aus dem Oratorium Christus, S. 498b: Nr. 2. Die heiligen drei Könige – Marsch', 'Magyar rapszódiák, S. 242: No. 17 in A minor', 'Harmonies poétiques et religieuses, S. 173: No. 3. Bénédiction de Dieu dans la solitude', 'Hexaméron, S. 365b: IV. Variation II. Moderato', '2 Polonaises, S. 223: no. 1 \\""Polonaise mélancolique\\"" in C minor', 'Harmonies poétiques et religieuses, S. 172a: No. 4. Litanies de Marie', 'Magyar rapszódiák, S. 242: No. 19 in F-sharp minor', 'Magyar rapszódiák, S. 242: No. 14 in A minor', 'Vexilla regis prodeunt, S. 185', 'Tre sonetti di Petrarca, S. 158: No. 2. Sonetto CIV. Pace non trovo', 'Hungarian Rhapsody for Orchestra no. 5 in E minor, S. 359/5', 'Fantasie und Fuge über das Thema B-A-C-H, S. 529/2', 'Künstlerfestzug zur Schillerfeier 1859, S. 520/1', 'Hungarian Rhapsody for Orchestra no. 3 in D major, S. 359/3', 'Deux légendes, S. 175: II bis. St. François de Paule marchant sur les flots', 'Soirées de Vienne, S. 427: No. 8 in D major. Allegro con brio', 'Zwei Stücke aus dem Oratorium Christus, S. 498c: No. 1. Einleitung - Pastorale', 'Stabat mater, S. 172b', 'Fantasia on Hungarian Folk Melodies for piano and orchestra, S. 123', 'Hungarian Coronation Mass, S. 11: II. Gloria', 'Gretchen aus Faust-Symphonie, S. 513', 'Album-Leaf: Freudvoll und leidvoll, S. 166n', 'Hexaméron, S. 365b: I. Introduction. Extrêmement lent', ""Études d'exécution transcendante d'après Paganini, S. 140: No. 6 in A minor"", ""Ave Maria (d'Arcadelt), S. 183 no. 2"", 'Ihr Glocken von Marling, S. 328', 'Sonetto 47 del Petrarca, S. 161 no. 4', 'Hungarian Rhapsody no. 1 in C-sharp minor, S. 244 no. 1', 'Zwei Orchestersätze aus dem Oratorium Christus, S. 498b: Nr. 1. Hirtengesang an der Krippe', 'Grandes études de Paganini, S. 141: No. 1. Tremolo in G minor', 'Historical Hungarian Portraits, S. 205: No. 2. Eötvös Jozsef', ""Deux épisodes d'apres le Faust de Lenau, S. 110: II. Der Tanz in der Dorfschenke (Erster Mephisto-Walzer)"", 'Weihnachtsbaum, S. 185a: IV. Adeste fideles (gleichsam als Marsch der heiligen drei Könige)', 'Weimars Volkslied, S. 542/2', 'Hungarian Rhapsody no. 2 in C-sharp minor, S. 244 no. 2 bis', 'Sursum corda, S. 163 no. 7', 'Choräle, S. 506a: No. 6. O Haupt voll Blut und Wunden', 'Ave Maria in D major, S. 504/1', 'Orpheus, S. 511b', 'Coro di festa e marcia funebre de Don Carlos, S. 435', 'Via Crucis, S. 504a: Vexilla regis', 'Marche funèbre et Cavatine de Lucia de Lammermoor, S. 398', 'Hungarian Battle March, S. 119', 'Klavierstück in E major, S. 192 no. 1. Sehr langsam', 'Tre sonetti di Petrarca, S. 158: No. 1. Sonetto XLVII. Benedetto sia il giorno', ""Tre sonetti di Petrarca, S. 270: II. Benedetto sia 'l giorno"", ""Études d'exécution transcendante d'après Paganini, S. 140: No. 4b in E major"", 'Schwebe, schwebe, blaues Auge, S. 305/2', ""Enfant, si j'étais roi, S. 537"", 'Album-Leaf: Larghetto in D-flat major, S. 167p', 'Ave Maria in D-flat major, S. 504/2', 'Totentanz, S. 126: IV. Variation III', ""S'il est un charmant gazon, S. 538"", 'Album-Leaf: Aus den Mephisto-Walzer. Episode aus Lenaus Faust - Der Tanz in der Dorfschenke, S. 167m', 'Grandes études de Paganini, S. 141: No. 2. Octave in E-flat major', 'Liebesträume no. 2, S. 541a \\""Gestorben war ich\\""', 'Totentanz, S. 126: V. Variation IV', 'Totentanz, S. 126: VI. Variation V', 'Vergiftet sind mein Lieder, S. 289/3', 'Album Leaf in E major (Vienna), S. 164a', 'Drei Märsche von Franz Schubert, S. 426: No. 1. Trauermarsch (Grande Marche funèbre)', 'Der du von dem Himmel bist, S. 279/1', '2 Polonaises, S. 223: no. 2 in E major', 'O lieb, so lang du lieben kannst!, S. 540a', 'Illustrations du Prophète, S. 414: No. 2: Les Patineurs: Scherzo', 'In Liebeslust, S. 318', 'Five Hungarian Folksongs, S. 245: No. 2. Mérsekélve. Allegretto', 'Resignazione, S. 187b', 'Hungarian Rag', 'Leyer und Schwert, S. 452: III. Gebet (vor der Schlacht)', 'Album-Leaf: Aus dem Purgatorio des Dante Sinfonie. Lamentoso in B minor, S. 166r/2', 'Und sprich, S. 329', 'Ave maris stella, S. 669 no. 2', ""Études d'exécution transcendante d'après Paganini, S. 140: No. 1 in G minor"", ""Harmonies poétiques et religieuses, S. 173: No. 6. Hymne de l'enfant à son réveil"", 'La Marseillaise, S. 237', 'Zigeuner-Epos, S. 695b: No. 9 in E-flat major. Andante cantabile quasi adagio', 'Harmonies poétiques et religieuses, S. 172a: No. 2. Hymne du matin', 'Weimars Volkslied, S. 542/1', 'Magyar rapszódiák, S. 242: No. 20 in G minor \\""Rumanian Rhapsody\\""', 'O sacrum convivium, S. 674a', 'Mephisto Waltz no. 3, S. 215a', 'Hungarian Coronation Mass, S. 11: I. Kyrie', 'Elegy no. 1, S. 130b', 'Consolations', ""Jeanne d'Arc au bûcher, S. 293/3"", 'Ich liebe dich, S. 542a', 'Album Leaf in F-sharp minor, S. 163a/1', 'Die Zelle in Nonnenwerth, S. 534/3', ""Harmonies poétiques et religieuses, S. 172a: No. 7. Hymne de l'enfant à son réveil"", 'Variations sur Le Carnaval de Venise, S. 700a', 'Lieder aus Schillers Wilhelm Tell, S. 292a: Nr. 2. Der Hirt', 'Trois études de concert, S. 144: I. \\""Il lamento\\"" in A-flat minor', 'Hungarian Rhapsody no. 7 in D minor, S. 244 no. 7', 'Kling leise, mein Lied, S. 301/1', '19 Hungarian Rhapsodies for Piano, S 244 No. 15 \\""Rákóczy March\\""', 'La lugubre gondola, S. 200/2', 'Zwei Stücke aus der heiligen Elisabeth, S. 693a: No. 2. Der Sturm', 'Après une lecture du Dante - Fantasia quasi Sonata, S. 158c', 'Gaudeamus igitur, S. 240/2', 'Études d\'exécution transcendante d\'après Paganini, S. 140: No. 5a in E major \\""La Chasse\\""', 'Magyar dalok, S. 242: No. 1 in C minor', 'Hungarian Coronation Mass, S. 11: VII. Benedictus', 'Hexaméron, S. 392: IX. Finale. Molto vivace quasi prestissimo', ""J'ai perdu ma force et ma vie, S. 327"", 'Réminiscences de Robert le Diable, S. 413', ""Album d'un voyageur, S. 156: I. Impressions et poésies: 3. Les Cloches de G*****"", 'Hungarian Rhapsody no. 11 in A minor, S. 244 no. 11', 'Die Loreley, S. 273/1', 'Grandes études de Paganini, S. 141: No. 5. La Chasse in E major', 'Waltz in E-flat major, S. 209a', 'Schwanengesang und Marsch aus Hunyadi László, S. 405', ""Harmonies poétiques et religieuses, S. 172a: No. 6. Pater noster, d'après la Psalmodie de l'Église"", 'Klavierstück in A-flat major, S. 189a', 'Mazeppa, S. 511c', 'Choräle, S. 506a: No. 10. Was Gott tut, das ist wohlgetan', 'Totentanz, S. 126: III. Variation II', ""Prière et Berceuse de La muette de Portici d'Auber, S. 387: Introduction"", 'Weihnachtsbaum, S. 186: Nr. 4. Adeste fideles', 'Winzerchor aus den entfesselten Prometheus, S. 692e', 'Am Rhein, im schönen Strome, S. 531 no. 2', 'Five Hungarian Folksongs, S. 245: No. 4. Kissé élénken. Vivace', 'Préludes et Harmonies poétiques et religieuses, S. 171d: No. 4 in D-flat major \\""Dernière illusion\\""', 'Eine Faust-Symphonie, S. 108: III. Mephistopheles. Allegro vivace, ironico', 'Zwei Stücke aus dem Oratorium Christus, S. 498c: No. 2. Das Wunder', 'Weihnachtslied \\""Christus ist geboren\\"", S. 502', 'Von der Wiege bis zum Grabe, S. 512: III. Die Wiege des zukunftigen Lebens', 'Muttergottes-Sträusslein zum Mai-Monate, S. 316: Nr. 1. Das Veilchen', 'Totentanz, S. 126: X. Allegro animato', 'Hungarian Coronation Mass, S. 11: V. Offertorium', 'Préludes et Harmonies poétiques et religieuses, S. 171d: No. 2 in C minor \\""Langueur?\\""', 'Préludes et Harmonies poétiques et religieuses, S. 171d: No. 1 in E-flat major', 'Hexaméron, S. 365b: VIIIb. Coda', 'Ave Maria in E major, S. 182 \\""Die Glocken von Rom\\""', 'Hexaméron, S. 365b: V. Variation III di bravura - Ritornello', 'Album Leaf in G major (Dante-Symphony progression), S. 167f', 'Gaudeamus igitur, S. 240/1', 'Hungarian Rhapsody no. 17 in D minor, S. 244 no. 17', 'Sonetto 123 del Petrarca, S. 161 no. 6', 'Totentanz, S. 525, R. 188', 'Harmonies poétiques et religieuses, S. 154', 'Die Zelle in Nonnenwerth, S. 534/2 bis', 'Ballade aus Der fliegende Holländer, S. 441', 'Von der Wiege bis zum Grabe, S. 512: I. Die Wiege', 'Lieder aus Schillers Wilhelm Tell, S. 292a: Nr. 3. Der Alpenjäger', 'Trübe Wolken (Nuages gris), S. 199, R. 78', 'Album Leaf in A major, S. 166k', 'Freudvoll und Leidvoll, S. 280/2', '2 Csárdás, S. 225: No. 1. Csárdás', 'Totentanz, S. 126: VIII. Variation VI', 'Mephisto Waltz no. 4, S. 216b', 'Die Rose, S. 571', 'Im Rhein, im schönen Strome, S. 272/2', 'Hexaméron, S. 392: VII. Variation V. Vivo e brillante - Fuocoso molto energico - Lento quasi recitativo', 'Le Rossignol, S. 249d', 'Im Rhein, im schönen Strome, S. 272/1', 'Hungarian Coronation Mass, S. 11: VIII. Agnus Dei', 'Fantaisie romantique sur deux mélodies suisses', 'Lieder aus Schillers Wilhelm Tell, S. 292a: Nr. 1. Der Fischerknabe', 'Magyar rapszódiák, S. 242: No. 12 in E minor \\""Heroïde élégiaque\\""', 'Consolation in E major, S. 171a no. 2: Un poco più mosso', 'Années de pèlerinage : Première année : Suisse, S. 160', 'Angiolin dal biondo crin, S. 269/3', 'Symphonisches Zwischenspiel zu Über allen Zauber Liebe, S. 497', 'Hamlet, S. 104', 'Les Préludes, S. 511a', 'Harmonies poétiques et religieuses, S. 172a: No. 8. Prose des morts - De profundis', 'Liebestraum No. 3 As-dur', 'Grandes études de Paganini, S. 141: No. 6. Variations in A minor', 'Le Rossignol, S. 250 no. 1', 'Piano Concerto in E-flat major, S. 125a', 'Hexaméron, S. 365b: IX. Finale. Molto vivace quasi prestissimo', 'La lugubre gondola, S. 199a/1', 'Harmonies poétiques et religieuses, S. 172a: No. 1. Élevez-vous, voix de mon âme', 'Magyar rapszódiák, S. 242: No. 15 in D minor', 'Magyar rapszódiák, S. 242: No. 21 in E minor', 'Marche hongroise, S. 425/2c', 'Hungarian Rhapsody no. 18 in F-sharp minor, S. 244 no. 18/2', 'Festklänge, S. 511d', 'Two Hungarian Recruiting Dances, S. 241 \\""Zum Andenken\\"": No. 2. Lassú magyar', 'Valse-Impromptu, S. 213 bis', 'Zigeuner-Epos, S. 695b: No. 1 in C minor. Lento', 'Rákóczi March, S. 608', 'Grande Fantaisie sur des motifs de Soirées musicales, S. 422/1', 'Harmonies poétiques et religieuses, S. 173: No. 9. Andante lagrimoso', 'Feuilles d’album, S. 165', 'Rákóczi March, S. 242a', 'Schnitterchor aus den entfesselten Prometheus, S. 507a', 'Choräle, S. 506a: No. 11. Wer nur den lieben Gott lässt walten?', 'Adagio in C major, S. 158d', 'Concerto pathétique, S. 365a', 'Chapelle de Guillaume Tell, S. 160 no. 1', 'Muttergottes-Sträusslein zum Mai-Monate, S. 316: Nr. 2. Die Schlüsselblumen', 'Historical Hungarian Portraits, S. 205: No. 6. Petöfi Sandor', ""Études d'exécution transcendante d'après Paganini, S. 140: No. 2 in E-flat major"", 'Préludes et Harmonies poétiques et religieuses, S. 171d: No. 7 in E major \\""Alternative\\""', 'Eine Faust-Symphonie, S. 108: II. Gretchen. Andante soave', 'Air cosaque, S. 249c', 'Le Lac de Wallenstadt, S. 156/2a bis', 'Hungarian Rhapsody no. 16 in A minor, S. 244 no. 16', 'Historical Hungarian Portraits, S. 205: No. 7. Mosonyi Mihály', 'La cloche sonne, S. 238', 'Spirto gentil, S. 400a', 'Album-Leaf in C minor (Pressburg), S. 163c', 'Weihnachtsbaum, S. 185a: II. O heilige Nacht', 'Consolation in D-flat major, S. 171a no. 4: Quasi adagio', 'Five Hungarian Folksongs, S. 245: No. 1. Lassan. Lento', 'Album Leaf in E-flat (Leipzig), S. 164b', 'Préludes et Harmonies poétiques et religieuses, S. 171d: No. 8 in D-flat major \\""M. K.\\""', ""Au bord d'une source, S. 160 no. 4 bis"", 'Weinen, Klagen, Sorgen, Zagen, Präludium nach Johann Sebastian Bach, S. 179', ""Études d'exécution transcendante d'après Paganini, S. 140: No. 1a in G minor"", 'Consolation in E major, S. 171a no. 5: Andantino', 'Hungaria, S. 511e', 'Magyar rapszódiák, S. 242: No. 13 in A minor \\""Rákóczi-Marsch\\""', 'Sposalizio, S. 157a', 'Liebestraum Es-Dur \\""Seliger Tod\\"", S. 541 Nr. 2', 'Eine Faust-Symphonie, S. 108: IV. Chorus mysticus', 'Harmonies poétiques et religieuses, S. 173: No. 5. Pater noster', 'God Save the Queen, S. 235', 'Magyar rapszódiák, S. 242: No. 22 in E flat major \\""Pester Carneval\\""', 'Trois études de concert, S. 144: II. \\""La leggierezza\\"" in F minor', 'Kennst du das Land, S. 531 no. 3', 'Spinnerin-Lied, Transkripition aus Wagners \\""Der fliegende Holländer\\"", S. 440', 'Magyar rapszódiák, S. 242: No. 18 in C-sharp minor', 'Grande fantaisie de concert, S. 393/2', 'Glanes de Woronince, S. 249: No. 2. Mélodies polonaises', 'Harmonies poétiques et religieuses, S. 172a: No. 10. (Hymne)', 'Bist du, S. 277/2', 'Marche hongroise, S. 425/2b', 'Polonaise aus Tschaikowskys \\""Eugen Onegin\\"", S. 429', 'Zigeuner-Epos, S. 695b: No. 3 in D-flat major. Sehr langsam', 'Tannhäuser Overture', 'Totentanz, S. 126: II. Variation I', 'Glanes de Woronince, S. 249: No. 3. Complainte (Dumka)', 'Variationen über das Motiv von Bach, S. 673', 'Five Hungarian Folksongs, S. 245: No. 3. Lassan. Andante', ""Harmonies poétiques et religieuses, S. 173: No. 10. Cantique d'amour"", 'Hungarian Rhapsody no. 10 in E major, S. 244 no. 10 bis', 'Bénédiction et serment de Benvenuto Cellini, S. 396', 'Consolation in E major, S. 171a no. 1: Andante con moto', 'Tre sonetti di Petrarca, S. 270: I. Pace non trovo', 'De Profundis, S. 121a', 'Réminiscences de Lucrezia Borgia, S. 400: II. Chanson à boire (Orgie). Duo-finale', 'Ave Maria IV in G major, S. 545', 'Walhall aus Der Ring des Nibelungen, S. 449', 'Valse oubliée no. 4, S. 215 no. 4', 'Grande fantaisie dramatique sur des thèmes de l\'opéra Les Huguenots, S. 412/3, R. 211 \\""Réminiscences des Huguenots\\""', 'Harmonies poétiques et religieuses, S. 172a: No. 3. Hymne de la nuit', 'La Campanella : Nu Rave', 'Von der Wiege bis zum Grabe, S. 107: II. Der Kampf ums Dasein', 'Album-Leaf: Fugue chromatique. Allegro in G minor, S. 167j', 'Album-Leaf: Schlusschor des entfesselten Prometheus. Andante solenne in D-flat major, S. 167q', 'Glanes de Woronince, S. 249: No. 1. Ballade ukraine (Dumka)', 'Hexaméron, S. 392: IV. Variation II. Moderato', 'Fantasie über zwei Motive aus W. A. Mozarts Die Hochzeit des Figaro', ""Études d'exécution transcendante d'après Paganini, S. 140: No. 4 in E major"", 'Orpheus, S. 672a', 'Album-Leaf: Andante religioso, S. 166h', ""Harmonies poétiques et religieuses, S. 173: No. 8. Miserere d'après Palestrina"", 'Hungarian Coronation Mass, S. 11: III. Graduale (Psalm 116)', 'Harmonies poétiques et religieuses, S. 173: No. 2. Ave Maria', 'Romance oubliée, S. 527 bis', 'Rigoletto', 'Die Zelle in Nonnenwerth, S. 534/1', 'Concerto for Piano and Orchestra no. 1 in E-flat major, S. 124: II. Quasi adagio', 'Album Leaf in E major, S. 166a', 'La perla, S. 326/2', 'Comment, disaient-ils, S. 535', ""Album d'un voyageur, S. 156: II. Fleurs mélodiques des Alpes: 8c. Allegro moderato"", 'Hungarian Rhapsody no. 18 in F-sharp minor, S. 244 no. 18/1', 'Hungarian Rhapsody no. 4 in E-flat major, S. 244 no. 4', ""Album d'un voyageur, S. 156: I. Impressions et poésies: 2b. Au bord d'une source"", 'Préludes et Harmonies poétiques et religieuses, S. 171d: No. 3 in E major', 'Totentanz, S. 126/1', 'Two Hungarian Recruiting Dances, S. 241 \\""Zum Andenken\\"": No. 1. Kinizsi nótája', 'Totentanz, S. 126: I. Andante - Allegro - Allegro moderato', ""Tre sonetti di Petrarca, S. 158: No. 3. Sonetto CXXIII. I' vidi in terra angelici costumi"", 'Die Lorelei, S. 531 no. 1', 'Von der Wiege bis zum Grabe, S. 512: II. Der Kampf ums Dasein', 'Marche funèbre de Dom Sébastien, S. 402', 'Der Glückliche', 'Hungarian Coronation Mass, S. 11: VI. Sanctus', 'Cavatine de Robert le Diable, S. 412a', '2 Csárdás, S. 225: No. 2. Csárdás obstiné', 'Vive Henri IV, S. 239', 'Années de pèlerinage : Troisième année, S. 163', 'Hungarian Rhapsody no. 10 in E major, S. 244 no. 10', 'Tarantelle di bravura d’après la tarantelle de La muette de Portici, S. 386/2', 'Études d\'exécution transcendante d\'après Paganini, S. 140: No. 5 in E major \\""La Chasse\\""', 'Romancero espagnol, S. 695c: No. 3. Jota aragonesa and coda', 'Pilgerchor aus Tannhäuser, S. 443/2', 'Harmonies poétiques et religieuses, S. 172a: No. 11. (Bénédiction) (Prélude)', 'Szózat und Hymnus, S. 486', 'Ave maris stella, S. 506', 'Salve Regina, S. 669 no. 1', 'Hungarian Coronation Mass, S. 11: IV. Credo', 'Romance oubliée, S. 132c', 'Huldigungsmarsch, S. 228/1', 'Die Ideale', 'Comment, disaient-ils, S. 276/2', 'Liebestraum As-Dur \\""Oh Lieb, so lang du lieben kannst\\"", S. 541 Nr. 3', ""S'il est un charmant gazon, S. 284/2"", 'Trois études de concert, S. 144: III. \\""Un sospiro\\"" in D-flat major', 'Elegy no. 2, S. 131', ""Enfant, si j'étais roi, S. 283/2"", 'À la Chapelle Sixtine, S. 461/1', 'Slavimo slavno, Slaveni!, S. 503', ""Ave Maria (d'Arcadelt), S. 659"", 'Venezia e Napoli, S. 159', 'La lugubre gondola', 'Réminiscences de Don Juan, S. 656', 'Tu es Petrus, S. 664', 'Fantasie und Fuge über den Choral Ad nos, ad salutarem undam, S. 259', 'Marche hongroise, S. 425/2e', 'Élégie sur des motifs du Prince Louis Ferdinand de Prusse, S. 168/1', ""Prière et Berceuse de La muette de Portici d'Auber, S. 387: Prière"", 'Fantasie und Fuge über den Choral Ad nos, ad salutarem undam, S. 259: III. Fugue', 'Fantasie und Fuge über den Choral Ad nos, ad salutarem undam, S. 259: II. Adagio', 'Der traurige Mönch, S. 348', 'Fantasie und Fuge über den Choral Ad nos, ad salutarem undam, S. 259: I. Fantasie', 'Ave Maria II, S. 38', 'Fantasia quasi Concerto \\""After Reading Dante\\""', 'Festkantate zur Enthüllung des Beethoven-Denkmals in Bonn, S. 67: III. Andante mesto - Allegro maestoso - Recitativo - Largo maestoso - Allegro fuocoso', 'Festkantate zur Enthüllung des Beethoven-Denkmals in Bonn, S. 67: II. Allegro deciso', 'Missa solennis zur Einweihung der Basilika in Gran, S. 9 \\""Graner Messe\\"": I. Kyrie. Andante solenne', 'Festkantate zur Enthüllung des Beethoven-Denkmals in Bonn, S. 67: I. Maestoso - Quasi allegretto', 'Missa solennis zur Einweihung der Basilika in Gran, S. 9 \\""Graner Messe\\"": III. Credo. Antande maestoso, risoluto', 'Requiem für die Orgel, S. 266: VII. Postludium', 'Festpolonaise, S. 619a', 'La lugubre gondola, S. 134b', 'Trauerode (Die Todten), S. 268 no. 2', 'Von der Wiege bis zum Grabe, S. 107', 'Introitus, S. 268 no. 1', 'Hungarian Rhapsodies', 'La campanella', 'Transcendental Étude No. 11', 'Transcendental Étude No. 5', 'Transcendental Étude No. 12', 'Transcendental Étude No. 6', 'Grande étude de perfectionnement', 'Hungarian Rhapsody No. 2', 'Transcendental Étude No. 8', 'Grand galop chromatique', 'Transcendental Étude No. 1', 'Transcendental Étude No. 7', 'Transcendental Étude No. 9', 'Slavimo Slavno Slaveni!', 'Christus', 'Sposalizio', 'Transcendental Étude No. 3', 'Transcendental Étude No. 10', 'Transcendental Étude No. 2', ""Légende No. 1: St François d'Assise"", 'Les préludes', 'Hunnenschlacht', 'Hungarian Rhapsody No. 1', 'Don Sanche', 'Ballade No. 1', 'Symphonic poems', ""Ce qu'on entend sur la montagne"", 'Fantasy and Fugue on the Theme B-A-C-H', 'Beethoven Symphonies', ""Feuille d'album, S.165"", 'Variation on a Waltz by Diabelli', 'Prometheus', 'Piano Concerto No. 3', ""Fantasy and Fugue on the chorale 'Ad nos ad salutarem undam'"", 'Transcendental Études', 'Hungarian Rhapsody No. 6', 'Csárdás', 'Mephisto Polka', ""Sarabande and Chaconne from Handel's Almira"", 'Tasso, Lamento e Trionfo', 'Orpheus', 'Années de pèlerinage', 'Bagatelle sans tonalité', 'Hungaria', 'Totentanz', 'Mephisto Waltzes', 'Sonata in B minor', 'Liebesträume', 'Ungarische Zigeunerweisen', 'Waldesrauschen (Forest Murmurs)', 'Gnomenreigen', 'Two Concert Études', 'Nuages gris', 'Réminiscences de Don Juan', ""Fantasy on Themes from Mozart's Figaro and Don Giovanni"", 'Three Concert Études', 'Un sospiro', 'Faust Symphony', 'Piano Concerto No. 1', 'Concerto pathétique', 'Dante Symphony', 'Grandes etudes de Paganini', 'Piano Concerto No. 2', 'Funérailles', 'Harmonies poétiques et religieuses', 'Dante Sonata', 'Hungarian Rhapsody No. 19', 'Sardanapale', ""Au bord d'une source"", 'Glanes de Woronince', 'Rhapsodie espagnole', 'Ouvertüre zu Tannhäuser von Richard Wagner', 'O du mein holder Abendstern: Recitativ und Romanze aus Wagners Tännhauser', 'Tre sonetti del Petrarca', 'Dante Symphony (arrangement for piano)', 'Transcendental Étude No. 4', 'Valse-Impromptu', 'Hungarian Rhapsody no. 5 in E minor, S. 244 no. 5 \\""Héroïde élégiaque\\""', 'Dem Andenken Petőfis', 'A magyarok Istene', 'An Edlitam. Zur silbernen Hochzeit', 'Wartburglieder', 'Six poesies. Buch der Lieder', 'Bist du', 'Blume und Duft', 'Walther von der Vogelweide', 'Heinrich von Ofterdingen', 'Am Rhein', 'Wolfram von Eschenbach', 'Der tugendhafte Schreiber', 'Reimar der Alte', 'Biterolf und der Schmied von Ruhla', 'An Frau Minne', 'Tre sonetti di Petrarca', 'Pace non trovo', ""Benedetto sia 'l giorno"", ""I' vidi in terra angelici costumi"", ""Cantico del sol di San Francisco d'Assisi"", 'Der 18. Psalm', 'Comment, disaient-ils', 'Das Grab und die Rose', 'Der alte Vagabund', 'Muttergottes-Sträußlein zum Maimonate', 'Die Schlüsselblumen', 'Das Veilchen', 'Des toten Dichters Liebe', 'Drei Lieder aus Schillers Wilhelm Tell', 'Die drei Zigeuner', 'Der traurige Mönch', 'Des Tages laute Stimmen schweigen', 'Der Alpenjäger', 'Der Hirt', 'Der Fischerknabe', 'Die Loreley', 'Die Macht der Musik', 'Die Perle', 'Die Lore Ley: neue umgearbeitete Ausg.', 'Die stille Wasserrose', 'Weimars Volkslied', 'Weil noch, Sonnenstrahl', 'Wo weilt er? (Heimat)', 'Wie entgehn der Gefahr?', 'Was tun?', 'Wer nie sein Brot mit Tränen aß', 'Wir sind nicht Mumien', 'Wie singt die Lerche schön', ""Wieder möcht' ich dir begegnen"", 'Angiolin dal biondo crin', 'Angiolin dal biondo crin (Arranged for solo piano)', 'Anfangs wollt ich fast verzagen', 'Mazeppa', ""Variation on the March from Bellini's I Puritani"", 'Hungarian Rhapsody no. 8 in F-sharp minor, S. 244 no. 8', 'Hungarian Rhapsody no. 12 in C-sharp minor, S. 244 no. 12', 'Hungarian Rhapsody No. 13', 'Hungarian Rhapsody no. 9 in E-flat major, S. 244 no. 9 \\""Carnival in Pest\\""', 'Hungarian Rhapsody No. 15', 'Hungarian Rhapsody no. 18 in F-sharp minor, S. 244 no. 18', 'Aprés une lecture du Dante, S. 161/7 (Années de Pélèrinage II/7)', 'La Lugubre gondola I, S. 200/1', 'R.W.-Venezia, S. 201', 'Li marinari', 'Valse-caprice No. 9 (Sehnsuchtswalzer), S. 427/9', 'Seven brilliant variations on a theme by Rossini, S. 149', 'Isoldens Liebestod, S. 447', 'Salve Regina', 'Pastorale, S. 160 no. 3', 'Gondoliera, S. 162 no. 1', 'Konzert-Walzer über zwei Themen aus Donizettis \\""Lucia und Parisina\\"", S. 401', 'Weihnachtsbaum, S. 186: Nr. 12. Polnisch', 'Weihnachtsbaum, S. 186: Nr. 11. Ungarisch', 'Ai No Yume', 'Douze grandes études, S. 137: No. 5 in B-flat major (Equalmente)', 'Douze grandes études, S. 137: No. 9 in A-flat major (Andantino)', 'Legend no. 2: \\""St. Francis Walking on the Waves\\""', 'Weihnachtsbaum, S. 186: Nr. 7. Schlummerlied', 'Präludium und Fuge über den Namen BACH, S. 260: I. Präludium', ""Deux légendes, S. 175: St. François d'Assise: la prédication aux oiseaux"", 'Präludium und Fuge über den Namen BACH, S. 260: II. Fuge', 'En rêve - Nocturne, S. 207', 'Magyarische Litanei', 'Consolation in Des-Dur', 'Douze grandes études, S. 137: No. 11 in D-flat major (Lento assai)', 'Weihnachtsbaum, S. 186: Nr. 5. Scherzoso', 'Consolation in E-Dur', 'Marche funèbre, S. 163 no. 6', 'Klavierstück in F-sharp major, S. 192 no. 3. Sehr langsam', 'Orage, S. 160 no. 5', 'Weihnachtsbaum, S. 186: Nr. 3. Die Hirten an der Krippe', 'À la Chapelle Sixtine, S. 360', 'Douze grandes études, S. 137: No. 10 in F minor (Presto molto agitato)', ""Fantasie über Themen aus Beethoven's Ruinen von Athen, S. 388b"", 'Aus Lohengrin, S. 446: No. 3. Lohengrins Verweis an Elsa', 'Weihnachtsbaum, S. 186: Nr. 8. Altes provenzalisches Weihnachtslied', 'Hungarian Rhapsody for Orchestra no. 2 in C minor, S. 359/2', 'Weihnachtsbaum, S. 186: Nr. 6. Carillon', 'Romance oubliée, S. 527', 'Grande Fantaisie Symphonique on themes from Berlioz\'s \\""Lélio\\"" for Piano and Orchestra, S. 120', 'Douze grandes études, S. 137: No. 2 in A minor (Molto vivace a capriccio)', 'Douze grandes études, S. 137: No. 3 in F major (Poco adagio)', 'Weihnachtsbaum, S. 186: Nr. 9. Abendglocken', 'Symphonic Poem no. 2 \\""Tasso, Lament and Triumph\\""', 'Douze grandes études, S. 137: No. 7 in E-flat major (Allegro deciso)', 'Angélus ! Prière aux anges gardiens, S. 163 no. 1', 'Hungarian Rhapsody for Orchestra no. 4 in D minor, S. 359/4', 'Consolation in D-flat major, S. 172 no. 4: Quasi adagio', 'Variationen über das Motiv von Bach, S. 180', 'Unstern! Sinistre, disastro, S. 208, R. 80', 'Danza sacra e duetto finale d’Aida, S. 436', 'Ballade No. 2', 'O lieb, so lang du lieben kannst, S. 298/2', ""Aux cyprès de la Villa d'Este II : Thrénodie, S. 163 no. 3"", 'Consolation in E major, S. 172 no. 5: Andantino', 'Tarantella, S. 162 no. 3', 'Szózat und Hymnus, S. 353', ""Vallée d'Obermann, S. 160 no. 6"", 'Consolation in E major, S. 172 no. 6: Allegretto sempre cantabile', 'Ebony Rhapsody', 'Hungarian Rhapsody no. 3 in B-flat major, S. 244 no. 3', 'Christmas Again', 'Canzone, S. 162 no. 2', 'Die Trauer-Gondel (La lugubre gondola), S. 134', ""Deux épisodes d'apres le Faust de Lenau, S. 110: I. Der nächtliche Zug"", 'Douze grandes études, S. 137: No. 12 in B-flat minor (Andantino)', 'Douze grandes études, S. 137: No. 6 in G minor (Largo patetico)', 'O du mein holder Abendstern, S. 444', 'Berceuse, S. 174/1', 'Romance oubliée, S. 132a', 'Wiegenlied, S. 198', 'Soirées de Vienne, S. 427: No. 6 in A minor. Allegro con strepito', ""Grande étude d'après Paganini no. 2 in E-flat major, BV B 70"", 'Consolation in E major, S. 172 no. 1: Andante con moto', 'Consolation No. 3', 'Elegy no. 1, S. 196', 'Valse oubliée no. 2 in A-flat major, S. 215 no. 2', 'Impromptu in F-sharp major, S. 191/2, R. 59 \\""Nocturne\\""', 'Douze grandes études, S. 137: No. 1 in C major (Presto)', 'Douze grandes études, S. 137: No. 8 in C minor (Presto strepitoso)', 'Malédiction, S. 121', 'Consolation in E major, S. 172 no. 2: Un poco più mosso', ""Les Jeux d'eaux à la Villa d'Este, S. 163 no. 4"", 'Sunt lacrymae rerum / En mode hongrois, S. 163 no. 5', 'Eglogue, S. 160 no. 7', 'Es muss ein Wunderbares sein, S. 314', 'Rákoczy March in A minor', 'Il penseroso, S. 161 no. 2', 'Valse oubliée no. 3, S. 215 no. 3', 'Hungarian Rhapsody for Orchestra no. 1 in F minor, S. 359/1', 'Carrousel de Madame Pelet-Narbonne, S. 214a', 'Weihnachtsbaum, S. 186: Nr. 10. Ehemals', 'Einleitung, Fuge und Magnificat, S. 672b', 'Hungarian Rhapsody for Orchestra no. 6 in D-flat major \\""Carnival in Pest\\"", S. 359/6', 'Weihnachtsbaum, S. 186: Nr. 2. O heilige Nacht!', 'Soirées de Vienne, S. 427: No. 7 in A major. Allegro spiritoso', 'Douze grandes études, S. 137: No. 4 in D minor (Allegro patetico)', 'Réminiscences de Boccanegra, S. 438', 'Eine Symphonie zu Dantes Divina Commedia, S. 109: II. Purgatorio - Magnificat', ""Aux cyprès de la Villa d'Este I : Thrénodie, S. 163 no. 2"", 'Miserere du Trovatore, S. 433', 'Au lac de Wallenstadt, S. 160 no. 2', 'Evocation à la Chapelle Sixtine, S. 658', 'À la Chapelle Sixtine, S. 461/2', 'Valse oubliée no. 1, S. 215 no. 1', 'Über allen Gipfeln ist Ruh, S. 306', 'Weihnachtsbaum, S. 186: Nr. 1. Altes Weihnacthslied (Psalite)', 'Liebestraum As-Dur \\""Hohe Liebe\\"", S. 541 Nr. 1', 'Le Mal du pays, S. 160 no. 8', 'Sonetto 104 del Petrarca', 'Die Zelle in Nonnenwerth, S. 382', 'Eine Symphonie zu Dantes Divina Commedia, S. 109: I. Inferno', 'Morceau de salon (étude de perfectionnement), S. 142', 'Freischütz Fantasie, S. 451', 'Rákóczy March, S. 117', 'Pilgerchor aus Tannhäuser, S. 443/1', 'Fantasie über Motive aus Beethovens Ruinen von Athen, S. 122', 'Valse de l\'opéra \\""Faust\\"", S. 407', 'Suite no. 4 in G major, op. 61 \\""Mozartiana\\"": III. Preghiera: Andante non tanto', 'In festo transfigurationis Domini nostri Jesu Christi, S. 188', 'Abschied, S. 251', 'Le Triomphe funèbre du Tasse, S. 517', ""Illustrations de l'opéra L'Africaine, S. 415: No. 2. Marche indienne"", 'Élégie sur des motifs du Prince Louis Ferdinand de Prusse, S. 168/2', 'Mephisto Waltz no. 2, S. 515', 'Via Crucis, S. 504a: Station X: Jésus est dépouillé de ses vêtements', 'Trauervorspiel und Trauermarsch, S. 206: No. 2. Trauermarsch', 'Recueillement, S. 204', 'Am Grabe Richard Wagners, S. 202', 'Drei Stücke aus der Legende der heiligen Elisabeth, S. 498a: Nr. 3. Interludium', 'Via Crucis, S. 504a: Station VII: Jésus tombe pour la seconde fois', 'Les Morts, S. 516', 'Aus der Ungarischen Krönungsmesse, S. 501: II. Offertorium', 'Via Crucis, S. 53: Station VII: Jesus fällt zum zweiten Mal', 'Trauervorspiel und Trauermarsch, S. 206: No. 1. Trauervorspiel', 'Via Crucis, S. 53: Station III: Jesus fällt zum ersten Mal', 'Alleluia, S. 183 no. 1', 'Elegy no. 2, S. 197', 'Epithalam, S. 526', ""Deux Polonaises de l'oratorio St. Stanislas, S. 519: Polonaise II"", 'Drei Stücke aus der Legende der heiligen Elisabeth, S. 498a: Nr. 1. Orchester Einleitung', 'Von der Wiege bis zum Grabe, S. 107: I. Die Wiege', 'Klavierstück in A-flat major, S. 192 no. 2. Lento assai', 'Mephisto Waltz no. 3, S. 216', 'Klavierstück über ein fremdes Thema, S. 387a', 'Via Crucis, S. 504a: Station IV: Jésus rencontre sa très sainte mère', 'Via Crucis, S. 53: Station I: Jesus wird zum Tode verdammt', 'Salve Polonia, S. 518', 'Via Crucis, S. 504a: Station XI: Jésus est attaché à la croix', 'Via Crucis, S. 504a: Station V: Simon le Cyrénéen aide Jésus à porter sa croix', 'Via Crucis, S. 53: Station XI: Jesus wird ans Kreuz geschlagen', 'Via Crucis, S. 504a: Station VIII: Les Femmes de Jérusalem', 'Drei Stücke aus der Legende der heiligen Elisabeth, S. 498a: Nr. 2. Marsch der Kreuzritter', 'Via Crucis, S. 53: Station XIV: Jesus wird ins grab gelegt', 'Halloh!, Jagdchor und Steyrer aus der Oper Tony, S. 404', 'Albumblatt in Walzerform, S. 166', 'Sospiri!, S. 192 no. 5. Andante', 'Via Crucis, S. 504a: Station VI: Sancta Veronica', ""Deux Polonaises de l'oratorio St. Stanislas, S. 519: Polonaise I"", 'Von der Wiege bis zum Grabe, S. 107: III. Die Wiege des zukunftigen Lebens', 'Via Crucis, S. 53: Station V: Simon von Kyrene hilft Jesus das Kreuz zu tragen', 'Mariotte – Valse de Marie, S. 212b', 'Puszta-Wehmut, S. 246', 'Via Crucis, S. 53: Station VIII: Die Frauen von Jerusalem', 'Via Crucis, S. 504a: Station IX: Jésus tombe une troisième fois', 'In domum Domini ibimus, S. 505', 'Valse de bravoure, S. 214 no. 1', 'O Roma nobilis, S. 546a', 'Choräle, S. 506a: No. 3. Meine Seele erhebt den Herrn (Der Kirchensegen, Psalm 67)', 'Klavierstück in F-sharp major, S. 192 no. 4. Andantino', 'Grosses Konzertsolo, S. 176', 'La notte, S. 516a', 'Via Crucis, S. 53: Station IX: Jesus fällt zum dritten Mal', 'Via Crucis, S. 504a: Station XIV: Jésus est mis dans le sepulcre', 'Via Crucis, S. 53: Station VI: Sancta Veronica', ""L'Idée fixe, S. 470a no. 1"", 'Via Crucis, S. 53: Station IV: Jesus begegnet seiner Heiligen Mutter', 'Via Crucis, S. 53: Station XII: Jesus stirbt am Kreuze', 'Resignazione, S. 187a', 'Mephisto Waltz no. 2, S. 111', 'Der blinde Sänger, S. 546', 'Choräle, S. 506a: No. 2. Jesu Christe: Die fünf Wunden', 'Via Crucis, S. 504a: Station XIII: Jésus est déposé de la croix', 'Valse mélancolique, S. 214 no. 2', 'Illustrations de l\'opéra L\'Africaine, S. 415: No. 1. Prière des matelots \\""Ô grand Saint Dominique\\""', 'Choräle, S. 506a: No. 5. Nun ruhen all Wälder', 'Via Crucis, S. 53: Station XIII: Jesus wird vom Kreuz genommen', 'Réminiscences de Norma, S. 394', 'Via Crucis, S. 504a: Station XII: Jésus meurt sur la croix', 'Aus der Ungarischen Krönungsmesse, S. 501: I. Benedictus', 'Mephisto Waltz no. 4, S. 696', 'Klavierstück in A-flat major, S. 189', 'Mosonyis Grabgeleit, S. 194', ""L'Idée fixe, S. 395"", 'Schlaflos!, S. 203', 'Choräle, S. 506a: No. 8. O Traurigkeit', 'Via Crucis, S. 504a: Station II: Jésus est chargé de sa croix', 'Via Crucis, S. 53: Station II: Jesus trägt sein Kreuz', 'Sancta Dorothea, S. 187', 'Magyar király-dal, S. 544', 'Tscherkessenmarsch aus Russlan und Ludmilla, S. 406/2', 'Urbi et orbi, S. 184', ""L'Hymne du Pape, S. 530"", 'Via Crucis, S. 504a: Station I: Jésus est condamné à mort', 'Klavierstück in F-sharp major, S. 193', 'Toccata, S. 197a', 'Festklänge, S. 101', 'Via Crucis, S. 53: Station X: Jesus wird entkleidet', 'Choräle, S. 506a: No. 1. Crux ave benedicta', 'Ländler in A-flat major, S. 211', 'Héroïde funèbre', ""Fantasie sur l'ópera hongroise Szép Ilonka, S. 417"", 'Étude en douze exercices, S. 136: V. Moderato', 'Festvorspiel, S. 226', ""Album d'un voyageur, S. 156: II. Fleurs mélodiques des Alpes: 7a. Allegro"", 'Huit variations, op. 1, S. 148', 'Apparitions, S. 155: No. 1. Senza lentezza quasi allegretto', 'Ungarische Nationalmelodien, S. 243: No. 2. Animato', 'Vom Fels zum Meer!, S. 229', 'Huldigungsmarsch, S. 228ii', 'Fantasie und Fuge über den Choral Ad nos, ad salutarem undam, S. 624: III. Fugue', 'Mazurka brilliante, S. 221', ""Album d'un voyageur, S. 156: II. Fleurs mélodiques des Alpes: 9a. Allegretto"", ""Album d'un voyageur, S. 156: II. Fleurs mélodiques des Alpes: 8a. Andante con sentimento"", ""Il m'aimait tant, S. 533"", 'Konzertparaphrase über Mendelssohns Hochzeitsmarsch und Elfenreigen aus der Musik zu Shakespeares Sommernachtstraum, S. 410', 'Hussitenlied, S. 234', 'Aus der Musik von Eduard Lassen zu Hebbels Nibelungen und Goethes Faust, S. 496: II. Faust: 2. Hoffest: Marsch und Polonaise', 'Walzer in A major, S. 208a', 'Étude en douze exercices, S. 136: II. Allegro con molto', ""Album d'un voyageur, S. 156: I. Impressions et poésies: 6. Psaume"", 'San Francesco, S. 498d', 'Oh! quand je dors, S. 536', 'Galop (in A minor), S. 218', 'Marche héroïque, S. 510', 'Festpolonaise, S. 230a', ""Album d'un voyageur, S. 156: I. Impressions et poésies: 4. Vallée d'Obermann"", 'Apparitions, S. 155: No. 3. Fantaisie sur une valse de François Schubert', ""Album d'un voyageur, S. 156: II. Fleurs mélodiques des Alpes: 9c. Andantino con molto sentimento"", 'Illustrations du Prophète, S. 414: No. 3: Pastorale - Appel aux armes', ""Album d'un voyageur, S. 156: II. Fleurs mélodiques des Alpes: 7c. Allegro pastorale"", 'Fantasie und Fuge über den Choral Ad nos, ad salutarem undam, S. 624: I. Fantasy', 'Feuille d’album no. 1 in E major, S. 164', ""Album d'un voyageur, S. 156: I. Impressions et poésies: 1. Lyon"", 'Gebet, S. 265', 'Klavierstück aus der Bonn Beethoven-Kantate, S. 507', 'Apparitions, S. 155: No. 2. Vivamente', 'Adelaïde von Beethoven, S. 466: Cadenza ad libitum', 'Étude en douze exercices, S. 136: VII. Allegretto con molta espressione', ""Album d'un voyageur, S. 156: II. Fleurs mélodiques des Alpes: 8b. Andante molto espressivo"", 'Canzone napolitana, S. 248', 'Pastorale, S. 508', 'Scherzo und Marsch, S. 177', ""Album d'un voyageur, S. 156: III. Paraphrases: 10. Ranz de vaches [de F. Huber] - Aufzug auf die Alp - Improvisata"", 'Scherzo in G minor, S. 153', 'Étude en douze exercices, S. 136: VI. Molto agitato', 'La Tombe et la rose, S. 539', 'Romance, S. 169', 'Étude en douze exercices, S. 136: III. Allegro sempre legato', 'Aus der Musik von Eduard Lassen zu Hebbels Nibelungen und Goethes Faust, S. 496: II. Faust: 1. Osterhymne', 'Grande Fantaisie sur des motifs de Soirées musicales, S. 422/2', 'Sept variations brillantes sur un thème de Rossini, op. 2, S. 149', 'Étude en douze exercices, S. 136: X. Moderato', 'Venezia e Napoli, S. 159: No. 2. Allegro', 'Ungarischer Geschwindmarsch, S. 233', ""Album d'un voyageur, S. 156: III. Paraphrases: 11. Un soir dans les montagnes [de Knop] - Nocturne pastorale"", 'Étude en douze exercices, S. 136: XII. Allegro non troppo', 'Étude en douze exercices, S. 136: I. Allegro con fuoco', 'Bülow-Marsch, S. 230', 'Leyer und Schwert, S. 452: I. [Introduction]', 'Siegesmarsch, S. 233a', 'Zweite Festmarsch nach Motiven von E H z S-C-G, S. 522', 'Fantasie und Fuge über den Choral Ad nos, ad salutarem undam, S. 624: II. Adagio', 'Feierlicher Marsch zum heiligen Gral aus Parsifal, S. 450', 'Ungarischer Sturmmarsch, S. 524', 'Rondo di bravura, op. 4 no. 2, S. 152', ""Album d'un voyageur, S. 156: III. Paraphrases: 12. Ranz de chevres [de F. Huber] - Allegro finale"", 'Étude en douze exercices, S. 136: XI. Allegro grazioso', 'Canzone napolitana, S. 248a', 'Aus der Musik von Eduard Lassen zu Hebbels Nibelungen und Goethes Faust, S. 496: I. Nibelungen: 1. Hagen und Kriemhild', ""Album d'un voyageur, S. 156: II. Fleurs mélodiques des Alpes: 9b. Allegretto"", 'Ungarischer Marsch zur Krönungsfeier in Ofen-Pest am 8. Juni 1867, S. 523', 'Aus der Musik von Eduard Lassen zu Hebbels Nibelungen und Goethes Faust, S. 496: I. Nibelungen: 2. Bechlarn', 'Venezia e Napoli, S. 159: No. 3. Andante placido', 'Venezia e Napoli, S. 159: No. 4. Tarantelles napolitaines', 'Faribolo pastour, S. 236 no. 1', 'Gastibelza, S. 540', 'Künstlerfestzug zur Schillerfeier 1859, S. 520/2', 'Illustrations du Prophète, S. 414: No. 1. Prière - Hymne triomphal - Marche du sacre', 'Rákóczi-Marsch, S. 244a', 'Marche hongroise, S. 233b', 'Étude en douze exercices, S. 136: IV. Allegro grazioso', 'Angiolin, S. 531 no. 6', 'Ora pro nobis, S. 262', 'Ungarische Nationalmelodien, S. 243: No. 3. Prélude. Allegretto', 'Es war ein König in Thule, S. 531 no. 4', 'Schlummerlied mit Arabesken, S. 454', 'Étude en douze exercices, S. 136: IX. Allegro grazioso', 'Étude en douze exercices, S. 136: VIII. Allegro con spirito', ""Feuille d'album no. 2, S. 167"", 'Festmarsch zur Goethe-Jubiläumfeier, S. 521', 'Leyer und Schwert, S. 452: II. Schwertlied', 'Der du vom Himmel bist, S. 531 no. 5', 'Chanson du Béarn, S. 236 no. 2', 'Venezia e Napoli, S. 159: No. 1. Lento', 'Impromptu brillant sur des thèmes de Rossini et Spontini, op. 3, S. 150', ""Album d'un voyageur, S. 156: II. Fleurs mélodiques des Alpes: 7b. Lento"", 'Allegro di bravura, op. 4 no. 1, S. 151', 'Ungarische Nationalmelodien, S. 243: No. 1. Tempo giusto', 'Variation über einen Walzer von Diabelli, S. 147', 'Capriccio alla turca sur des motifs de Beethoven, S. 388', 'Petite Valse favorite, S. 212a', 'Heroischer Marsch im ungarischem Stil, S. 231', 'Einsam bin ich, nicht allein, S. 453', 'Galop de bal, S. 220', ""Den Cypressen der Villa d'Este, S. 162b"", ""Grande fantaisie sur la tyrolienne de l'opéra La fiancée de Auber, S. 385/1"", 'Magyar dalok, S. 242: No. 8 in F minor', 'A holt költő szerelme, S. 349', 'Magyar dalok, S. 242: No. 6 in G minor', 'Marie-Poème, S. 701b', 'Elsas Brautzug zum Münster, S. 445 no. 2', ""Helge's Treue, S. 686"", 'Paraphrase de concert sur Ernani I, S. 431a', 'Valse à capriccio sur deux motifs de Lucia et Parisina de Donizetti, S. 401', 'Schlummerlied, S. 186/7a', 'Valse mélancolique, S. 210', 'Valse, S. 210b', 'Glasgow fragment, S. 701f', 'Magnificat, S. 182a', 'Album-Leaf: Moderato in D-flat major, S. 164k', 'Melodie in Dorische Tonart, S. 701d', 'Deux marches dans le genre hongrois, S. 693: No. 2 in B-flat minor', ""Mélodies hongroises d'après Franz Schubert, S. 425: No. 1. Andante"", ""Marche des Tcherkesses de l'opéra Rouslan et Loudmila de Glinka, S. 406/1"", 'Morceau en fa majeur, S. 695', 'Rákóczi-Marsch, S. 244b', 'Album-Leaf: Tempo di marcia in E-flat major, S. 167o', 'Marche hongroise, S. 425/2e bis', 'Réminiscences des Puritains, S. 390/2', 'Album-Leaf in A-flat, S. 166c', ""Mélodies hongroises d'après Franz Schubert, S. 425: No. 3. Allegretto"", ""Mélodies hongroises d'après Franz Schubert, S. 425: No. 2. Marche hongroise"", 'Phantasiestück über Motive aus Rienzi, S. 439', 'Dante fragment, S. 701e', 'Il penseroso, S. 157b', 'Zigeuner-Epos, S. 695b: No. 10 in F major. Lento', 'Album-Leaf, S. 167h', 'Responsorien und Antiphonen, S. 30: IV. Sabbato sancto', 'Krakowiak, S. 166m/4', 'Magyar tempo, S. 241b', 'Aus Lohengrin, S. 446: No. 2. Elsas Traum', 'La Mandragore, S. 698', 'Album-Leaf: Vivace ma non troppo in D-flat major, S. 167g', 'Album-Leaf: Braunschweig Preludio, S. 166f', 'Zigeuner-Epos, S. 695b: No. 11 in A minor. Lento', 'Einleitung und Coda zu Rubinsteins Étude in C-Dur, S. 554a', 'Einleitung und Coda zu Raffs Walzer in Des-Dur, S. 551a', 'Historische ungarische Bildnisse, S. 205a: No. 1. Széchenyi István', 'Angelus!, S. 162a/2', 'Rosario, S. 670: No. 1. Mysteria gaudiosa', 'Album-Leaf in E major, S. 167t', 'Den Schutz-Engeln, S. 162a/1', 'Soirées de Vienne, S. 427: No. 2 in A-flat major. Poco allegro', 'Dumka, S. 249b', 'Schuberts ungarische Melodien, S. 425a: No. 3. Allegretto', 'Introduction des Variations sur une marche du Siège de Corinthe, S. 421a', 'Album-Leaf: Magyar, S. 164e', 'Concerto sans orchestre, S. 524a', 'Anfang einer Jugendsonate, S. 692b', 'Album-Leaf in D major, S. 164h', 'Trois Chansons, S. 510a: No. 2. Avant la bataille', 'Weihnachtsbaum, S. 185a: X. [Ehemals]', 'Valse mélancolique, S. 210a', 'Sunt lacrymae rerum – in ungarischen Weise, S. 162d', 'Polnisch, S. 701g', 'Historische ungarische Bildnisse, S. 205a: No. 5. Vörösmarty Mihály', 'Weihnachtsbaum, S. 185a: IX. [Abendglocken]', 'Album-Leaf: Quasi mazurek in C major, S. 163e', 'Klavierstück in D-flat major, S. 189b', 'Litanies de Marie, S. 171e', 'Album-Leaf: Adagio – religioso in C major, S. 164l', 'Hyrć, S. 166m/2', 'Trois morceaux suisses, S. 156a: No. 3. Ranz de chèvres', 'Grande valse di bravura, S. 209', 'Einzug der Gäste auf der Wartburg, S. 445 no. 1/c', 'Seconde marche hongroise, S. 232', 'Geharnischte Lieder, S. 511: No. 2. Nicht gezagt!', 'Album-Leaf in E major (Detmold), S. 164d', 'St. Stanislaus fragment, S. 688a', 'Magyar dalok, S. 242: No. 7 in E-flat major', 'Album-Leaf: Andantino in E-flat, S. 163a', 'Album-Leaf: Andante in E-flat major, S. 167r', 'Album-Leaf in A-flat (Portugal), S. 166b', 'Soirées de Vienne, S. 427: No. 5 in G-flat major. Moderato cantabile con affetto', 'Schuberts ungarische Melodien, S. 425a: No. 1. Andante', 'Album-Leaf, S. 167e', 'Geharnischte Lieder, S. 511: No. 3. Es rufet Gott uns mahnend', 'Schuberts ungarische Melodien, S. 425a: No. 2. Marcia (Marche hongroise)', 'Weihnachtsbaum, S. 185a: I. Psallite - Altes Weihnachtslied', 'Album-Leaf: Andante religiosamente in G major, S. 166j', 'Ländler, S. 211a', 'Grand solo de concert, S. 175a', 'Réminiscences des Huguenots, S. 412/1', 'Trois Chansons, S. 510a: No. 1. La Consolation', 'Fantasie über englische Themen, S. 694', 'Ballade no. 2, S. 170a', 'Grande Fantaisie sur des thèmes de Paganini, S. 700/1', 'Festmarsch zu Säkularfeier von Goethes Geburtstag, S. 227', 'Soirées de Vienne, S. 427: No. 9 in A-flat major. Preludio a capriccio', 'Marche hongroise, S425/2b', 'Valse-caprice no. 6, S.427/6b', 'Weihnachtsbaum, S. 185a: VIII. [Alt-provenzalische Noël]', 'Drei Märsche von Franz Schubert, S. 426: No. 2. Grande Marche', 'Chanson bohémienne, S. 250 no. 2', 'Variations de bravoure sur des thèmes de Paganini, S. 700/2', 'Schlummerlied im Grabe, S. 195a', 'Ungarische National-Melodie, S. 242/13 bis', 'Entwurf der Ramann-Elegie, S. 196a', 'Magyar dalok, S. 242: No. 5 in D-flat major', ""Trois Chansons, S. 510a: No. 3. L'Espérance"", 'Paralipomènes à la Divina Commedia, S. 158a', 'Magyar dalok, S. 242: No. 2 in C major', 'Mazurek, S. 166m/3', 'Zigeuner-Epos, S. 695b: No. 2 in C major. Andantino', 'Responsorien und Antiphonen, S. 30: V. In officio defunctorum', 'Ouvertüre zu Tannhäuser, S. 442', 'Album-Leaf in A major, S. 166s', ""Angelus! Prière à l'ange gardien, S. 162a/4"", 'Operatic aria, S. 701h/1', 'Prolégomènes à la Divina Commedia, S. 158b', 'Weihnachtsbaum, S. 185a: XII. Polnisch', 'Ungarische National-Melodien (Im leichten Style bearbeitet), S. 243bis: No. 2 in C major', 'Adagio non troppo, S. 151a', 'Historische ungarische Bildnisse, S. 205a: No. 6. Petöfi Sándor', 'Prozinsky Fragment for piano, S. 701v', 'Romancero espagnol, S. 695c: No. 2. Elaboration of an unidentified theme', 'Postludium, S. 162f', 'Album-Leaf: Andantino in A-flat major, S. 166p', 'Aus Lohengrin, S. 446: No. 1. Festspiel und Brautlied', 'Paraphrase de concert sur Ernani II, S. 432', 'Responsorien und Antiphonen, S. 30: I. In nativitate Domini', 'Valse de concert, S. 430', 'Historische ungarische Bildnisse, S. 205a: No. 3. Teleki László', 'Romancero espagnol, S. 695c: No. 1. Introduction and Fandango with variations', 'Magyar dalok, S. 242: No. 3 in D-flat major', 'Zigeuner-Epos, S. 695b: No. 4 in C-sharp major. Animato', 'Lenore, S. 346', 'Rondeau fantastique sur un thème espagnol \\""La Contrabandista\\"", S.252', 'Soirées de Vienne, S. 427: No. 3 in E major. Allegro vivace', 'Réminiscences des Huguenots, S. 412/2', 'Album-Leaf in E-flat major, S. 167k', 'Album-Leaf: Andantino in E major, S. 163d/ii', 'Слѣпой, S. 350', 'Deux marches dans le genre hongrois, S. 693: No. 1 in D minor', 'Responsorien und Antiphonen, S. 30: II. Feria V in coena Domini', 'Es rauschen die Winde, S. 294/1', 'Paraphrases pour piano sur le thème favori et obligé: 1a. Prélude à la Polka de Borodine, S. 207a', 'Album-Leaf: Lyon Prélude, S. 166d', 'Album-Leaf, S. 167c', 'Korrekturblatt, S. 701k', 'Album-Leaf in G minor, S. 166l/2', 'Album-Leaf: Magyar II in B-flat minor, S. 164e/2', 'La romanesca, S. 252a/2', 'Zwei Stücke aus der heiligen Elisabeth, S. 693a: No. 1. Das Rosenmirakel', 'Album-Leaf: Preludio, S. 164j', 'Marche funèbre, S. 226a', 'Ungarische National-Melodien (Im leichten Style bearbeitet), S. 243bis: No. 3 in B-flat major', 'Album-Leaf: Allegretto in A major, S. 167n', 'Album-Leaf: Langsam in C-sharp minor, S. 166o', 'Réminiscences des Puritains, S. 390/1', 'Consolation in E major, S. 171a no. 6: Allegretto', 'Kaiser Wilhelm!, S. 197b', 'Variations on \\""Tiszántuli szép léany\\"", S. 384a', 'Technische Studien, S. 146: No. 62. Sprünge mit der Tremolo-Begleitung', ""Harmonie nach Rossini's Carità, S. 701j"", 'Album-Leaf: Purgatorio. Andante in B minor, S. 166r/1', 'Einzug der Gäste auf der Wartburg, S. 445 no. 1', 'Weihnachtsbaum, S. 185a: VI. Réveille-Matin (Wecker)', 'Einleitung und Schlußtakte zu Tausigs 3. Valse-Caprice, S. 571a', 'Magyar dalok, S. 242: No. 9 in A minor', 'Magyar dalok, S. 242: No. 11 in B-flat major', 'Geharnischte Lieder, S. 511: No. 1. Vor der Schlacht', 'Cadenza, S. 695f', 'Responsorien und Antiphonen, S. 30: III. Feria VI in Parasceve', 'Trois morceaux suisses, S. 156a: No. 2. Un soir dans la montagne', 'Réminiscences de La Scala, S. 458', 'Célèbre mélodie hongroise, S. 243a', 'Zigeuner-Epos, S. 695b: No. 5 in D flat major. Tempo giusto', 'Weihnachtsbaum, S. 185a: VII. Schlummerlied', 'Pásztor Lakodalmas, S. 405a', 'Drei Märsche von Franz Schubert, S. 426: No. 3. Grande Marche caracteristique', 'Album-Leaf in A-flat major, S. 166l', ""Fantaisie sur des motifs favoris de l'opéra Somnambula de Bellini, S. 393/1"", 'Trois morceaux suisses, S. 156a: No. 1. Ranz de vaches', 'Historische ungarische Bildnisse, S. 205a: No. 4. Eötvös József', 'Album-Leaf in A minor (Rákóczi-Marsch), S. 164f', 'Ungarische National-Melodien (Im leichten Style bearbeitet), S. 243bis: No. 1 in D major', 'Am stillen Herd, S. 448', 'Petite Valse, S. 695d', 'La romanesca, S. 252a/1', 'Weihnachtsbaum, S. 185a: V. Scherzoso', 'Soirées de Vienne, S. 427: No. 4 in D-flat major. Andantino a capriccio', 'Album-Leaf: Serenade, S. 166g', 'Allegro maestoso, S. 692c', 'Zigeuner-Epos, S. 695b: No. 8 in D major. Adagio sostenuto a capriccio', 'Valse de concert sur deux motifs de Lucia et Parisina de Donizetti, S. 214 no. 3', 'Grosse Konzertfantasie über spanische Weisen, S. 253', 'Tyrolean Melody, S. 385a', 'Der nächtliche Zug, S. 513a', 'Sunt lacrymae rerum, S. 162c', 'Album-Leaf: Magyar in D-flat major, S. 164e/3', 'Album-Leaf: Berlin Preludio, S. 164g', 'Souvenir de la fiancée, S. 385/3', 'Album-Leaf: Exeter Preludio, S. 164c', 'Consolation in C-sharp minor, S. 171a no. 3', ""Prière d'un enfant à son réveil, S. 171c"", 'Aux anges gardiens, S. 162a/1 bis', 'Magyar dalok, S. 242: No. 10 in D major', 'Zigeuner-Epos, S. 695b: No. 7 in A minor \\""Rákóczi-Marsch\\"". Tempo di marcia', 'Album-Leaf (Première Consolation), S. 171b', 'Nocturne, S. 191/1', 'Album-Leaf in E major (Leipzig), S. 163d', 'Grande paraphrase de la Marche de Donizetti pour le Sultan Abdul-Medjid Khan, S. 403 bis', 'Andante sensibilissimo, S. 701c', 'Zigeuner-Epos, S. 695b: No. 6 in G minor. Lento', 'Album-Leaf in C major, S. 167s \\""Lyon\\""', 'Ungarischer Marsch in B-flat major, S. 229a', 'Grande paraphrase de la Marche de Donizetti pour le Sultan Abdul-Medjid Khan, S. 403', 'Rákóczi-Marsch, S. 692d', 'Wilde Jagd: Scherzo, S. 176a', ""Angelus! Prière à l'ange gardien, S. 162a/3"", 'Feuille morte, S. 428', 'Album-Leaf: Prélude omnitonique, S. 166e', 'Präludium und Fuge über das Motiv B.A.C.H., S. 529/1', 'Magyar rapszódia, S. 244/16/1', 'Excelsior!, S. 500', 'Soirées de Vienne, S. 427: No. 1 in A-flat major. Allegretto malinconico', 'Grosse Concert-Fantasie aus der Oper Sonnambula, S. 393/3', 'Album-Leaf in G major, S. 166q', 'Grand solo de concert, S. 365', 'Album-Leaf: Agitato in G major, S. 167l', 'Album-Leaf, S. 167d', 'Mélodie polonaise, S. 249a', ""Grande fantaisie sur des thèmes de l'opéra Niobe, S. 419"", 'Fanfare zur Enthüllung des Carl-Augusts Monument, S. 542b', 'Weihnachtsbaum, S. 185a: XI. Ungarisch', 'Album-Leaf: Introduction to the Grande Étude de Paganini no. 6, S. 141/6bis', 'Grande Fantaisie di bravura sur La Clochette de Paganini, S. 420', 'Magyar dalok, S. 242: No. 4 in C-sharp major', 'Album-Leaf: Andantino in E-flat major, S. 163a/2', 'Historische ungarische Bildnisse, S. 205a: No. 2. Deák Ferenc', 'Lilie, S. 166m/1', 'Seconda mazurka di Tirindelli, S. 573a', 'Rosario, S. 670: No. 2. Mysteria dolorosa', 'Historische ungarische Bildnisse, S. 205a: No. 7. Mosonyi Mihály', 'Pensées \\""Nocturne,\\"" S. 168b', 'Album-Leaf (Ah, vous dirai-je, maman), S. 163b', 'Einleitung und Coda zu Smetanas Polka, S. 570a', 'Valse-caprice no. 6, S.427/6a', 'Rosario, S. 670: No. 3. Mysteria gloriosa', 'Concerto for Piano No. 1 in E flat major, S 124: III. Allegretto vivace', 'Orpheus, S. 98', ""Cantico del Sol di San Francesco d'Assisi, S. 499"", 'Réminiscences de Lucia di Lammermoor, S. 397', 'Hexaméron, S. 392: V. Variation III di bravura - Ritornello', 'Gaudeamus igitur, S. 509', 'Marche militaire, S. 426a', 'Harmonies poétiques et religieuses, S. 173: No. 4. Pensée des morts', 'Hungarian Rhapsody no. 13 in A minor, S. 244 no. 13', 'Années de pèlerinage : Deuxième année : Italie, S. 161', 'Oh! quand je dors, S. 282/1', 'Via Crucis, S. 504a: Station III: Jésus tombe pour la première fois', 'Leyer und Schwert, S. 452: IV. Lutzows wilde Jagd', 'Weihnachtsbaum, S. 185a: III. Die Hirten an der Krippe (In dulci jubilo)', ""Album d'un voyageur, S. 156: I. Impressions et poésies: 5. La chapelle de Guillaume Tell"", 'Historical Hungarian Portraits, S. 205: No. 4. Teleki Laszlo', ""Prière et Berceuse de La muette de Portici d'Auber, S. 387: Berceuse"", ""Cadenza to the first movement of Beethoven's Piano Concerto no. 3, S. 389a"", 'Choräle, S. 506a: No. 7. O Lamm Gottes', 'Die Zelle in Nonnenwerth, S. 534/2', 'Concerto for Piano and Orchestra no. 1 in E-flat major, S. 124: I. Allegro maestoso', 'Ab irato, grande étude de perfectionnement, S. 143', 'Fantasie über Motive aus Beethovens Ruinen von Athen, S. 389', 'Magyar rapszódiák, S. 242: No. 16 in E major', 'Grandes études de Paganini, S. 141: No. 4. Arpeggio in E major', 'Klavierkonzert No. 1 Es-dur: III. Allegro marciale animato', 'Les Cloches de Genève : Nocturne, S. 160 no. 9', 'Rákóczi-Marsch, S. 244c', 'A magyarok Istene, S. 543', ""Tre sonetti di Petrarca, S. 270: III. I' vidi in terra angelici costumi"", 'Tarantelle di bravura d’après la tarantelle de La muette de Portici, S. 386/1', 'Mazeppa, S. 138', 'Réminiscences de \\""La Juive\\"", S. 409a', 'Choräle, S. 506a: No. 9. Vexilla regis', 'Harmonies poétiques et religieuses, S. 172a: No. 5. Miserere', 'Études d\'exécution transcendante d\'après Paganini, S. 140: No. 3 in A-flat minor \\""La Campanella\\""', ""Album d'un voyageur, S. 156: I. Impressions et poésies: 2a. Le Lac de Wallenstadt"", 'Hexaméron, S. 392: VIII. Variation VI. Largo - Coda', 'Historical Hungarian Portraits, S. 205: No. 3. Vörösmarty Mihaly', 'Cadenza for \\""Un sospiro\\"", S. 144/3', 'Via Crucis, S. 53: Einleitung. Vexilla regis']",Tiered-Forest,"Années de pèlerinage, Hungarian Rhapsodies, Transcendental Études, Faust Symphony, Dante Symphony, Piano Sonata in B minor, Mephisto Waltzes, Liebesträume",True
WebQTest-2003,webqsp,test,what movies have robert pattinson in them?,"The Twilight Saga, Remember Me, Water for Elephants, The Batman","['Life', 'The Childhood of a Leader', 'Harry Potter and the Goblet of Fire', 'Harry Potter and the Order of the Phoenix', 'Twilight', 'How to Be', 'Little Ashes', 'Vanity Fair', 'The Twilight Saga: New Moon', 'Unbound Captives', 'Remember Me', 'Eclipse', 'The Twilight Saga: Breaking Dawn - Part 1', 'Bel Ami', 'Dark Kingdom: The Dragon King', 'Water for Elephants', ""The Bad Mother's Handbook"", 'The Twilight Saga: Breaking Dawn - Part 2', 'Maps to the Stars', 'Love & Distrust', 'Cosmopolis', 'The Summer House', 'The Haunted Airman', 'Mission: Blacklist', 'Queen of the Desert', 'The Rover', 'Hold on to Me']",Tiered-Forest,"The Twilight Saga, Remember Me, Water for Elephants, The Batman",True
WebQTest-439,webqsp,test,where is the time zone line in south dakota?,"Mountain Time Zone, Central Time Zone","['Central Time Zone', 'Mountain Time Zone']",Tiered-Forest,"Mountain Time Zone, Central Time Zone",True
WebQTest-453,webqsp,test,what languages do they speak in costa rica?,Spanish,"['Bribri Language', 'Jamaican Creole English Language', 'Limonese Creole', 'Spanish Language']",Tiered-Forest,Spanish,True
WebQTest-1677,webqsp,test,where was terry waite born?,Stalybridge,['Bollington'],Tiered-Forest,Stalybridge,False
WebQTest-1824,webqsp,test,what type of currency do they use in spain?,Euro,['Euro'],Tiered-Forest,Euro,True
WebQTest-1155,webqsp,test,what are the seven nations of central america?,"Belize, Costa Rica, El Salvador, Guatemala, Honduras, Nicaragua, Panama","['Belize', 'Costa Rica', 'El Salvador', 'Guatemala', 'Honduras', 'Panama', 'Gran Colombia']",Tiered-Forest,"Belize, Costa Rica, El Salvador, Guatemala, Honduras, Nicaragua, Panama",True
WebQTest-798,webqsp,test,what states share a border with tennessee?,"Alabama, Arkansas, Georgia, Kentucky, Mississippi, Missouri, North Carolina, Virginia","['Kentucky', 'Mississippi', 'Missouri', 'North Carolina', 'Virginia', 'Georgia', 'Alabama', 'Arkansas']",Tiered-Forest,"Alabama, Arkansas, Georgia, Kentucky, Mississippi, Missouri, North Carolina, Virginia",True
WebQTest-1659,webqsp,test,what is the zip code for walnut creek?,"94595, 94596, 94597, 94598","['94596', '94598', '94597', '94595']",Tiered-Forest,"94595, 94596, 94597, 94598",True
WebQTest-1611,webqsp,test,what is armenian currency?,Armenian dram,['Armenian dram'],Tiered-Forest,Armenian dram,True
WebQTest-1221,webqsp,test,what college did joakim noah?,University of Florida,['University of Florida'],Tiered-Forest,University of Florida,True
WebQTest-408,webqsp,test,who was the first president of the afl?,Samuel Gompers,"['Lamar Hunt', 'Bud Adams']",Tiered-Forest,Samuel Gompers,False
WebQTest-165,webqsp,test,who plays donna noble?,Catherine Tate,['Catherine Tate'],Tiered-Forest,Catherine Tate,True
WebQTest-983,webqsp,test,where did tennessee williams go to college?,"University of Iowa, University of Missouri","['University of Missouri', 'University of Iowa', 'The New School', 'Washington University in St. Louis']",Tiered-Forest,"University of Iowa, University of Missouri",True
WebQTest-1914,webqsp,test,what year was allen iverson mvp?,2001,['2000–01 NBA season'],Tiered-Forest,2001,False
WebQTest-783,webqsp,test,what county is houston tx in?,Harris County,['Montgomery County'],Tiered-Forest,Harris County,False
WebQTest-984,webqsp,test,what is the name of airport in new york?,"John F. Kennedy International Airport, LaGuardia Airport, Newark Liberty International Airport",['John F. Kennedy International Airport'],Tiered-Forest,"John F. Kennedy International Airport, LaGuardia Airport, Newark Liberty International Airport",True
WebQTest-646,webqsp,test,where did mary bell live?,Newcastle upon Tyne,['Newcastle upon Tyne'],Tiered-Forest,Newcastle upon Tyne,True
WebQTest-1458,webqsp,test,who owns chrysler corporation 2011?,Fiat S.p.A.,"['Fiat Chrysler Automobiles', 'Federal government of the United States', 'Government of Canada', 'Voluntary Employee Beneficiary Association', 'Fiat S.p.A.']",Tiered-Forest,Fiat S.p.A.,True
WebQTest-1074,webqsp,test,who is lamar odom playing for this year?,New York Knicks,"['Saski Baskonia', 'New York Knicks', 'Dallas Mavericks', 'Los Angeles Clippers', 'Los Angeles Lakers']",Tiered-Forest,New York Knicks,True
WebQTest-1694,webqsp,test,what was shakespeare's wife called?,Anne Hathaway,['Anne Hathaway'],Tiered-Forest,Anne Hathaway,True
WebQTest-367,webqsp,test,what makes elvis presley famous?,"rock and roll, music, acting","['Actor', 'Soldier', 'Musician', 'Singer']",Tiered-Forest,"rock and roll, music, acting",False
WebQTest-1996,webqsp,test,who played maggie in himym?,Cindy Lau,['Nancy Cartwright'],Tiered-Forest,Cindy Lau,False
WebQTest-1494,webqsp,test,who is kevin jonas married to?,Danielle Deleasa,['Danielle Deleasa'],Tiered-Forest,Danielle Deleasa,True
WebQTest-456,webqsp,test,what part did winona ryder play in star trek?,Amanda Grayson,['Amanda Grayson'],Tiered-Forest,Amanda Grayson,True
WebQTest-1969,webqsp,test,what team is kris humphries play for?,New Jersey Nets,['Washington Wizards'],Tiered-Forest,New Jersey Nets,False
WebQTest-506,webqsp,test,what the time zone in england?,"Greenwich Mean Time, British Summer Time",['Greenwich Mean Time Zone'],Tiered-Forest,"Greenwich Mean Time, British Summer Time",False
WebQTest-222,webqsp,test,where is the seychelles on world map?,Indian Ocean,"['Africa', 'Southern Sun Hotel Group']",Tiered-Forest,Indian Ocean,False
WebQTest-1777,webqsp,test,what is rihanna mum called?,Monica Braithwaite,['Monica Braithwaite'],Tiered-Forest,Monica Braithwaite,True
WebQTest-1319,webqsp,test,who has pudge rodriguez played for?,"Texas Rangers, Detroit Tigers, New York Yankees, Houston Astros","['Miami Marlins', 'Detroit Tigers', 'Texas Rangers']",Tiered-Forest,"Texas Rangers, Detroit Tigers, New York Yankees, Houston Astros",True
WebQTest-588,webqsp,test,what wars did robert e lee served in?,"Mexican–American War, American Civil War","['Battle of Malvern Hill', 'Battle of Gettysburg', 'Battle of Fort Stedman', 'Battle of Darbytown and New Market Roads', 'Battle of South Mountain', 'Seven Days Battles', ""Battle of Franklin's Crossing"", 'Second Battle of Rappahannock Station', 'Battle of Frederick', ""John Brown's raid on Harpers Ferry"", 'Battle of Oak Grove', 'Battle of Beaver Dam Creek', ""Battle of Gaines's Mill"", 'Battle of Glendale', 'Battle of Cheat Mountain', 'Battle of Williamsport', 'Overland Campaign', ""Battle of Chaffin's Farm"", 'Battle of Appomattox Court House', 'Gettysburg Campaign', 'Second Battle of Petersburg', 'Third Battle of Petersburg', 'Battle of White Oak Road', 'Battle of Mine Run', 'Battle of Totopotomoy Creek', 'Northern Virginia Campaign', 'Maryland Campaign', ""Stoneman's 1863 Raid"", 'Siege of Fort Pulaski', 'Battle of Cumberland Church', 'Richmond in the American Civil War', 'Mexican–American War', 'Battle of Chancellorsville', 'Battle of Fredericksburg', 'Battle of the Wilderness', 'Battle of Spotsylvania Court House', 'Battle of Cold Harbor', 'Battle of the Crater', 'Second Battle of Bull Run', 'Second Battle of Deep Bottom', 'Western Virginia Campaign', 'Siege of Petersburg', 'American Civil War', 'Battle of Antietam']",Tiered-Forest,"Mexican–American War, American Civil War",True
WebQTest-1223,webqsp,test,who plays billy elliot?,Jamie Bell,"['Jamie Bell', 'Adam Cooper']",Tiered-Forest,Jamie Bell,True
WebQTest-1176,webqsp,test,what time zone is pennsylvania in right now?,Eastern Time Zone,"['UTC−05:00', 'Eastern Time Zone']",Tiered-Forest,Eastern Time Zone,True
WebQTest-1072,webqsp,test,who is the current governor of arizona 2010?,Jan Brewer,['Jan Brewer'],Tiered-Forest,Jan Brewer,True
WebQTest-301,webqsp,test,what were amelia earhart's achievements?,"first female aviator to fly solo across the Atlantic Ocean, first woman to fly solo nonstop coast-to-coast across the U.S., first person to fly solo from Hawaii to the U.S. mainland","['Writer', 'Pilot']",Tiered-Forest,"first female aviator to fly solo across the Atlantic Ocean, first woman to fly solo nonstop coast-to-coast across the U.S., first person to fly solo from Hawaii to the U.S. mainland",False
WebQTest-250,webqsp,test,what type of government does usa follow?,federal republic,"['Presidential system', 'Constitutional republic', 'Federal republic']",Tiered-Forest,federal republic,True
WebQTest-681,webqsp,test,who is the president of the european union 2012?,Herman Van Rompuy,['Jerzy Buzek'],Tiered-Forest,Herman Van Rompuy,False
WebQTest-1197,webqsp,test,what language do people speak in brazil?,Portuguese,"['Italian Language', 'Brazilian Portuguese', 'Portuguese Language']",Tiered-Forest,Portuguese,True
WebQTest-819,webqsp,test,where was bin laden found and killed?,"Abbottabad, Pakistan",['Abbottabad'],Tiered-Forest,"Abbottabad, Pakistan",True
WebQTest-2016,webqsp,test,where does fabio capello come from?,Italy,"[""San Canzian d'Isonzo""]",Tiered-Forest,Italy,False
WebQTest-606,webqsp,test,who were alexander graham bell's siblings?,"Melville James Bell, Edward Charles Bell","['Melville James Bell', 'Edward Charles Bell']",Tiered-Forest,"Melville James Bell, Edward Charles Bell",True
WebQTest-1556,webqsp,test,when's the last time the mets won the world series?,1986,['1986 World Series'],Tiered-Forest,1986,True
WebQTest-1639,webqsp,test,where did frank baum die?,"Hollywood, Los Angeles",['Hollywood'],Tiered-Forest,"Hollywood, Los Angeles",True
WebQTest-870,webqsp,test,where does the celtics practice?,Boston Celtics Training Facility,"['TD Garden', 'XL Center']",Tiered-Forest,Boston Celtics Training Facility,False
WebQTest-1851,webqsp,test,what countries are located near egypt?,"Israel, Sudan, Libya","['Israel', 'Libya', 'Sudan']",Tiered-Forest,"Israel, Sudan, Libya",True
WebQTest-188,webqsp,test,where did bristol palin go to school?,Arizona State University,"['Juneau-Douglas High School', 'Wasilla High School', 'West Anchorage High School']",Tiered-Forest,Arizona State University,False
WebQTest-1956,webqsp,test,which country in europe has the largest land area?,Russia,['Russia'],Tiered-Forest,Russia,True
WebQTest-313,webqsp,test,who does albert pujols play for 2012?,St. Louis Cardinals,"['Los Angeles Angels of Anaheim', 'Scottsdale Scorpions']",Tiered-Forest,St. Louis Cardinals,False
WebQTest-1590,webqsp,test,what are the most popular religions in israel?,"Judaism, Islam, Christianity",['Judaism'],Tiered-Forest,"Judaism, Islam, Christianity",True
WebQTest-794,webqsp,test,who does the voice for darth vader?,James Earl Jones,"['Dr. Smoov', 'Zac Efron', 'Abraham Benrubi', 'Matt Lanter', 'James Earl Jones']",Tiered-Forest,James Earl Jones,True
WebQTest-1490,webqsp,test,what language is spoken in argentina?,Spanish,"['Italian Language', 'Guaraní language', 'Quechuan languages', 'Spanish Language', 'Yiddish Language']",Tiered-Forest,Spanish,True
WebQTest-1216,webqsp,test,what country was stalin in charge of?,Soviet Union,['Soviet Union'],Tiered-Forest,Soviet Union,True
WebQTest-1756,webqsp,test,what languages do people speak in spain?,"Spanish, Catalan, Basque, Galician",['Spanish Language'],Tiered-Forest,"Spanish, Catalan, Basque, Galician",False
WebQTest-1503,webqsp,test,where did thomas paine die?,New York City,['New York City'],Tiered-Forest,New York City,True
WebQTest-119,webqsp,test,who plays london tipton in suite life on deck?,Brenda Song,['Brenda Song'],Tiered-Forest,Brenda Song,True
WebQTest-175,webqsp,test,where did joe flacco attend college?,University of Pittsburgh,['University of Delaware'],Tiered-Forest,University of Pittsburgh,False
WebQTest-1982,webqsp,test,what type of music did vivaldi compose?,Baroque music,"['Baroque music', 'Classical music']",Tiered-Forest,Baroque music,True
WebQTest-1457,webqsp,test,what kind of currency does mexico use?,Mexican peso,['Mexican peso'],Tiered-Forest,Mexican peso,True
WebQTest-1189,webqsp,test,what is the capital of italy today?,Rome,['Rome'],Tiered-Forest,Rome,True
WebQTest-577,webqsp,test,where did derek fisher go to college?,University of Arkansas at Little Rock,"['University of Arkansas', 'University of Arkansas at Little Rock']",Tiered-Forest,University of Arkansas at Little Rock,True
WebQTest-326,webqsp,test,what did gerald r ford die from?,arteriosclerotic cerebrovascular disease,['Cardiovascular disease'],Tiered-Forest,arteriosclerotic cerebrovascular disease,False
WebQTest-769,webqsp,test,which is the main train station in rome?,Roma Termini,['Roma Termini railway station'],Tiered-Forest,Roma Termini,True
WebQTest-1698,webqsp,test,where do burmese cats originate from?,Burma,"['Myanmar', 'Thailand']",Tiered-Forest,Burma,False
WebQTest-999,webqsp,test,when did celtics win the championship?,2008,"['2008 NBA Finals', '1969 NBA Finals', '1986 NBA Finals', '1984 NBA Finals', '1981 NBA Finals', '1976 NBA Finals', '1974 NBA Finals', '1968 NBA Finals', '1966 NBA Finals', '1965 NBA Finals', '1964 NBA Finals', '1963 NBA Finals', '1962 NBA Finals', '1961 NBA Finals', '1960 NBA Finals', '1959 NBA Finals', '1957 NBA Finals']",Tiered-Forest,2008,True
WebQTest-1964,webqsp,test,who played stanley kowalski in a streetcar named desire movie?,Marlon Brando,['Marlon Brando'],Tiered-Forest,Marlon Brando,True
WebQTest-1672,webqsp,test,what language do the maasai speak?,Maa,['Maasai Language'],Tiered-Forest,Maa,True
WebQTest-856,webqsp,test,what types of art did andy warhol do?,"silkscreen printing, painting, filmmaking","['Modern art', 'Pop art']",Tiered-Forest,"silkscreen printing, painting, filmmaking",False
WebQTest-1713,webqsp,test,what disease did abraham lincoln had?,Marfan syndrome,"['Strabismus', 'Smallpox', 'Marfan syndrome']",Tiered-Forest,Marfan syndrome,True
WebQTest-1873,webqsp,test,where is traditional chinese used?,"Taiwan, Hong Kong, Macau",['China'],Tiered-Forest,"Taiwan, Hong Kong, Macau",False
WebQTest-1421,webqsp,test,who did woody harrelson play on cheers?,Woody Boyd,['Woody Boyd'],Tiered-Forest,Woody Boyd,True
WebQTest-402,webqsp,test,what does joey jordison play in slipknot?,drums,['Drums'],Tiered-Forest,drums,True
WebQTest-1525,webqsp,test,who were we fighting in the gulf war?,Iraq,"['Saudi Arabia', 'United Kingdom', 'United States of America', 'Australia', 'Iraq', 'France', 'Argentina']",Tiered-Forest,Iraq,True
WebQTest-329,webqsp,test,what type of government was formed when italy unified?,constitutional monarchy,"['Unitary state', 'Constitutional republic', 'Parliamentary republic']",Tiered-Forest,constitutional monarchy,False
WebQTest-1240,webqsp,test,what football team is michael vick on?,Philadelphia Eagles,['New York Jets'],Tiered-Forest,Philadelphia Eagles,False
WebQTest-1462,webqsp,test,who is running for vice president with barack obama 2012?,Joe Biden,['Joe Biden'],Tiered-Forest,Joe Biden,True
WebQTest-1860,webqsp,test,what discovery did galileo make?,Jupiter's moons,"['Io', 'Callisto', 'Europa', 'Ganymede']",Tiered-Forest,Jupiter's moons,False
WebQTest-650,webqsp,test,what political party does julia gillard belong to?,Australian Labor Party,"['Queensland Labor Party', 'Australian Labor Party']",Tiered-Forest,Australian Labor Party,True
WebQTest-1161,webqsp,test,what is the clemson mascot name?,Tiger,"['Clemson University The Tiger', 'The Tiger and the Cub']",Tiered-Forest,Tiger,True
WebQTest-1732,webqsp,test,where did theodor schwann get his education?,"University of Bonn, University of Würzburg, Humboldt University of Berlin","['Humboldt University of Berlin', 'University of Würzburg', 'University of Bonn']",Tiered-Forest,"University of Bonn, University of Würzburg, Humboldt University of Berlin",True
WebQTest-676,webqsp,test,what did the akkadian empire include?,"Mesopotamia, Syria, Iran",['Akkad'],Tiered-Forest,"Mesopotamia, Syria, Iran",False
WebQTest-540,webqsp,test,what college did brett favre?,University of Southern Mississippi,['University of Southern Mississippi'],Tiered-Forest,University of Southern Mississippi,True
WebQTest-1187,webqsp,test,where are english speakers distributed?,"United States, India, Pakistan, Nigeria, Philippines, United Kingdom","['Bahamas', 'Bangladesh', 'Barbados', 'Belize', 'Bermuda', 'Botswana', 'Brunei', 'Transkei', 'Ethiopia', 'Kenya', 'State of Palestine', 'Cameroon', 'Cayman Islands', 'Cyprus', 'Cook Islands', 'Territory of Papua and New Guinea', 'Dominica', 'England', 'Timor-Leste', 'Fiji', 'Jordan', 'Japan', 'Jersey', 'Guyana', 'Guam', 'Ghana', 'Gibraltar', 'South Yemen', 'Grenada', 'Honduras', 'Hong Kong', 'India', 'Republic of Ireland', 'Indonesia', 'Israel', 'Isle of Man', 'Kiribati', 'Laos', 'Lesotho', 'Liberia', 'Malta', 'Marshall Islands', 'Montserrat', 'Namibia', 'Nauru', 'Nigeria', 'Papua New Guinea', 'Puerto Rico', 'Pakistan', 'Philippines', 'Gazankulu', 'Qatar', 'Rwanda', 'Sri Lanka', 'Saint Kitts and Nevis', 'Sierra Leone', 'Saint Lucia', 'Saint Vincent and the Grenadines', 'Samoa', 'Singapore', 'Sudan', 'Swaziland', 'Tanzania', 'Tokelau', 'Turks and Caicos Islands', 'Tuvalu', 'United Kingdom', 'Uganda', 'Vatican City', 'Vanuatu', 'Zimbabwe', 'Zambia', 'Malaysia', 'Territory of New Guinea', 'Australia', 'New Zealand', 'China', 'Canada', 'Mandatory Palestine', 'Curaçao', 'Gambia', 'South Africa', 'Wales', 'Antigua and Barbuda', 'Bonaire', 'Kingdom of Great Britain', 'United States of America']",Tiered-Forest,"United States, India, Pakistan, Nigeria, Philippines, United Kingdom",True
WebQTest-1235,webqsp,test,what was sir isaac newton's inventions?,"reflecting telescope, calculus","['Reflecting telescope', 'Pet door']",Tiered-Forest,"reflecting telescope, calculus",True
WebQTest-1871,webqsp,test,what is the stanley cup named after?,Frederick Stanley,"['Frederick Stanley, 16th Earl of Derby']",Tiered-Forest,Frederick Stanley,True
WebQTest-1994,webqsp,test,what did whoopi goldberg won a grammy for?,Whoopi Goldberg,['Grammy Award for Best Comedy Album'],Tiered-Forest,Whoopi Goldberg,False
WebQTest-514,webqsp,test,where is denmark situated?,Europe,"['Nordic countries', 'Scandinavia']",Tiered-Forest,Europe,False
WebQTest-1531,webqsp,test,where is mali located?,Africa,"['Africa', 'West Africa']",Tiered-Forest,Africa,True
WebQTest-1839,webqsp,test,what's my timezone in oklahoma?,Central Time Zone,['Central Time Zone'],Tiered-Forest,Central Time Zone,True
WebQTest-1481,webqsp,test,what city is the university of oregon state in?,Eugene,['Eugene'],Tiered-Forest,Eugene,True
WebQTest-1577,webqsp,test,who did cliff lee play for last year?,Philadelphia Phillies,['Philadelphia Phillies'],Tiered-Forest,Philadelphia Phillies,True
WebQTest-809,webqsp,test,what is the current time in bangalore india?,I cannot provide real-time information.,['India Time Zone'],Tiered-Forest,I cannot provide real-time information.,False
WebQTest-209,webqsp,test,where is laos in world map?,Southeast Asia,['Southeast Asia'],Tiered-Forest,Southeast Asia,True
WebQTest-127,webqsp,test,what type of cancer did gilda radner die of?,ovarian cancer,['Ovarian cancer'],Tiered-Forest,ovarian cancer,True
WebQTest-892,webqsp,test,what did miles davis died of?,"pneumonia, respiratory failure, stroke","['Respiratory failure', 'Stroke', 'Pneumonia']",Tiered-Forest,"pneumonia, respiratory failure, stroke",True
WebQTest-492,webqsp,test,where was st. lucy born?,Syracuse,['Syracuse'],Tiered-Forest,Syracuse,True
WebQTest-1325,webqsp,test,what language do maltese speak?,"Maltese, English","['English Language', 'Maltese Language']",Tiered-Forest,"Maltese, English",False
WebQTest-0,webqsp,test,what does jamaican people speak?,"English, Jamaican Patois","['Jamaican English', 'Jamaican Creole English Language']",Tiered-Forest,"English, Jamaican Patois",False
WebQTest-1,webqsp,test,what did james k polk do before he was president?,"U.S. Representative, Governor of Tennessee","['United States Representative', 'Governor of Tennessee', 'Speaker of the United States House of Representatives']",Tiered-Forest,"U.S. Representative, Governor of Tennessee",True
WebQTest-3,webqsp,test,who plays ken barlow in coronation street?,William Roache,['William Roache'],Tiered-Forest,William Roache,True
WebQTest-8,webqsp,test,what else did ben franklin invent?,"lightning rod, bifocals, Franklin stove","['Lightning rod', 'Bifocals', 'Glass harmonica', 'Franklin stove']",Tiered-Forest,"lightning rod, bifocals, Franklin stove",True
WebQTest-12,webqsp,test,who is governor of ohio 2011?,John Kasich,"['John Kasich', 'Return J. Meigs, Jr.', 'Ted Strickland']",Tiered-Forest,John Kasich,True
WebQTest-22,webqsp,test,what kind government does egypt have?,semi-presidential republic,"['Semi-presidential system', 'Provisional government']",Tiered-Forest,semi-presidential republic,False
WebQTest-24,webqsp,test,where did edgar allan poe died?,Baltimore,['Baltimore'],Tiered-Forest,Baltimore,True
WebQTest-31,webqsp,test,where did andy murray started playing tennis?,Dunblane,['2005'],Tiered-Forest,Dunblane,False
WebQTest-32,webqsp,test,what is the australian dollar called?,AUD,['AUD'],Tiered-Forest,AUD,True
WebQTest-35,webqsp,test,what county is frederick md in?,Frederick County,['Frederick County'],Tiered-Forest,Frederick County,True
WebQTest-36,webqsp,test,what highschool did harper lee go to?,Monroe County High School,['Monroe County High School'],Tiered-Forest,Monroe County High School,True
WebQTest-37,webqsp,test,what timezone is utah in?,Mountain Time Zone,['Mountain Time Zone'],Tiered-Forest,Mountain Time Zone,True
WebQTest-45,webqsp,test,where was rihanna born and raised?,"Saint Michael, Barbados",['Saint Michael Parish'],Tiered-Forest,"Saint Michael, Barbados",False
WebQTest-46,webqsp,test,what year did president william henry harrison take office?,1841,['1841-03-04'],Tiered-Forest,1841,True
WebQTest-47,webqsp,test,where george lopez was born?,"Los Angeles, California",['Mission Hills'],Tiered-Forest,"Los Angeles, California",False
WebQTest-48,webqsp,test,where are samsung based?,South Korea,['Suwon'],Tiered-Forest,South Korea,False
WebQTest-52,webqsp,test,what did george orwell died of?,tuberculosis,['Tuberculosis'],Tiered-Forest,tuberculosis,True
WebQTest-54,webqsp,test,what country did adolf hitler control?,Germany,['Nazi Germany'],Tiered-Forest,Germany,True
WebQTest-55,webqsp,test,who is michael buble?,Michael Bublé,"['Actor', 'Singer', 'Songwriter']",Tiered-Forest,Michael Bublé,False
WebQTest-59,webqsp,test,when did annie open?,2009,['1976-08-10'],Tiered-Forest,2009,False
WebQTest-61,webqsp,test,what are the religions practiced in indonesia?,"Islam, Protestantism, Roman Catholicism, Hinduism, Buddhism, Confucianism","['Hinduism', 'Protestantism', 'Catholicism', 'Islam']",Tiered-Forest,"Islam, Protestantism, Roman Catholicism, Hinduism, Buddhism, Confucianism",True
WebQTest-63,webqsp,test,who was vp for lincoln?,"Hannibal Hamlin, Andrew Johnson","['Hannibal Hamlin', 'Andrew Johnson']",Tiered-Forest,"Hannibal Hamlin, Andrew Johnson",True
WebQTest-64,webqsp,test,what other books did charles dickens write?,"A Christmas Carol, David Copperfield, Great Expectations, Oliver Twist, A Tale of Two Cities","['The Old Curiosity Shop', 'Oliver Twist', 'The life and adventures of Nicholas Nickleby', 'The cricket on the hearth', 'Our mutual friend', 'Our mutual friend.', 'The old curiosity shop.', 'Bleak House', 'Hard times', 'Bleak House.', 'Great expectations', 'Great expectations.', 'The mystery of Edwin Drood', 'David Copperfield', 'David Copperfield.', 'The Pickwick papers', 'Little Dorrit', 'Sketches by Boz', 'Martin Chuzzlewit', 'Dombey and Son', 'Dombey and Son.', 'A Christmas Carol', 'A Christmas Carol (Reissue)', 'A Christmas Carol (Dramascripts)', 'A Christmas Carol. (Lernmaterialien)', 'A Christmas Carol (Soundings)', 'A Christmas Carol (R)', 'A Christmas Carol (Puffin Choice)', 'A Christmas Carol (Puffin Classics)', 'A Christmas Carol (Classics Illustrated)', 'A Christmas Carol (Scholastic Classics)', 'A Christmas Carol (Apple Classics)', 'A Christmas Carol (Whole Story)', 'A Christmas Carol (Aladdin Classics)', 'A Christmas Carol (Bantam Classic)', 'A Christmas Carol (Ladybird Classics)', 'A Christmas Carol (Watermill Classic)', 'A Christmas Carol (Watermill Classics)', 'A Christmas Carol (Large Print)', 'A Christmas Carol (Radio Theatre)', 'A Christmas Carol (Great Stories)', 'A Christmas Carol (Saddleback Classics)', 'A Christmas Carol (Illustrated Classics)', 'A Christmas Carol (Audio Editions)', 'A Christmas Carol (Family Classics)', 'A Christmas Carol (Cover to Cover)', 'A Christmas Carol (Classic Fiction)', 'A Christmas Carol (Pacemaker Classic)', 'A Christmas Carol (Tor Classics)', 'A Christmas Carol (Pacemaker Classics)', ""A Christmas Carol (Children's Classics)"", 'A Christmas Carol (Acting Edition)', 'A Christmas Carol (Classic Collection)', 'A Christmas Carol (Limited Editions)', 'A Christmas Carol (Clear Print)', 'A Christmas Carol (Take Part)', 'A Christmas Carol (Cp 1135)', 'A Christmas Carol (Enriched Classics)', 'A Christmas Carol (Value Books)', 'A Christmas Carol (Penguin Student Editions)', ""A Christmas Carol (Ladybird Children's Classics)"", 'A Christmas Carol (Penguin Readers, Level 2)', 'A Christmas Carol (Usborne Young Reading)', 'A Christmas Carol (Read & Listen Books)', 'A Christmas Carol (Through the Magic Window Series)', 'A Christmas Carol (Illustrated Classics (Graphic Novels))', 'A Christmas Carol (Classic Books on Cassettes Collection)', 'A Christmas Carol (Classics for Young Adults and Adults)', 'A Christmas Carol (Green Integer, 50)', ""A Christmas Carol (Chrysalis Children's Classics Series)"", 'A Christmas Carol (Wordsworth Collection) (Wordsworth Collection)', ""A Christmas Carol (Everyman's Library Children's Classics)"", 'A Christmas Carol (Dramascripts Classic Texts)', 'A Christmas Carol (Thornes Classic Novels)', 'A Christmas Carol (Young Reading Series 2)', 'A Christmas Carol (Nelson Graded Readers)', 'A Christmas Carol (Oxford Bookworms Library)', 'A Christmas Carol (The Kennett Library)', ""A Christmas Carol (Gollancz Children's Classics)"", ""A Christmas Carol (Webster's Portuguese Thesaurus Edition)"", ""A Christmas Carol (Webster's Korean Thesaurus Edition)"", 'A Christmas Carol (Classic, Picture, Ladybird)', 'A Christmas Carol (New Longman Literature)', ""A Christmas Carol (Children's Theatre Playscript)"", 'A Tale of Two Cities (10 Cassettes)', ""A Tale of Two Cities (Student's Novels)"", 'A Tale of Two Cities (Oxford Playscripts)', 'A Tale of Two Cities', 'A Tale of Two Cities (Soundings)', 'A Tale of Two Cities (Dramatized)', 'A Tale of Two Cities (Masterworks)', 'A Tale of Two Cities (Puffin Classics)', 'A Tale of Two Cities (Penguin Popular Classics)', 'A Tale of Two Cities (Illustrated Junior Library)', 'A Tale of Two Cities (Prentice Hall Science)', 'A Tale of Two Cities (Penguin Classics)', 'A Tale of Two Cities (Silver Classics)', 'A Tale of Two Cities (Signet Classics)', ""A Tale of Two Cities (Everyman's Library (Paper))"", 'A Tale of Two Cities (Bantam Classic)', 'A Tale of Two Cities (Classic Retelling)', 'A Tale of Two Cities (Dover Thrift Editions)', 'A Tale of Two Cities (Enriched Classic)', 'A Tale of Two Cities (Paperback Classics)', ""A Tale of Two Cities (Ladybird Children's Classics)"", 'A Tale of Two Cities (Courage Literary Classics)', 'A Tale of Two Cities (Saddleback Classics)', 'A Tale of Two Cities (Illustrated Classics)', ""A Tale of Two Cities (Collector's Library)"", 'A Tale of Two Cities (Cover to Cover Classics)', 'A Tale of Two Cities (Classics Illustrated Notes)', 'A Tale Of Two Cities (Adult Classics)', 'A Tale of Two Cities (The Classic Collection)', 'A Tale of Two Cities (Konemann Classics)', 'A Tale of Two Cities (Wordsworth Classics)', ""A Tale of Two Cities (Everyman's Library Classics)"", 'A Tale of Two Cities (Naxos AudioBooks)', 'A Tale of Two Cities (Oxford Bookworms Library)', 'A Tale of Two Cities (Acting Edition)', 'A Tale of Two Cities (Tor Classics)', 'A Tale of Two Cities (Longman Fiction)', 'A Tale of Two Cities (Progressive English)', 'A Tale of Two Cities (Everyman Paperbacks)', 'A Tale of Two Cities (Piccolo Books)', ""A Tale of Two Cities (Macmillan Students' Novels)"", 'A Tale of Two Cities (Dramascripts S.)', 'A Tale of Two Cities (Simple English)', 'A Tale of Two Cities (Classics Illustrated)', 'A Tale of Two Cities (Adopted Classic)', 'A Tale of Two Cities (Compact English Classics)', 'A Tale of Two Cities (Pacemaker Classics)', 'A Tale of Two Cities (Unabridged Classics)', 'A Tale of Two Cities (Dodo Press)', 'A Tale of Two Cities (Large Print Edition)', 'A Tale of Two Cities (Clear Print)', 'A Tale of Two Cities (Cyber Classics)', 'A Tale of Two Cities (Ultimate Classics)', 'A Tale of Two Cities (BBC Audio Series)', 'A Tale of Two Cities (Cassette (1 Hr).)', 'A Tale Of Two Cities (Adult Classics in Audio)', 'A Tale of Two Cities (Classic Fiction)', 'A Tale of Two Cities (New Oxford Illustrated Dickens)', 'A Tale of Two Cities (The Greatest Historical Novels)', 'A Tale of Two Cities (Penguin Readers, Level 5)', 'A Tale of Two Cities (Collected Works of Charles Dickens)', 'A Tale of Two Cities (Classic Literature with Classical Music)', 'A Tale of Two Cities (Amsco Literature Program - N 380 ALS)', 'A Tale of Two Cities (Unabridged Classics for High School and Adults)', 'A Tale of Two Cities (Barnes & Noble Classics Series)', 'A Tale of Two Cities (Bookcassette(r) Edition)', ""A Tale of Two Cities (Webster's Chinese-Simplified Thesaurus Edition)"", ""A Tale of Two Cities (Webster's German Thesaurus Edition)"", ""A Tale of Two Cities (Webster's Italian Thesaurus Edition)"", ""A Tale of Two Cities (Webster's Chinese-Traditional Thesaurus Edition)"", ""A Tale of Two Cities (Webster's Portuguese Thesaurus Edition)"", 'A Tale of Two Cities (Longman Classics, Stage 2)', 'A Tale of Two Cities (Lake Illustrated Classics, Collection 2)', 'A Tale of Two Cities (Isis Clear Type Classic)', 'A Tale Of Two Cities (Classic Books on Cassettes Collection)', 'A Tale of Two Cities (40th Anniversary Edition)']",Tiered-Forest,"A Christmas Carol, David Copperfield, Great Expectations, Oliver Twist, A Tale of Two Cities",True
WebQTest-66,webqsp,test,what is the currency of puerto rico called?,United States dollar,['United States Dollar'],Tiered-Forest,United States dollar,True
WebQTest-67,webqsp,test,what kind of cancer did carl wilson have?,lung cancer,"['Lung cancer', 'Brain tumor']",Tiered-Forest,lung cancer,True
WebQTest-72,webqsp,test,what battles did stonewall jackson fight in?,"First Battle of Bull Run, Battle of Kernstown, Battle of McDowell, Battle of Front Royal, First Battle of Winchester, Battle of Cross Keys, Battle of Port Republic, Seven Days Battles, Battle of Cedar Mountain, Second Battle of Bull Run, Battle of Antietam, Battle of Fredericksburg,","['First Battle of Winchester', 'How Few Remain', ""Jackson's Valley Campaign"", 'Battle of Chantilly', 'Battle of Harpers Ferry', 'Romney Expedition', 'Battle of Cedar Mountain', 'First Battle of Rappahannock Station', 'Manassas Station Operations', 'Battle of White Oak Swamp', ""Battle of Hoke's Run"", 'Battle of Hancock', 'First Battle of Kernstown', 'Battle of McDowell', 'Battle of Front Royal', 'Battle of Port Republic', 'Battle of Chancellorsville', 'Second Battle of Bull Run', 'American Civil War']",Tiered-Forest,"First Battle of Bull Run, Battle of Kernstown, Battle of McDowell, Battle of Front Royal, First Battle of Winchester, Battle of Cross Keys, Battle of Port Republic, Seven Days Battles, Battle of Cedar Mountain, Second Battle of Bull Run, Battle of Antietam, Battle of Fredericksburg,",True
WebQTest-74,webqsp,test,who did benjamin franklin get married to?,Deborah Read,['Deborah Read'],Tiered-Forest,Deborah Read,True
