id,dataset,split,question,prediction,answers,agent,raw_prediction,correct
WebQTest-1198,webqsp,test,who influenced samuel taylor coleridge?,"Samuel Taylor Coleridge was influenced by:

1. **German philosophers and writers**, especially **Immanuel Kant** (transcendental idealism) and **Friedrich Schelling** (nature and the absolute).
2. **Platonist and Neoplatonist** thought, which shaped his ideas on imagination and unity.
3. **The poet William Wordsworth**, through personal collaboration and mutual challenge.
4. **Earlier English poets** like **William Shakespeare** and **John Milton**.
5. **Theological writers**, particularly Unitarian and mystic thinkers.","['Giambattista Vico', 'Baruch Spinoza', 'Thomas Browne', 'Friedrich Wilhelm Joseph Schelling', 'Emanuel Swedenborg', 'Immanuel Kant', 'John Milton', 'William Shakespeare', 'Robert Burns', 'Algernon Charles Swinburne']",Tiered-Forest,"Samuel Taylor Coleridge was influenced by:

1. **German philosophers and writers**, especially **Immanuel Kant** (transcendental idealism) and **Friedrich Schelling** (nature and the absolute).
2. **Platonist and Neoplatonist** thought, which shaped his ideas on imagination and unity.
3. **The poet William Wordsworth**, through personal collaboration and mutual challenge.
4. **Earlier English poets** like **William Shakespeare** and **John Milton**.
5. **Theological writers**, particularly Unitarian and mystic thinkers.",True
WebQTest-1092,webqsp,test,who did viggo mortensen play in lord of the rings?,Viggo Mortensen played **Aragorn** in *The Lord of the Rings* film trilogy.,['Aragorn'],Tiered-Forest,Viggo Mortensen played **Aragorn** in *The Lord of the Rings* film trilogy.,True
WebQTest-713,webqsp,test,what county is st. louis park in?,"St. Louis Park is in Hennepin County, Minnesota.",['Hennepin County'],Tiered-Forest,"St. Louis Park is in Hennepin County, Minnesota.",True
WebQTest-1637,webqsp,test,what are the catholic holy days?,"Catholic holy days include Sundays, the Solemnities of Christmas and Easter, and other feast days of the saints and events in the life of Jesus and Mary.","['Feast of St. Margaret of the Árpád House', 'Feast of Our Lady of Hungary', 'Feast of Our Lady of the Rosary', ""Our Lady of Aparecida's day"", 'Father Damien Day', 'Our Lady of Guadalupe Day', 'St. Spiridon Day', ""Saint Nicholas' Eve"", 'Feast of Assumption', ""Euthymius the Great's Feast Day"", 'The Feast of Our Lady of Mount Carmel', ""St. Anthony's Day"", 'Feast of Our Lady of Sorrows', ""St Joseph's Day"", ""Saint Patrick's Day"", 'Maundy Thursday', ""St. Stephen's Day"", 'Corpus Christi', 'Nativity of Mary', 'Olsok', 'Feast of the Immaculate Conception', 'Feast of the Cross', 'Feast of Christ the King', 'Name day', 'Fat Thursday', 'World Day of Peace', 'Palm Sunday', 'Saints Cyril and Methodius Day', 'Solemnity of Mary, Mother of God', 'Feast of Saints Peter and Paul', ""St Crispin's Day"", ""St Casimir's Day"", ""All Saints' Day"", 'Feast of St Francis of Assisi', 'St Nicholas Day']",Tiered-Forest,"Catholic holy days include Sundays, the Solemnities of Christmas and Easter, and other feast days of the saints and events in the life of Jesus and Mary.",False
WebQTest-1241,webqsp,test,where does the columbia river start?,The Columbia River starts at the confluence of the Columbia River Glacier Creek and the Rock Creek in Washington.,['Columbia Lake'],Tiered-Forest,The Columbia River starts at the confluence of the Columbia River Glacier Creek and the Rock Creek in Washington.,False
WebQTest-377,webqsp,test,what school did michael jordan attend?,Michael Jordan attended the University of North Carolina at Chapel Hill.,"['Emsley A. Laney High School', 'University of North Carolina at Chapel Hill']",Tiered-Forest,Michael Jordan attended the University of North Carolina at Chapel Hill.,True
WebQTest-1488,webqsp,test,what type of art does marc chagall do?,"avant-garde, portrait, landscape painting","['Modern art', 'Fauvism', 'Surrealism', 'Cubism', 'Expressionism']",Tiered-Forest,"avant-garde, portrait, landscape painting",False
WebQTest-383,webqsp,test,what language do chinese people write in?,"Chinese people primarily write in Chinese characters, using languages like Mandarin Chinese, Cantonese, or other Chinese dialects.","['Nüshu script', 'Simplified Chinese character', 'Traditional Chinese characters', ""'Phags-pa script"", 'Chinese characters']",Tiered-Forest,"Chinese people primarily write in Chinese characters, using languages like Mandarin Chinese, Cantonese, or other Chinese dialects.",True
WebQTest-1619,webqsp,test,where do the appalachian mountains run?,The Appalachian mountains run from Newfoundland in Canada south to Alabama in the United States.,['North America'],Tiered-Forest,The Appalachian mountains run from Newfoundland in Canada south to Alabama in the United States.,False
WebQTest-1508,webqsp,test,when did bill clinton go to college?,"Bill Clinton attended Georgetown University from 1964 to 1968, where he earned a Bachelor of Science in Foreign Service. He then attended Oxford University as a Rhodes Scholar from 1968 to 1970, followed by Yale Law School from 1970 to 1973.","['Yale Law School', 'Edmund A. Walsh School of Foreign Service', 'University of Oxford', 'University Yale', 'Georgetown University', 'University College, Oxford']",Tiered-Forest,"Bill Clinton attended Georgetown University from 1964 to 1968, where he earned a Bachelor of Science in Foreign Service. He then attended Oxford University as a Rhodes Scholar from 1968 to 1970, followed by Yale Law School from 1970 to 1973.",True
WebQTest-266,webqsp,test,what is there to do for fun in kansas city?,"Kansas City offers a variety of fun activities including visiting the Negro Leagues Baseball Museum, exploring the National World War I Museum, enjoying the fountains at City Market, and sampling local craft beers at breweries.","['Kansas City Zoo', 'Kauffman Center for the Performing Arts', '18th and Vine-Downtown East', 'Kemper Museum of Contemporary Art', 'Liberty Memorial', 'Harry S. Truman Presidential Library and Museum', 'Crown Center', 'Worlds of Fun', 'Sprint Center', 'Negro Leagues Baseball Museum', 'Boulevard Brewing Company', 'Oceans of Fun', 'Hotel Phillips', 'Deer Creek Golf Course', 'Ewing and Muriel Kauffman Memorial Garden']",Tiered-Forest,"Kansas City offers a variety of fun activities including visiting the Negro Leagues Baseball Museum, exploring the National World War I Museum, enjoying the fountains at City Market, and sampling local craft beers at breweries.",True
WebQTest-191,webqsp,test,where did drew brees go to college wikianswers?,Drew Brees went to college at Purdue University.,"['Stanford Graduate School of Business', 'Purdue University']",Tiered-Forest,Drew Brees went to college at Purdue University.,True
WebQTest-554,webqsp,test,what money do they use in spain?,Spain uses the **Euro (€)** as its official currency.,['Euro'],Tiered-Forest,Spain uses the **Euro (€)** as its official currency.,True
WebQTest-637,webqsp,test,what type of government did soviet union have?,The Soviet Union had a communist government under the control of the Communist Party.,"['Communist state', 'Socialist state', 'Soviet democracy', 'Parliamentary republic']",Tiered-Forest,The Soviet Union had a communist government under the control of the Communist Party.,False
WebQTest-875,webqsp,test,where did hugo chavez go to school?,"Hugo Chávez attended the Military Academy of Venezuela (Academia Militar de Venezuela), graduating in 1975 with a degree in Military Arts and Sciences. He also later pursued postgraduate studies in political science at Simón Bolívar University, though he did not complete that program.","['Julian Pino School', ""Daniel Florencio O'Leary School"", 'Simón Bolívar University', 'Bolivarian Military University of Venezuela']",Tiered-Forest,"Hugo Chávez attended the Military Academy of Venezuela (Academia Militar de Venezuela), graduating in 1975 with a degree in Military Arts and Sciences. He also later pursued postgraduate studies in political science at Simón Bolívar University, though he did not complete that program.",True
WebQTest-438,webqsp,test,what university did romney graduated from?,Mitt Romney graduated from Brigham Young University (undergraduate) and later earned joint Juris Doctor and Master of Business Administration degrees from Harvard University.,['Brigham Young University'],Tiered-Forest,Mitt Romney graduated from Brigham Young University (undergraduate) and later earned joint Juris Doctor and Master of Business Administration degrees from Harvard University.,True
WebQTest-234,webqsp,test,what countries does the panama canal go through?,The Panama Canal goes through Panama.,['Panama'],Tiered-Forest,The Panama Canal goes through Panama.,True
WebQTest-461,webqsp,test,where did clay matthews go to school?,Clay Matthews attended the University of Southern California (USC).,"['University of Southern California', 'Agoura High School']",Tiered-Forest,Clay Matthews attended the University of Southern California (USC).,True
WebQTest-1441,webqsp,test,where all did picasso live?,"Picasso lived in:  
Málaga, Spain (birth)  
A Coruña, Spain  
Barcelona, Spain  
Madrid, Spain  
Paris, France  
Various places in southern France (including Antibes, Vallauris, Cannes, Mougins)","['Málaga', 'Madrid', 'France']",Tiered-Forest,"Picasso lived in:  
Málaga, Spain (birth)  
A Coruña, Spain  
Barcelona, Spain  
Madrid, Spain  
Paris, France  
Various places in southern France (including Antibes, Vallauris, Cannes, Mougins)",True
WebQTest-1622,webqsp,test,what ocean is around hawaii?,The Pacific Ocean surrounds Hawaii.,['Pacific Ocean'],Tiered-Forest,The Pacific Ocean surrounds Hawaii.,True
WebQTest-1757,webqsp,test,what did michael crabtree do?,Michael Crabtree was a film producer known for movies such as *Tender Mercies* and *Murphy's Romance*.,"['Wide receiver', 'Athlete', 'American football player']",Tiered-Forest,Michael Crabtree was a film producer known for movies such as *Tender Mercies* and *Murphy's Romance*.,False
WebQTest-1328,webqsp,test,what did hayes do?,"Rutherford B. Hayes served as the 19th President of the United States, resolving an electoral dispute through a controversial compromise.",['US President'],Tiered-Forest,"Rutherford B. Hayes served as the 19th President of the United States, resolving an electoral dispute through a controversial compromise.",False
WebQTest-296,webqsp,test,what kind of government does libya have today?,"Libya has a decentralized system with a presidential council and various autonomous regions, though it has faced political instability and the presence of multiple governance bodies since the fall ofaddafi's regime.","['Provisional government', 'Parliamentary republic']",Tiered-Forest,"Libya has a decentralized system with a presidential council and various autonomous regions, though it has faced political instability and the presence of multiple governance bodies since the fall ofaddafi's regime.",False
WebQTest-527,webqsp,test,what country borders slovakia?,"Slovakia borders Poland, Ukraine, Hungary, Austria, and the Czech Republic.","['Czech Republic', 'Hungary', 'Poland', 'Ukraine', 'Austria']",Tiered-Forest,"Slovakia borders Poland, Ukraine, Hungary, Austria, and the Czech Republic.",True
WebQTest-2001,webqsp,test,who won the 2000 fa cup final?,Manchester United won the 2000 FA Cup final by defeating Liverpool 2-1.,['Chelsea F.C.'],Tiered-Forest,Manchester United won the 2000 FA Cup final by defeating Liverpool 2-1.,False
WebQTest-1997,webqsp,test,who does owen schmitt play for?,Owen Schmitt plays for the Seattle Sounders FC in the MLS.,['Seattle Seahawks'],Tiered-Forest,Owen Schmitt plays for the Seattle Sounders FC in the MLS.,False
WebQTest-1848,webqsp,test,what instrument does louis armstrong?,Louis Armstrong’s primary instrument was the **trumpet**. He was also famous for his distinctive **vocals**.,"['Cornet', 'Trumpet']",Tiered-Forest,Louis Armstrong’s primary instrument was the **trumpet**. He was also famous for his distinctive **vocals**.,True
WebQTest-482,webqsp,test,who plays blaine in batman?,"The candidate answer does not match the question. The actors listed (Tim Burton, Jack Nicholson, Kim Basinger) are the director and cast of *Batman* (1989), but none played Blaine.

In *Batman* (1989), the character **Blaine** is a minor thug. He is played by actor **John Dair**.

**Final answer:** John Dair","['Matthew Wagner', 'Danny Trejo', 'Carlos Alazraqui', 'Tom Hardy']",Tiered-Forest,"The candidate answer does not match the question. The actors listed (Tim Burton, Jack Nicholson, Kim Basinger) are the director and cast of *Batman* (1989), but none played Blaine.

In *Batman* (1989), the character **Blaine** is a minor thug. He is played by actor **John Dair**.

**Final answer:** John Dair",False
WebQTest-1780,webqsp,test,who does michael oher play for in 2010?,"In 2010, Michael Oher played for the Tennessee Titans.",['Baltimore Ravens'],Tiered-Forest,"In 2010, Michael Oher played for the Tennessee Titans.",False
WebQTest-504,webqsp,test,who was philip in acts chapter 8?,"Philip in Acts chapter 8 was an early Christian evangelist who preached the gospel and baptized new believers, notably converting the Ethiopian eunuch.",['Apostle Philip'],Tiered-Forest,"Philip in Acts chapter 8 was an early Christian evangelist who preached the gospel and baptized new believers, notably converting the Ethiopian eunuch.",False
WebQTest-410,webqsp,test,what are the major cities in ukraine?,"The major cities in Ukraine, by population, are:

1. **Kyiv** (Kyiv) – The capital and largest city.
2. **Kharkiv** – Major industrial and cultural center in the east.
3. **Odesa** – Key seaport on the Black Sea.
4. **Dnipro** – Important industrial hub on the Dnieper River.
5. **Donetsk** – Currently occupied and part of the war zone, but historically a major city.
6. **Zaporizhzhia** – Known for industry and the Dnieper Hydroelectric Station.
7. **Lviv** – Major cultural center in western Ukraine.
8. **Kryvyi Rih** – Significant industrial city, especially for mining and metallurgy.
9. **Mykolaiv** – Important shipbuilding center and river port.
10. **Mariupol** – Formerly a major port on the Sea of Azov, now heavily",['Kiev'],Tiered-Forest,"The major cities in Ukraine, by population, are:

1. **Kyiv** (Kyiv) – The capital and largest city.
2. **Kharkiv** – Major industrial and cultural center in the east.
3. **Odesa** – Key seaport on the Black Sea.
4. **Dnipro** – Important industrial hub on the Dnieper River.
5. **Donetsk** – Currently occupied and part of the war zone, but historically a major city.
6. **Zaporizhzhia** – Known for industry and the Dnieper Hydroelectric Station.
7. **Lviv** – Major cultural center in western Ukraine.
8. **Kryvyi Rih** – Significant industrial city, especially for mining and metallurgy.
9. **Mykolaiv** – Important shipbuilding center and river port.
10. **Mariupol** – Formerly a major port on the Sea of Azov, now heavily",False
WebQTest-2005,webqsp,test,who plays bob kelso in scrubs?,Ken Jenkins plays Dr. Bob Kelso in *Scrubs*.,['Ken Jenkins'],Tiered-Forest,Ken Jenkins plays Dr. Bob Kelso in *Scrubs*.,True
WebQTest-1894,webqsp,test,what baseball team was jackie robinson on?,Jackie Robinson played for the Brooklyn Dodgers.,"['Kansas City Monarchs', 'Montreal Royals', 'Brooklyn Dodgers']",Tiered-Forest,Jackie Robinson played for the Brooklyn Dodgers.,True
WebQTest-1303,webqsp,test,what other movies is josh hutcherson in?,"Josh Hutcherson is also in:

* **Bridge to Terabithia** (2007)  
* **The Kids Are All Right** (2010)  
* **The Disaster Artist** (2017)  
* **Five Nights at Freddy's** (2023)","['In Dubious Battle', 'The Long Home', 'Bridge to Terabithia', ""Cirque du Freak: The Vampire's Assistant"", 'Firehouse Dog', 'Winged Creatures', 'Party Wagon', 'Journey to the Center of the Earth', 'One Last Ride', 'Wilder Days', 'Miracle Dogs', 'Kicking & Screaming', 'Red Dawn', 'Motocross Kids', 'Zathura', 'The Kids Are All Right', 'The Forger', 'The Polar Express', 'RV', 'Little Manhattan', 'Journey 2: The Mysterious Island', 'American Splendor', 'Detention', 'House Blend', 'The Hunger Games', '7 Days in Havana', 'The Third Rule', 'Epic', 'The Hunger Games: Catching Fire', 'The Hunger Games: Mockingjay, Part 1', 'The Hunger Games: Mockingjay, Part 2', 'Escobar: Paradise Lost']",Tiered-Forest,"Josh Hutcherson is also in:

* **Bridge to Terabithia** (2007)  
* **The Kids Are All Right** (2010)  
* **The Disaster Artist** (2017)  
* **Five Nights at Freddy's** (2023)",True
WebQTest-1017,webqsp,test,who plays charlie in the santa clause movies?,"In *The Santa Clause* movies, the character Charlie Calvin is played by **Eric Lloyd** as a child throughout the main trilogy. The actors you listed (John Pasquin, Mary Gross, Tabitha Lupien) are not correct for this role—John Pasquin directed the first film, while Mary Gross and Tabitha Lupien played other characters.

**Concise answer:** Eric Lloyd.",['Eric Lloyd'],Tiered-Forest,"In *The Santa Clause* movies, the character Charlie Calvin is played by **Eric Lloyd** as a child throughout the main trilogy. The actors you listed (John Pasquin, Mary Gross, Tabitha Lupien) are not correct for this role—John Pasquin directed the first film, while Mary Gross and Tabitha Lupien played other characters.

**Concise answer:** Eric Lloyd.",True
WebQTest-1526,webqsp,test,how many languages do they speak in switzerland?,"Switzerland has **four national languages**: German, French, Italian, and Romansh.  

While Romansh is a national language, it is not an official language at the federal level for all purposes; the three main official federal languages are German, French, and Italian.  

**Answer: 4 national languages (German, French, Italian, Romansh), with 3 used as primary federal administrative languages.**","['Italian Language', 'German Language', 'French', 'Romansh language']",Tiered-Forest,"Switzerland has **four national languages**: German, French, Italian, and Romansh.  

While Romansh is a national language, it is not an official language at the federal level for all purposes; the three main official federal languages are German, French, and Italian.  

**Answer: 4 national languages (German, French, Italian, Romansh), with 3 used as primary federal administrative languages.**",True
WebQTest-634,webqsp,test,what county is san antonio in?,"San Antonio is in Bexar County, Texas.","['Comal County', 'Medina County', 'Bexar County']",Tiered-Forest,"San Antonio is in Bexar County, Texas.",True
WebQTest-698,webqsp,test,who is robin roberts father?,"Robin Roberts' father is Lawrence E. Roberts, a former Tuskegee Airman and colonel in the U.S. Air Force.",['Lawrence E. Roberts'],Tiered-Forest,"Robin Roberts' father is Lawrence E. Roberts, a former Tuskegee Airman and colonel in the U.S. Air Force.",True
WebQTest-1708,webqsp,test,what are dallas cowboys colors?,The Dallas Cowboys' colors are silver and navy blue.,"['Blue', 'Navy Blue', 'Silver', 'Royal blue', 'White']",Tiered-Forest,The Dallas Cowboys' colors are silver and navy blue.,True
WebQTest-1990,webqsp,test,who plays timon's voice in the lion king?,"The candidate answer is incorrect. Roger Allers and Rob Minkoff are the directors of *The Lion King*, and it is an animated musical, not a drama film.

The voice of Timon in *The Lion King* is played by **Nathan Lane**.",['Nathan Lane'],Tiered-Forest,"The candidate answer is incorrect. Roger Allers and Rob Minkoff are the directors of *The Lion King*, and it is an animated musical, not a drama film.

The voice of Timon in *The Lion King* is played by **Nathan Lane**.",True
WebQTest-163,webqsp,test,what year did the seahawks win the superbowl?,The Seattle Seahawks won Super Bowl XLIX in 2015.,['Super Bowl XLVIII'],Tiered-Forest,The Seattle Seahawks won Super Bowl XLIX in 2015.,False
WebQTest-1566,webqsp,test,what kind of guitar john mayer?,"John Mayer primarily plays blues, rock, and pop music. His style is rooted in blues and rock, often incorporating elements of pop and soul.",['Fender Stratocaster'],Tiered-Forest,"John Mayer primarily plays blues, rock, and pop music. His style is rooted in blues and rock, often incorporating elements of pop and soul.",False
WebQTest-1614,webqsp,test,what religion was king louis xiv?,King Louis XIV was a Roman Catholic.,['Catholicism'],Tiered-Forest,King Louis XIV was a Roman Catholic.,False
WebQTest-1533,webqsp,test,what planet did luke skywalker came from?,Luke Skywalker is from the planet **Tatooine**.,['Polis Massa'],Tiered-Forest,Luke Skywalker is from the planet **Tatooine**.,False
WebQTest-1470,webqsp,test,what kind of government does poland have?,Poland has a parliamentary representative democratic republic form of government.,"['Democracy', 'Parliamentary republic']",Tiered-Forest,Poland has a parliamentary representative democratic republic form of government.,False
WebQTest-1557,webqsp,test,where do florida panthers play?,"The Florida Panthers play at the BBVA Compass Stadium (formerly BBVA Field) in Miami Gardens, Florida.","['BB&T Center', 'Miami Arena']",Tiered-Forest,"The Florida Panthers play at the BBVA Compass Stadium (formerly BBVA Field) in Miami Gardens, Florida.",False
WebQTest-1917,webqsp,test,what did charles babbage discover?,"Charles Babbage did not make a single ""discovery"" in the traditional scientific sense. Instead, he is famous for his **inventions and conceptual designs**, most notably:

1. **The Difference Engine** – A mechanical calculator designed to compute polynomial functions and produce error-free mathematical tables.
2. **The Analytical Engine** – A more advanced general-purpose mechanical computer, which incorporated concepts like an arithmetic logic unit, control flow, and memory, making it a precursor to the modern programmable computer.

The works you listed are his writings on science policy, the state of science in England, and industrial manufacturing, but his lasting legacy is as a **pioneer of computing**.

**Concise answer:** Charles Babbage is credited with inventing the first mechanical computers: the **Difference Engine** and the more advanced, programmable **Analytical Engine**.","['Difference engine', 'Analytical Engine']",Tiered-Forest,"Charles Babbage did not make a single ""discovery"" in the traditional scientific sense. Instead, he is famous for his **inventions and conceptual designs**, most notably:

1. **The Difference Engine** – A mechanical calculator designed to compute polynomial functions and produce error-free mathematical tables.
2. **The Analytical Engine** – A more advanced general-purpose mechanical computer, which incorporated concepts like an arithmetic logic unit, control flow, and memory, making it a precursor to the modern programmable computer.

The works you listed are his writings on science policy, the state of science in England, and industrial manufacturing, but his lasting legacy is as a **pioneer of computing**.

**Concise answer:** Charles Babbage is credited with inventing the first mechanical computers: the **Difference Engine** and the more advanced, programmable **Analytical Engine**.",True
WebQTest-512,webqsp,test,who were mary shelley?,"Mary Shelley was an English novelist best known for writing **""Frankenstein""** (1818). She also wrote other works, including Gothic novels, travel books, and speculative fiction, making her a foundational figure in science fiction.","['Editor', 'Biographer', 'Playwright', 'Travel writer', 'Novelist', 'Writer', 'Essayist', 'Author']",Tiered-Forest,"Mary Shelley was an English novelist best known for writing **""Frankenstein""** (1818). She also wrote other works, including Gothic novels, travel books, and speculative fiction, making her a foundational figure in science fiction.",True
WebQTest-1047,webqsp,test,who does amy stiller play in dodgeball?,"Amy Stiller plays the character **""The Banker""** in *DodgeBall: A True Underdog Story*.",['Keno Waitress'],Tiered-Forest,"Amy Stiller plays the character **""The Banker""** in *DodgeBall: A True Underdog Story*.",False
WebQTest-1685,webqsp,test,where did benjamin franklin went to school?,"Benjamin Franklin did not attend college. His formal schooling ended around age 10 at the Boston Latin School. After that, he was largely self-educated through reading and apprenticeship.",['Boston Latin School'],Tiered-Forest,"Benjamin Franklin did not attend college. His formal schooling ended around age 10 at the Boston Latin School. After that, he was largely self-educated through reading and apprenticeship.",True
WebQTest-218,webqsp,test,in which continent is germany?,Germany is located in the continent of **Europe**.,['Europe'],Tiered-Forest,Germany is located in the continent of **Europe**.,True
WebQTest-938,webqsp,test,who was queen elizabeth ii mom?,"Queen Elizabeth II's mother was **Queen Elizabeth The Queen Mother**, born Elizabeth Bowes-Lyon.",['Queen Elizabeth The Queen Mother'],Tiered-Forest,"Queen Elizabeth II's mother was **Queen Elizabeth The Queen Mother**, born Elizabeth Bowes-Lyon.",True
WebQTest-1570,webqsp,test,where is the arizona cardinals stadium located?,"The Arizona Cardinals stadium is located in Glendale, Arizona.",['Arizona'],Tiered-Forest,"The Arizona Cardinals stadium is located in Glendale, Arizona.",True
WebQTest-935,webqsp,test,where was osama bin laden killed?,"Osama bin Laden was killed in Abbottabad, Pakistan.",['Abbottabad'],Tiered-Forest,"Osama bin Laden was killed in Abbottabad, Pakistan.",True
WebQTest-454,webqsp,test,where did hank marvin come from?,"Hank Marvin, the lead guitarist of The Shadows, is from Newcastle upon Tyne, England.",['Newcastle upon Tyne'],Tiered-Forest,"Hank Marvin, the lead guitarist of The Shadows, is from Newcastle upon Tyne, England.",True
WebQTest-1807,webqsp,test,what was wayne gretzky's first team?,"Wayne Gretzky's first professional team was the **Indianapolis Racers** of the World Hockey Association (WHA). However, his first NHL team was the **Edmonton Oilers**, which joined the NHL after the WHA merger.

**Concise answer:** Edmonton Oilers.",['Edmonton Oilers'],Tiered-Forest,"Wayne Gretzky's first professional team was the **Indianapolis Racers** of the World Hockey Association (WHA). However, his first NHL team was the **Edmonton Oilers**, which joined the NHL after the WHA merger.

**Concise answer:** Edmonton Oilers.",True
WebQTest-1960,webqsp,test,when was the last time the toronto maple leafs win the stanley cup?,The Toronto Maple Leafs last won the Stanley Cup in 1967.,['1967 Stanley Cup Finals'],Tiered-Forest,The Toronto Maple Leafs last won the Stanley Cup in 1967.,False
WebQTest-757,webqsp,test,who is angelina jolie mom and dad?,"Angelina Jolie's mother is actress Marcheline Bertrand, and her father is actor Jon Voight.","['Marcheline Bertrand', 'Jon Voight']",Tiered-Forest,"Angelina Jolie's mother is actress Marcheline Bertrand, and her father is actor Jon Voight.",True
WebQTest-721,webqsp,test,what kind of leukemia did jill clayburgh have?,Jill Clayburgh died from chronic lymphocytic leukemia (CLL).,"['B-cell chronic lymphocytic leukemia', 'Leukemia']",Tiered-Forest,Jill Clayburgh died from chronic lymphocytic leukemia (CLL).,True
WebQTest-123,webqsp,test,what all does google now do?,"Based on the candidate answer and general knowledge, Google has discontinued or transitioned several products mentioned:

*   **Google Patents** still exists as a search engine for patents.
*   **Chromium Embedded Framework (CEF)** is an open-source project used by many companies (like Spotify, Discord) to embed a browser, but it is not a direct consumer product ""Google does.""
*   **Google Fusion Tables** was a data visualization tool that was **discontinued in 2019**.

Therefore, a concise answer is: Google currently maintains **Google Patents**, continues the open-source **Chromium Embedded Framework** project, and has **discontinued Google Fusion Tables**.","['Google Classroom', 'Google Drive', 'Apache Wave', 'Google Earth', 'Google Buzz', 'Google Docs, Sheets, and Slides', 'Nexus S', 'Google Glass', 'Nexus 7', 'Nexus Q', 'Nexus 10', 'Google Maps', 'Chromecast']",Tiered-Forest,"Based on the candidate answer and general knowledge, Google has discontinued or transitioned several products mentioned:

*   **Google Patents** still exists as a search engine for patents.
*   **Chromium Embedded Framework (CEF)** is an open-source project used by many companies (like Spotify, Discord) to embed a browser, but it is not a direct consumer product ""Google does.""
*   **Google Fusion Tables** was a data visualization tool that was **discontinued in 2019**.

Therefore, a concise answer is: Google currently maintains **Google Patents**, continues the open-source **Chromium Embedded Framework** project, and has **discontinued Google Fusion Tables**.",False
WebQTest-361,webqsp,test,what to do and see in vienna austria?,"For a concise visit to Vienna, focus on its imperial history, art, and coffeehouse culture.

**Must-See Sights:**
*   **Historic Center:** St. Stephen's Cathedral, Hofburg Palace, and the Austrian National Library.
*   **Art & Palaces:** Schönbrunn Palace, the Belvedere (home to Klimt's ""The Kiss""), and the Kunsthistorisches Museum.
*   **Cultural Experience:** Visit a traditional coffeehouse (like Café Central) and see a performance at the Vienna State Opera or a concert hall.

**To Do:**
*   Ride the iconic Riesenrad Ferris wheel at the Prater park.
*   Enjoy a slice of Sachertorte at the Hotel Sacher.
*   Browse the Naschmarkt for food and antiques.

A 2-3 day trip allows you to cover these highlights efficiently.","['Rock im Park', 'Schönbrunn Palace', 'Minoritenkirche', ""St. Stephen's Cathedral, Vienna"", 'Vienna State Opera', 'Liechtenstein Museum', 'Schloss Hof', 'mumok', 'Imperial Crypt', 'Belvedere, Vienna', 'Kunsthistorisches Museum', 'Karlskirche, Vienna', 'Albertina', 'Naturhistorisches Museum', 'Hofburg Palace', 'Jesuit Church, Vienna', 'Schottenkirche, Vienna', 'Museum of Military History, Vienna', 'Vienna International Centre', 'Sigmund Freud Museum', 'Vienna Observatory', 'Augustinian Church, Vienna', 'Capuchin Church, Vienna', 'Prater', 'Millennium Tower', ""St. Peter's Church"", 'Leopold Museum', 'Haus der Musik', 'Rathaus, Vienna']",Tiered-Forest,"For a concise visit to Vienna, focus on its imperial history, art, and coffeehouse culture.

**Must-See Sights:**
*   **Historic Center:** St. Stephen's Cathedral, Hofburg Palace, and the Austrian National Library.
*   **Art & Palaces:** Schönbrunn Palace, the Belvedere (home to Klimt's ""The Kiss""), and the Kunsthistorisches Museum.
*   **Cultural Experience:** Visit a traditional coffeehouse (like Café Central) and see a performance at the Vienna State Opera or a concert hall.

**To Do:**
*   Ride the iconic Riesenrad Ferris wheel at the Prater park.
*   Enjoy a slice of Sachertorte at the Hotel Sacher.
*   Browse the Naschmarkt for food and antiques.

A 2-3 day trip allows you to cover these highlights efficiently.",True
WebQTest-111,webqsp,test,where is the carpathian mountain range located?,The Carpathian mountain range is located in Central and Eastern Europe.,['Europe'],Tiered-Forest,The Carpathian mountain range is located in Central and Eastern Europe.,True
WebQTest-673,webqsp,test,where did robert kardashian go to college?,"Robert Kardashian attended the University of Southern California (USC), where he earned a degree in business administration. He later attended law school at the University of San Diego School of Law.","['University of San Diego', 'University of San Diego School of Law', 'University of Southern California']",Tiered-Forest,"Robert Kardashian attended the University of Southern California (USC), where he earned a degree in business administration. He later attended law school at the University of San Diego School of Law.",True
WebQTest-987,webqsp,test,what does barbara bush do for work?,"Barbara Bush was a former First Lady of the United States, and her primary public work involved advocacy for literacy and volunteerism. She founded the Barbara Bush Foundation for Family Literacy.",['First Lady'],Tiered-Forest,"Barbara Bush was a former First Lady of the United States, and her primary public work involved advocacy for literacy and volunteerism. She founded the Barbara Bush Foundation for Family Literacy.",True
WebQTest-773,webqsp,test,where is the sony ericsson company?,"Sony Ericsson was headquartered in Stockholm, Sweden, until it was dissolved in 2012, after which its assets and operations were integrated into Sony Mobile.",['Minato'],Tiered-Forest,"Sony Ericsson was headquartered in Stockholm, Sweden, until it was dissolved in 2012, after which its assets and operations were integrated into Sony Mobile.",False
WebQTest-1616,webqsp,test,what did shannon hoon die from?,"Shannon Hoon died from a cocaine overdose. 

He was found dead on his tour bus on October 21, 1995, at age 28.",['Drug overdose'],Tiered-Forest,"Shannon Hoon died from a cocaine overdose. 

He was found dead on his tour bus on October 21, 1995, at age 28.",False
WebQTest-874,webqsp,test,what language do people from bosnia speak?,"People from Bosnia primarily speak **Bosnian, Serbian, and Croatian**. These are three standardized varieties of the same language (formerly known as Serbo-Croatian) and are mutually intelligible. The language someone identifies with often corresponds to their ethnic background (Bosniaks, Serbs, Croats).","['Serbo-Croatian Language', 'Serbian language', 'Bosnian language', 'Croatian language']",Tiered-Forest,"People from Bosnia primarily speak **Bosnian, Serbian, and Croatian**. These are three standardized varieties of the same language (formerly known as Serbo-Croatian) and are mutually intelligible. The language someone identifies with often corresponds to their ethnic background (Bosniaks, Serbs, Croats).",False
WebQTest-766,webqsp,test,what is malaysian currency?,The Malaysian currency is the Malaysian Ringgit (MYR).,['Malaysian ringgit'],Tiered-Forest,The Malaysian currency is the Malaysian Ringgit (MYR).,True
WebQTest-1445,webqsp,test,what tv series did mark harmon star in?,Mark Harmon starred in the TV series **NCIS**.,"['Chicago Hope', 'Centennial', 'From the Earth to the Moon', 'St. Elsewhere', 'Flamingo Road', 'NCIS', 'Eleanor and Franklin: The White House Years', 'Sam', '240-Robert', 'Charlie Grace', 'The Dream Merchants', 'Reasonable Doubts']",Tiered-Forest,Mark Harmon starred in the TV series **NCIS**.,True
WebQTest-153,webqsp,test,what are the sights to see in madrid?,"The sights to see in Madrid include the Royal Palace, Plaza Mayor, Retiro Park, and the Prado Museum.","['El Escorial', 'Museo Nacional Del Prado', 'Museo Nacional Centro de Arte Reina Sofía', 'Summercase', 'Festimad', 'Buen Retiro Park', 'Royal Palace of Madrid', 'Almudena Cathedral', 'Sorolla Museum', 'Plaza de Cibeles', 'Madrid Arena', 'Paseo del Prado', 'Parque Warner Madrid', 'Thyssen-Bornemisza Museum', 'Temple of Debod', 'Puerta del Sol', 'Gran Vía', 'Madrid Marathon', 'Plaza Mayor, Madrid', 'La Vaguada', 'Museum of Lázaro Galdiano', 'Palace of la Bolsa de Madrid']",Tiered-Forest,"The sights to see in Madrid include the Royal Palace, Plaza Mayor, Retiro Park, and the Prado Museum.",False
WebQTest-420,webqsp,test,where is perpignan located?,"Perpignan is located in the south of France, at the northeastern tip of the Catalan region in the Pyrénées-Orientales department.","['Pyrénées-Orientales', 'France', 'Languedoc-Roussillon']",Tiered-Forest,"Perpignan is located in the south of France, at the northeastern tip of the Catalan region in the Pyrénées-Orientales department.",True
WebQTest-1416,webqsp,test,what was franklin pierce famous for?,"Franklin Pierce is famous for being the 14th President of the United States, though he is often remembered for his role in the Kansas-Nebraska Act, which contributed to the tensions leading to the American Civil War.",['US President'],Tiered-Forest,"Franklin Pierce is famous for being the 14th President of the United States, though he is often remembered for his role in the Kansas-Nebraska Act, which contributed to the tensions leading to the American Civil War.",False
WebQTest-1748,webqsp,test,through which countries of the sahel does the niger river flow?,"The Niger River flows through several Sahel countries including Mali, Niger, and Chad.","['Mali', 'Niger', 'Nigeria']",Tiered-Forest,"The Niger River flows through several Sahel countries including Mali, Niger, and Chad.",True
WebQTest-354,webqsp,test,what art movement did leonardo da vinci belong to?,"Leonardo da Vinci belonged to the **Italian Renaissance**, specifically the **High Renaissance** period.","['Pastel Art', 'High Renaissance']",Tiered-Forest,"Leonardo da Vinci belonged to the **Italian Renaissance**, specifically the **High Renaissance** period.",True
WebQTest-1392,webqsp,test,what the language spoken in indonesia?,The official language spoken in Indonesia is Indonesian (Bahasa Indonesia).,"['Sunda Language', 'Bali Language', 'Madura Language', 'Dutch Language', 'English Language', 'Javanese Language', 'Batak Language', 'Indonesian Language', 'Tobelo Language', 'Malay Language']",Tiered-Forest,The official language spoken in Indonesia is Indonesian (Bahasa Indonesia).,False
WebQTest-90,webqsp,test,who played on the jeffersons?,"The candidate answer is incorrect. Oz Scott, Jack Shea, and Tony Singletary were directors, not actors who played characters on the show.

The actors who played the main characters on *The Jeffersons* were Sherman Hemsley (George Jefferson) and Isabel Sanford (Louise Jefferson).","['Sherman Hemsley', 'Isabel Sanford', 'Damon Evans', 'Berlinda Tolbert', 'Roxie Roker', 'Zara Cully', 'Marla Gibbs', 'Franklin Cover', 'Paul Benedict', 'Mike Evans', 'Jay Hammer']",Tiered-Forest,"The candidate answer is incorrect. Oz Scott, Jack Shea, and Tony Singletary were directors, not actors who played characters on the show.

The actors who played the main characters on *The Jeffersons* were Sherman Hemsley (George Jefferson) and Isabel Sanford (Louise Jefferson).",True
WebQTest-1916,webqsp,test,what county is utica ny in?,"Utica, NY is in Oneida County.",['Oneida County'],Tiered-Forest,"Utica, NY is in Oneida County.",True
WebQTest-1489,webqsp,test,what character did billy d williams play in star wars?,Billy Dee Williams played the character **Lando Calrissian** in *Star Wars*.,['Lando Calrissian'],Tiered-Forest,Billy Dee Williams played the character **Lando Calrissian** in *Star Wars*.,True
WebQTest-1955,webqsp,test,who are the judges appointed in the supreme court?,"The candidate answer does not list specific judges. It references Supreme Court cases and the general process of appointing justices.

To answer your question directly: The current Supreme Court Justices (as of 2024) are:
*   John G. Roberts, Jr. (Chief Justice)
*   Clarence Thomas
*   Samuel A. Alito, Jr.
*   Sonia Sotomayor
*   Elena Kagan
*   Neil M. Gorsuch
*   Brett M. Kavanaugh
*   Amy Coney Barrett
*   Ketanji Brown Jackson","['Clarence Thomas', 'Antonin Scalia', 'Stephen Breyer', 'Ruth Bader Ginsburg', 'Anthony Kennedy', 'Samuel Alito', 'John Roberts', 'Elena Kagan', 'Sonia Sotomayor']",Tiered-Forest,"The candidate answer does not list specific judges. It references Supreme Court cases and the general process of appointing justices.

To answer your question directly: The current Supreme Court Justices (as of 2024) are:
*   John G. Roberts, Jr. (Chief Justice)
*   Clarence Thomas
*   Samuel A. Alito, Jr.
*   Sonia Sotomayor
*   Elena Kagan
*   Neil M. Gorsuch
*   Brett M. Kavanaugh
*   Amy Coney Barrett
*   Ketanji Brown Jackson",True
WebQTest-708,webqsp,test,who won fa cup 1976?,Manchester United won the FA Cup in 1976.,['Southampton F.C.'],Tiered-Forest,Manchester United won the FA Cup in 1976.,False
WebQTest-342,webqsp,test,what countries have english as their official language?,"The candidate answer is irrelevant to the question. Based on general knowledge, countries where English is an official language include:

**United Kingdom, United States, Canada, Australia, New Zealand, Ireland, India, South Africa, Nigeria, Kenya, Jamaica, Philippines, Singapore**, among others.","['Bahamas', 'Barbados', 'Belize', 'Bermuda', 'Botswana', 'Kenya', 'Cameroon', 'Cayman Islands', 'Cook Islands', 'Territory of Papua and New Guinea', 'Dominica', 'Fiji', 'Jersey', 'Guyana', 'Guam', 'Ghana', 'Gibraltar', 'Grenada', 'Hong Kong', 'India', 'Republic of Ireland', 'Isle of Man', 'Kiribati', 'Lesotho', 'Liberia', 'Malta', 'Marshall Islands', 'Montserrat', 'Namibia', 'Nauru', 'Nigeria', 'Papua New Guinea', 'Puerto Rico', 'Pakistan', 'Philippines', 'Rwanda', 'Saint Kitts and Nevis', 'Sierra Leone', 'Saint Lucia', 'Saint Vincent and the Grenadines', 'Samoa', 'Singapore', 'Sudan', 'Swaziland', 'Tanzania', 'Turks and Caicos Islands', 'Tuvalu', 'United Kingdom', 'Uganda', 'Vanuatu', 'Zimbabwe', 'Zambia', 'Territory of New Guinea', 'New Zealand', 'Canada', 'Gambia', 'South Africa', 'Wales', 'Antigua and Barbuda']",Tiered-Forest,"The candidate answer is irrelevant to the question. Based on general knowledge, countries where English is an official language include:

**United Kingdom, United States, Canada, Australia, New Zealand, Ireland, India, South Africa, Nigeria, Kenya, Jamaica, Philippines, Singapore**, among others.",True
WebQTest-921,webqsp,test,what was the cause of death for huell howser?,"Huell Howser died from natural causes. His death certificate listed the specific cause as ""coronary artery disease.""",['Prostate cancer'],Tiered-Forest,"Huell Howser died from natural causes. His death certificate listed the specific cause as ""coronary artery disease.""",False
WebQTest-774,webqsp,test,what kind of currency does the dominican republic have?,The Dominican Republic uses the Dominican peso as its currency.,['Dominican peso'],Tiered-Forest,The Dominican Republic uses the Dominican peso as its currency.,True
WebQTest-279,webqsp,test,what county is st paul va in?,"St. Paul, VA is in Albemarle County, Virginia.","['Wise County', 'Russell County']",Tiered-Forest,"St. Paul, VA is in Albemarle County, Virginia.",False
WebQTest-172,webqsp,test,what do you call members of the senate?,Members of the Senate are called **Senators**.,"['President of the Senate', 'State Senator', 'Chief of staff', 'President pro tempore', 'Senator', 'Senate majority leader']",Tiered-Forest,Members of the Senate are called **Senators**.,True
WebQTest-825,webqsp,test,who does nolan ryan play for?,"Nolan Ryan played for several teams during his career, most notably the Houston Astros and the Texas Rangers.","['Houston Astros', 'California Angels']",Tiered-Forest,"Nolan Ryan played for several teams during his career, most notably the Houston Astros and the Texas Rangers.",True
WebQTest-128,webqsp,test,who plays juni cortez?,"Daryl Sabara plays Juni Cortez in the ""Spy Kids"" film series.",['Daryl Sabara'],Tiered-Forest,"Daryl Sabara plays Juni Cortez in the ""Spy Kids"" film series.",True
WebQTest-178,webqsp,test,who was the leader of the us during wwii?,The leader of the United States during World War II was Franklin D. Roosevelt.,"['Franklin D. Roosevelt', 'Harry S. Truman']",Tiered-Forest,The leader of the United States during World War II was Franklin D. Roosevelt.,True
WebQTest-621,webqsp,test,what countries have german as the official language?,"Germany, Austria, and parts of Switzerland have German as their official language.","['Belgium', 'Germany', 'East Germany', 'Luxembourg', 'Liechtenstein', 'Switzerland', 'Austria']",Tiered-Forest,"Germany, Austria, and parts of Switzerland have German as their official language.",True
WebQTest-671,webqsp,test,who are the senators of hawaii 2012?,"In 2012, the U.S. Senators from Hawaii were **Daniel Inouye** (D) and **Daniel Akaka** (D).

*   Daniel Inouye served from 1963 until his death on December 17, 2012.
*   Daniel Akaka served from 1990 until his retirement in 2013.",['Mazie Hirono'],Tiered-Forest,"In 2012, the U.S. Senators from Hawaii were **Daniel Inouye** (D) and **Daniel Akaka** (D).

*   Daniel Inouye served from 1963 until his death on December 17, 2012.
*   Daniel Akaka served from 1990 until his retirement in 2013.",False
WebQTest-346,webqsp,test,who does donnie wahlberg play in the sixth sense?,"Donnie Wahlberg plays Vincent Grey, a disturbed former patient of Dr. Malcolm Crowe, in *The Sixth Sense*.",['Vincent Grey'],Tiered-Forest,"Donnie Wahlberg plays Vincent Grey, a disturbed former patient of Dr. Malcolm Crowe, in *The Sixth Sense*.",True
WebQTest-331,webqsp,test,where was the temple of karnak built?,"The Temple of Karnak was built in **Thebes (modern-day Luxor), Egypt**, on the east bank of the Nile River.","['Luxor Governorate', 'Egypt']",Tiered-Forest,"The Temple of Karnak was built in **Thebes (modern-day Luxor), Egypt**, on the east bank of the Nile River.",True
WebQTest-100,webqsp,test,what language is spoken in haiti today?,"Haiti is primarily spoken in Haitian Creole, with French also being an official language.","['Haitian Creole', 'French']",Tiered-Forest,"Haiti is primarily spoken in Haitian Creole, with French also being an official language.",True
WebQTest-852,webqsp,test,what province is toronto in ( 7 letters )?,"1. The question asks for the province containing Toronto.  
2. Toronto is a major city in Canada.  
3. The province is Ontario.  
4. Ontario has 7 letters, which matches the hint in parentheses.  

**Answer: Ontario**",['Ontario'],Tiered-Forest,"1. The question asks for the province containing Toronto.  
2. Toronto is a major city in Canada.  
3. The province is Ontario.  
4. Ontario has 7 letters, which matches the hint in parentheses.  

**Answer: Ontario**",True
WebQTest-1634,webqsp,test,who does peter griffin voice?,Peter Griffin is voiced by **Seth MacFarlane**.,['Seth MacFarlane'],Tiered-Forest,Peter Griffin is voiced by **Seth MacFarlane**.,True
WebQTest-1915,webqsp,test,where did harry s truman go to school?,"Harry S. Truman did not attend college. He graduated from high school in Independence, Missouri (Independence High School, 1901), and later took night classes at the Kansas City School of Law but did not earn a degree.","['University of Missouri–Kansas City', 'University of Missouri–Kansas City School of Law', 'William Chrisman High School']",Tiered-Forest,"Harry S. Truman did not attend college. He graduated from high school in Independence, Missouri (Independence High School, 1901), and later took night classes at the Kansas City School of Law but did not earn a degree.",False
WebQTest-257,webqsp,test,who was the soviet leader during world war ii?,The Soviet leader during World War II was Joseph Stalin.,"['Nikita Khrushchev', 'Leonid Brezhnev']",Tiered-Forest,The Soviet leader during World War II was Joseph Stalin.,False
WebQTest-633,webqsp,test,what is claire danes famous for?,"Claire Danes is famous for her role as Carrie Mathison in the TV series **""Homeland""**, which earned her critical acclaim and multiple awards. She is also known for earlier roles like Angela Chase in **""My So-Called Life""** and Juliet in the 1996 film **""Romeo + Juliet""**.","['Actor', 'Television producer', 'Voice Actor']",Tiered-Forest,"Claire Danes is famous for her role as Carrie Mathison in the TV series **""Homeland""**, which earned her critical acclaim and multiple awards. She is also known for earlier roles like Angela Chase in **""My So-Called Life""** and Juliet in the 1996 film **""Romeo + Juliet""**.",False
WebQTest-1004,webqsp,test,what movies did christopher plummer play in?,"Christopher Plummer played in *The New World*, *The Sound of Music*, and *Inside Man*.","['Elsa & Fred', 'Remember', 'The Insider', 'I Love N.Y.', 'Star Trek VI: The Undiscovered Country', 'Battle of Britain', 'Malcolm X', 'The Fall of the Roman Empire', 'Little Gloria... Happy at Last', 'Money', 'Stage Struck', 'Murder by Decree', 'Triple Cross', ""A Doll's House"", 'Young Catherine', 'Dolores Claiborne', 'Lily in Love', 'The Imaginarium of Doctor Parnassus', 'Up', 'The Pyx', 'Babes in Toyland', 'Eyewitness', 'The Clown at Midnight', 'Firehead', 'Nicholas Nickleby', '9', 'American Tragedy', 'Hamlet at Elsinore', 'Wolf', 'National Treasure', 'Man in the Chair', 'Lucky Break', 'Ararat', 'Riel', 'Somewhere in Time', 'The Amateur', 'An American Tail', 'The Spiral Staircase', 'My Dog Tulip', 'The Last Station', 'Alexander', 'A Hazard of Hearts', 'Conduct Unbecoming', 'Aces High', 'Already Dead', 'The Conspiracy of Fear', ""Liar's Edge"", 'Blackheart', 'Blizzard', 'The Dinosaur Hunter', 'Prototype', 'The First Circle', 'Dracula 2000', 'Lock Up Your Daughters', 'Nobody Runs Forever', 'The New World', 'Dreamscape', 'Cold Creek Manor', ""The Boss' Wife"", 'Wind Across the Everglades', 'Our Fathers', 'Inside Daisy Clover', 'The Return of the Pink Panther', 'When the Circus Came to Town', 'Shadow Dancing', 'Rock-a-Doodle', 'On Golden Pond', 'The Night of the Generals', 'Hanover Street', 'Gandahar', 'The Man Who Planted Trees', 'Secrets', 'Possessed', 'Priest', 'Syriana', 'The Scarlet and the Black', 'Must Love Dogs', '12 Monkeys', 'Waterloo', 'Where the Heart Is', 'Full Disclosure', 'Starcrash', 'The Boy in Blue', 'A Beautiful Mind', 'Inside Man', 'The Man Who Would Be King', 'Winchell', 'Beginners', 'Dragnet', 'Ordeal by Innocence', 'Impolite', 'Vampire in Venice', 'The Lake House', 'Night Flight', 'The Day That Shook the World', 'The Gospel of John', 'Heidi', 'Madeline: Lost in Paris', 'Oedipus the King', 'The Royal Hunt of the Sun', 'Woman Wanted', ""A Marriage: Georgia O'Keeffe and Alfred Stieglitz"", 'The Sound of Music', 'Four Minutes', 'Hidden Agenda', 'The Assignment', 'Highpoint', 'Souvenir', 'Harrison Bergeron', 'The Girl with the Dragon Tattoo', 'Five Good Years', 'The Silent Partner', 'Closing the Ring', 'International Velvet', 'Rumpelstiltskin', 'Silver Blaze', 'Emotional Arithmetic', 'Barrymore', 'Dark Descent of the Forgotten Empress', 'Kali the Little Vampire', 'Skeletons', ""The Gnomes' Great Adventure"", 'Imagine', 'The Legend of Sarila', 'The Tempest', 'Hector and the Search for Happiness', 'Caesar and Cleopatra', ""Muhammad Ali's Greatest Fight"", 'The Forger']",Tiered-Forest,"Christopher Plummer played in *The New World*, *The Sound of Music*, and *Inside Man*.",True
WebQTest-797,webqsp,test,what is the zip code for newark california?,"The primary zip code for Newark, California is 94560.",['94560'],Tiered-Forest,"The primary zip code for Newark, California is 94560.",True
WebQTest-1252,webqsp,test,who plays eowyn in lord of the rings?,"The candidate answer is incorrect. Peter Jackson is the director, and John Rhys-Davies plays Gimli. The actor who plays Éowyn in *The Lord of the Rings* is **Miranda Otto**.",['Miranda Otto'],Tiered-Forest,"The candidate answer is incorrect. Peter Jackson is the director, and John Rhys-Davies plays Gimli. The actor who plays Éowyn in *The Lord of the Rings* is **Miranda Otto**.",True
WebQTest-184,webqsp,test,what state does romney live in?,"Mitt Romney is a U.S. Senator from Utah. Therefore, the state he lives in is **Utah**.",['Massachusetts'],Tiered-Forest,"Mitt Romney is a U.S. Senator from Utah. Therefore, the state he lives in is **Utah**.",False
WebQTest-2012,webqsp,test,what is london uk time zone?,"London, UK is in the Greenwich Mean Time (GMT) zone and British Summer Time (BST), which is GMT+1 from March to October.",['Greenwich Mean Time Zone'],Tiered-Forest,"London, UK is in the Greenwich Mean Time (GMT) zone and British Summer Time (BST), which is GMT+1 from March to October.",False
WebQTest-318,webqsp,test,what is the money of switzerland called?,The currency of Switzerland is the Swiss franc (CHF).,['Swiss franc'],Tiered-Forest,The currency of Switzerland is the Swiss franc (CHF).,True
WebQTest-1007,webqsp,test,what district does nancy pelosi represent?,Nancy Pelosi represents California's 11th congressional district.,"['California’s 5th congressional district', 'California’s 8th congressional district', 'California’s 12th congressional district']",Tiered-Forest,Nancy Pelosi represents California's 11th congressional district.,False
WebQTest-1911,webqsp,test,where did scott fitzgerald go to college?,Scott Fitzgerald attended Princeton University.,['Princeton University'],Tiered-Forest,Scott Fitzgerald attended Princeton University.,True
WebQTest-1121,webqsp,test,what is kentucky state slogan?,"The Kentucky state slogan is ""The Bluegrass State.""","['United we stand, divided we fall']",Tiered-Forest,"The Kentucky state slogan is ""The Bluegrass State.""",False
WebQTest-224,webqsp,test,where did william morris go to college?,"William Morris attended Exeter College, Oxford.","['University of Oxford', 'Exeter College, Oxford']",Tiered-Forest,"William Morris attended Exeter College, Oxford.",True
WebQTest-617,webqsp,test,where did tim tebow grow up?,"Tim Tebow grew up in Jacksonville, Florida.",['Makati'],Tiered-Forest,"Tim Tebow grew up in Jacksonville, Florida.",False
WebQTest-1251,webqsp,test,which countries speak germanic languages?,"Germanic languages are spoken in several countries including Germany, Austria, Switzerland, Belgium, Netherlands, Denmark, Norway, Sweden, and parts of England and Canada.","['Belgium', 'Germany', 'East Germany', 'Luxembourg', 'Liechtenstein', 'Switzerland', 'Austria']",Tiered-Forest,"Germanic languages are spoken in several countries including Germany, Austria, Switzerland, Belgium, Netherlands, Denmark, Norway, Sweden, and parts of England and Canada.",True
WebQTest-124,webqsp,test,what language does egyptian people speak?,"The candidate answer ""Ein Abendbesuch bei Pelekanen"" is in **German**, but it is unrelated to the question.

To answer the question directly: The official language of Egypt is **Arabic** (specifically Egyptian Arabic).",['Modern Standard Arabic'],Tiered-Forest,"The candidate answer ""Ein Abendbesuch bei Pelekanen"" is in **German**, but it is unrelated to the question.

To answer the question directly: The official language of Egypt is **Arabic** (specifically Egyptian Arabic).",False
WebQTest-1230,webqsp,test,what to see in christchurch new zealand?,"In Christchurch, New Zealand, you should see the iconic ChristChurch Cathedral, the Botanic Gardens, and the Arts Centre.","['International Antarctic Centre', 'Ferrymead Heritage Park', 'Cathedral Square, Christchurch', 'Willowbank Wildlife Reserve, Christchurch', 'Christchurch Botanic Gardens', 'Christchurch Arts Centre', 'Air Force Museum of New Zealand', 'Canterbury Museum, Christchurch', 'TranzAlpine', 'Lyttelton Timeball Station']",Tiered-Forest,"In Christchurch, New Zealand, you should see the iconic ChristChurch Cathedral, the Botanic Gardens, and the Arts Centre.",False
WebQTest-204,webqsp,test,what is the capital of modern egypt?,The capital of modern Egypt is **Cairo**.,['Cairo'],Tiered-Forest,The capital of modern Egypt is **Cairo**.,True
WebQTest-1070,webqsp,test,what are the names of michael jackson's 3 children?,"Michael Jackson's three children are named Prince, Paris, and Blanket (whose legal name is Michael Joseph Jackson Jr., but he goes by Bigi). 

The candidate answer (blues, rock music, hip-hop) is incorrect and unrelated to the question.","['Paris-Michael Katherine Jackson', 'Michael Joseph Jackson, Jr.', 'Prince Michael Jackson II']",Tiered-Forest,"Michael Jackson's three children are named Prince, Paris, and Blanket (whose legal name is Michael Joseph Jackson Jr., but he goes by Bigi). 

The candidate answer (blues, rock music, hip-hop) is incorrect and unrelated to the question.",False
WebQTest-166,webqsp,test,what was dr seuss education?,"Dr. Seuss (Theodor Seuss Geisel) earned a Bachelor of Arts in English from Dartmouth College in 1925 and later attended Lincoln College, Oxford, to pursue a doctorate in English literature. He left Oxford in 1927 without completing the degree.","['Dartmouth College', 'University of Oxford', 'Lincoln College, Oxford']",Tiered-Forest,"Dr. Seuss (Theodor Seuss Geisel) earned a Bachelor of Arts in English from Dartmouth College in 1925 and later attended Lincoln College, Oxford, to pursue a doctorate in English literature. He left Oxford in 1927 without completing the degree.",True
WebQTest-1217,webqsp,test,what is monta ellis career high points?,Monta Ellis's career high points in a game were 37 points.,['NBA Most Improved Player Award'],Tiered-Forest,Monta Ellis's career high points in a game were 37 points.,False
WebQTest-717,webqsp,test,what timezone is tucson arizona in right now?,"Tucson, Arizona is currently in the Mountain Time Zone (MT).",['Mountain Time Zone'],Tiered-Forest,"Tucson, Arizona is currently in the Mountain Time Zone (MT).",True
WebQTest-575,webqsp,test,who is louisiana state senator?,"To answer ""who is Louisiana state senator?"" correctly: Louisiana has 39 state senators, each representing a specific district. Since the individuals holding these offices change over time, the most accurate and current list is maintained by the Louisiana State Legislature's official website.

For the most up-to-date information, you should consult the official Louisiana Senate website or a reliable government directory.","['John Slidell', 'Mary Landrieu', 'Edward Livingston', 'Judah P. Benjamin', 'Russell B. Long', 'John Breaux', 'David Vitter', 'William C. C. Claiborne', 'Edward Douglass White', 'Pierre Soulé', 'James Brown', 'Thomas Posey', 'Charles Magill Conrad', 'Eligius Fromentin', 'Jean Noel Destréhan', 'Henry Johnson', 'Alexander Barrow', 'Charles Dominique Joseph Bouligny', 'Jeremiah B. Howell', 'George A. Waggaman', 'Robert C. Nicholas', 'Allan B. Magruder', 'Josiah S. Johnston', 'Alexander Porter', 'Alexandre Mouton', 'Huey Long']",Tiered-Forest,"To answer ""who is Louisiana state senator?"" correctly: Louisiana has 39 state senators, each representing a specific district. Since the individuals holding these offices change over time, the most accurate and current list is maintained by the Louisiana State Legislature's official website.

For the most up-to-date information, you should consult the official Louisiana Senate website or a reliable government directory.",False
WebQTest-96,webqsp,test,where did richard nixon die?,Richard Nixon died in New York City.,['New York City'],Tiered-Forest,Richard Nixon died in New York City.,True
WebQTest-1357,webqsp,test,where is the fukushima daiichi nuclear power station?,"The Fukushima Daiichi nuclear power station is located in Fukushima Prefecture, northeastern Japan.","['Japan', 'Okuma']",Tiered-Forest,"The Fukushima Daiichi nuclear power station is located in Fukushima Prefecture, northeastern Japan.",True
WebQTest-968,webqsp,test,what do people speak in germany?,"Germans primarily speak **German**.  

However, due to immigration and international communities, many other languages are also spoken, such as Turkish, Arabic, Polish, Russian, and English (which is widely taught as a second language).","['Bavarian Language', 'Frisian, Northern Language', 'German Language', 'Turoyo Language', 'Saxon, Upper Language', 'Low German']",Tiered-Forest,"Germans primarily speak **German**.  

However, due to immigration and international communities, many other languages are also spoken, such as Turkish, Arabic, Polish, Russian, and English (which is widely taught as a second language).",False
WebQTest-277,webqsp,test,who was esther's husband?,Esther's husband in the biblical story is Mordecai.,"['Xerxes I', 'Ahasuerus']",Tiered-Forest,Esther's husband in the biblical story is Mordecai.,False
WebQTest-1774,webqsp,test,who was judi dench married to?,Judi Dench was married to actor Michael Williams from 1971 until his death in 2001.,['Michael Williams'],Tiered-Forest,Judi Dench was married to actor Michael Williams from 1971 until his death in 2001.,True
WebQTest-306,webqsp,test,who is the head coach of inter milan?,The head coach of Inter Milan is Simone Inzaghi.,['Walter Mazzarri'],Tiered-Forest,The head coach of Inter Milan is Simone Inzaghi.,False
WebQTest-1429,webqsp,test,what currency is accepted in new zealand?,The currency accepted in New Zealand is the New Zealand dollar (NZD).,['New Zealand dollar'],Tiered-Forest,The currency accepted in New Zealand is the New Zealand dollar (NZD).,True
WebQTest-214,webqsp,test,which continents were part of the roman empire?,"The Roman Empire at its height included parts of Europe, Asia, and Africa.","['Europe', 'Middle East', 'North Africa']",Tiered-Forest,"The Roman Empire at its height included parts of Europe, Asia, and Africa.",True
WebQTest-1586,webqsp,test,who was queen isabella's mother?,Queen Isabella I of Castile's mother was **Isabella of Portugal** (Isabel de Portugal).,"['Isabella of Portugal, Queen of Castile']",Tiered-Forest,Queen Isabella I of Castile's mother was **Isabella of Portugal** (Isabel de Portugal).,False
WebQTest-213,webqsp,test,who did scarlett johansson date?,"Scarlett Johansson dated musician Sean Penn (around 2011-2012) and advertising executive Nate Naylor (around 2017-2019). The ""Candidate answer"" references are not relevant to her dating history.","['nm1157013', 'Josh Hartnett', 'Topher Grace', 'Jared Leto', 'Ryan Reynolds', 'Patrick Wilson', 'Justin Timberlake', 'Benicio del Toro', 'Romain Dauriac']",Tiered-Forest,"Scarlett Johansson dated musician Sean Penn (around 2011-2012) and advertising executive Nate Naylor (around 2017-2019). The ""Candidate answer"" references are not relevant to her dating history.",False
WebQTest-1085,webqsp,test,who was demi lovato dating?,"Demi Lovato was engaged to actor Max Ehrich in 2020, but the engagement ended. Prior to that, they dated other high-profile individuals, including actor Wilmer Valderrama and musician Joe Jonas.","['Nicholas Braun', 'Joe Jonas', 'Cody Linley', 'Wilmer Valderrama']",Tiered-Forest,"Demi Lovato was engaged to actor Max Ehrich in 2020, but the engagement ended. Prior to that, they dated other high-profile individuals, including actor Wilmer Valderrama and musician Joe Jonas.",True
WebQTest-1304,webqsp,test,what was hitler the leader of?,"Hitler was the leader of Nazi Germany, officially holding the titles of **Führer und Reichskanzler** (Leader and Reich Chancellor) of the German Reich and the **Führer** of the National Socialist German Workers' Party (Nazi Party).","['Hitler Youth', 'Gestapo', '1st SS Panzer Division Leibstandarte SS Adolf Hitler', 'Nazi Party', 'Schutzstaffel', 'Waffen-SS', 'Wehrmacht', 'Sturmabteilung']",Tiered-Forest,"Hitler was the leader of Nazi Germany, officially holding the titles of **Führer und Reichskanzler** (Leader and Reich Chancellor) of the German Reich and the **Führer** of the National Socialist German Workers' Party (Nazi Party).",True
WebQTest-1610,webqsp,test,who was gerald ford vp?,Gerald Ford’s vice president was **Nelson Rockefeller**.,['Nelson Rockefeller'],Tiered-Forest,Gerald Ford’s vice president was **Nelson Rockefeller**.,True
WebQTest-440,webqsp,test,where is jason mraz from?,"Jason Mraz is from Mechanicsville, Virginia, United States.","['California', 'Mechanicsville']",Tiered-Forest,"Jason Mraz is from Mechanicsville, Virginia, United States.",True
WebQTest-108,webqsp,test,what was the book written by charles darwin?,"Charles Darwin wrote ""On the Origin of Species,"" which presented his theory of evolution by natural selection.","[""Charles Darwin's zoology notes & specimen lists from H.M.S. Beagle"", 'From so simple a beginning', 'On Natural Selection', 'Voyage of the Beagle', 'On evolution', 'The origin of species : complete and fully illustrated', ""A student's introduction to Charles Darwin"", 'The expression of the emotions in man and animals', 'The Structure and Distribution of Coral Reefs', 'The descent of man, and selection in relation to sex', 'The origin of species by means of natural selection, or, The preservation of favored races in the struggle for life', ""Charles Darwin's letters"", ""Charles Darwin's natural selection"", 'The Autobiography of Charles Darwin (Great Minds Series)', 'The Correspondence of Charles Darwin, Volume 1', 'The origin of species', 'Origin of Species', ""The Origin of Species (Collector's Library)"", 'The Origin of Species (Variorum Reprint)', 'The Origin of Species (Mentor)', ""The Origin of Species (World's Classics)"", 'The Origin of Species (Enriched Classics)', ""The Origin of Species (Oxford World's Classics)"", ""Origin of Species (Everyman's University Paperbacks)"", 'The Origin of Species (Great Minds Series)', 'The Origin of Species (Great Books : Learning Channel)', 'THE ORIGIN OF SPECIES (Wordsworth Collection) (Wordsworth Collection)', 'Origin of Species (Harvard Classics, Part 11)', 'The Origin of Species (Barnes & Noble Classics Series) (Barnes & Noble Classics)', 'The Autobiography of Charles Darwin', 'Autobiography of Charles Darwin', 'The Autobiography of Charles Darwin (Dodo Press)', 'The autobiography of Charles Darwin, 1809-1882', 'The Autobiography of Charles Darwin [EasyRead Edition]', 'The Autobiography of Charles Darwin (Large Print)', 'The Autobiography of Charles Darwin, and selected letters', 'The Autobiography of Charles Darwin [EasyRead Comfort Edition]', 'The Autobiography of Charles Darwin [EasyRead Large Edition]', 'The descent of man, and selection in relation to sex.', 'The descent of man and selection in relation to sex.', 'The Descent of Man and Selection in Relation to Sex', 'Descent of Man and Selection in Relation to Sex (Barnes & Noble Library of Essential Reading)', ""The Descent Of Man And Selection In Relation To Sex (Kessinger Publishing's Rare Reprints)"", 'The expression of the emotions in man and animals.', 'The Expression of the Emotions in Man and Animals (Large Print Edition): The Expression of the Emotions in Man and Animals (Large Print Edition)', 'The Voyage of the Beagle', 'The Correspondence of Charles Darwin, Volume 6', 'The Correspondence of Charles Darwin, Volume 11', 'The Correspondence of Charles Darwin, Volume 5', 'The Correspondence of Charles Darwin, Volume 9', 'The Correspondence of Charles Darwin, Volume 10', 'The Correspondence of Charles Darwin, Volume 7', 'The Correspondence of Charles Darwin, Volume 14', 'The Correspondence of Charles Darwin, Volume 8', 'The Correspondence of Charles Darwin, Volume 15', 'The Correspondence of Charles Darwin, Volume 13', 'The Correspondence of Charles Darwin, Volume 12', 'The Correspondence of Charles Darwin, Volume 2', 'The Correspondence of Charles Darwin, Volume 3', 'The Correspondence of Charles Darwin, Volume 4', 'The structure and distribution of coral reefs.', 'The voyage of the Beagle.', 'The Voyage of the \\""Beagle\\"" (Everyman\'s Classics)', 'The Voyage of the Beagle (Adventure Classics)', 'The Voyage of the Beagle (Everyman Paperbacks)', 'Voyage of the Beagle (Dover Value Editions)', 'The Voyage of the Beagle (Unabridged Classics)', 'The Voyage of the Beagle (Mentor)', 'The Voyage of the Beagle (Great Minds Series)', 'Voyage of the Beagle (NG Adventure Classics)', 'Voyage of the Beagle (Harvard Classics, Part 29)', 'The Voyage of the Beagle (Classics of World Literature) (Classics of World Literature)', 'The Darwin Reader First Edition', 'The Darwin Reader Second Edition', 'The zoology of the voyage of H.M.S. Beagle during the years 1832-1836', 'The Effects of Cross and Self Fertilisation in the Vegetable Kingdom', 'The Different Forms of Flowers on Plants of the Same Species', 'The Essential Darwin', 'Fertilisation of Orchids', 'The Formation of Vegetable Mould through the Action of Worms', 'The principal works', 'ontstaan der soorten door natuurlijke teeltkeus', 'More Letters of Charles Darwin', 'Der Ausdruck der Gemüthsbewegungen bei dem Menschen und den Thieren', 'Wu zhong qi yuan', 'The collected papers of Charles Darwin', 'Reise eines Naturforschers um die Welt', 'Rejse om jorden', 'Das Variiren der Thiere und Pflanzen im Zustande der Domestication', 'Leben und Briefe von Charles Darwin', 'La faculté motrice dans les plantes', 'Darwin for Today', 'Die Bewegungen und Lebensweise der kletternden Pflanzen', 'red notebook of Charles Darwin', 'Darwin en Patagonia', 'Die geschlechtliche Zuchtwahl', 'Het uitdrukken van emoties bij mens en dier', 'variëeren der huisdieren en cultuurplanten', 'To the members of the Down Friendly Club', 'Letters from C. Darwin, Esq., to A. Hancock, Esq', 'Cartas de Darwin 18251859', 'Darwin and Henslow', ""Darwin's notebooks on transmutation of species"", 'El Origin De Las Especies', 'A Darwin Selection', 'Vospominanii︠a︡ o razvitii moego uma i kharaktera', ""Voyage d'un naturaliste autour du monde"", ""Théorie de l'évolution"", 'Notebooks on transmutation of species', 'Darwin on humus and the earthworm', 'Opshṭamung fun menshen', 'Über den Bau und die Verbreitung der Corallen-Riffe', 'Darwin Compendium', 'The geology of the voyage of H.M.S. Beagle', 'Gesammelte kleinere Schriften', 'The portable Darwin', 'H.M.S. Beagle in South America', 'Diario del Viaje de Un Naturalista Alrededor', 'Reise um die Welt 1831 - 36', 'Viaje de Un Naturalista Alrededor del Mundo 2 Vol', 'Die fundamente zur entstehung der arten', 'Metaphysics, Materialism, & the evolution of mind', 'Über die Wege der Hummel-Männchen', 'The education of Darwin', 'monograph on the sub-class Cirripedia', 'The Orgin of Species', 'Questions about the breeding of animals', 'Kleinere geologische Abhandlungen', 'Darwin Darwin', 'Les mouvements et les habitudes des plantes grimpantes', 'Les récifs de corail, leur structure et leur distribution', 'Die Entstehung der Arten durch natürliche Zuchtwahl', 'Del Plata a Tierra del Fuego', 'Darwinism stated by Darwin himself', ""Human nature, Darwin's view"", 'The action of carbonate of ammonia on the roots of certain plants', 'Darwin-Wallace', 'Die Wirkungen der Kreuz- und Selbst-Befruchtung im Pflanzenreich', ""From Darwin's unpublished notebooks"", 'Beagle letters', 'The living thoughts of Darwin', 'Notes on the fertilization of orchids', 'Volcanic Islands', ""Darwin's journal"", 'Memorias y epistolario íntimo', 'On the tendency of species to form varieties', ""Darwin's Ornithological notes"", 'Proiskhozhdenie vidov', 'The Power of Movement in Plants', 'Seul celui qui change reste fidèle à lui-même', ""Les moyens d'expression chez les animaux"", 'Part I: Contributions to the Theory of Natural Selection / Part II', 'Resa kring jorden', 'Tesakneri tsagumě', 'La vie et la correspondance de Charles Darwin', 'Evolution by natural selection', 'Motsa ha-minim', ""La descendance de l'homme et la s©Øelection sexuelle"", ""Un mémoire inédit de Charles Darwin sur l'instinct"", 'Die verschiedenen Blütenformen an Pflanzen der nämlichen Art', ""Darwin's insects"", 'Diary of the voyage of H.M.S. Beagle', 'geneseōs tōn eidōn', 'Insectivorous Plants', 'The Variation of Animals and Plants under Domestication', 'Charles Darwin, 1809-1882--Anton Dohrn, 1840-1909', 'On a remarkable bar of sandstone off Pernambuco', 'The voyage of Charles Darwin', 'Works', ""Geological observations on the volcanic islands and parts of South America visited during the voyage of H.M.S. 'Beagle"", ""Journal of researches into the natural history and geology of the countries visited during the voyage round the world of the H. M. S. 'Beagle' under the command of Captain Fitz Roy, R. N"", 'Charles Darwin', 'Charles Darwin on the routes of male humble bees', ""Charles Darwin's marginalia"", 'Darwin', 'Evolution', 'Evolution and natural selection', 'The foundations of the Origin of species', 'Monographs of the fossil Lepadidae and the fossil Balanidae', 'On the origin of species by means of natural selection', 'Origins', 'The Life of Erasmus Darwin', 'The Correspondence of Charles Darwin, Volume 1: 1821-1836', 'The Correspondence of Charles Darwin, Volume 2: 1837-1843', 'The Correspondence of Charles Darwin, Volume 3: 1844-1846', 'The Correspondence of Charles Darwin, Volume 8: 1860', 'The Correspondence of Charles Darwin, Volume 4: 1847-1850', 'The Correspondence of Charles Darwin, Volume 5: 1851-1855', 'The Correspondence of Charles Darwin, Volume 6: 1856-1857', 'The Correspondence of Charles Darwin, Volume 7: 1858-1859', 'The Correspondence of Charles Darwin, Volume 9: 1861', 'The Correspondence of Charles Darwin, Volume 10: 1862', 'The Correspondence of Charles Darwin, Volume 11: 1863', 'The Correspondence of Charles Darwin, Volume 12: 1864', 'The Correspondence of Charles Darwin, Volume 13: 1865', 'The Correspondence of Charles Darwin, Volume 14: 1866', 'The Correspondence of Charles Darwin, Volume 15: 1867', 'The Correspondence of Charles Darwin, Volume 18: 1870', 'The Correspondence of Charles Darwin, Volume 17: 1869', 'The Correspondence of Charles Darwin, Volume 16: 1868', 'On the Movements and Habits of Climbing Plants', 'Geological Observations on South America']",Tiered-Forest,"Charles Darwin wrote ""On the Origin of Species,"" which presented his theory of evolution by natural selection.",True
WebQTest-1434,webqsp,test,who is in the american league in baseball?,"The American League in baseball consists of 15 teams across three divisions: the AL East, AL Central, and AL West.","['Boston Red Sox', 'Baltimore Orioles', 'Chicago White Sox', 'Cleveland Indians', 'Detroit Tigers', 'Houston Astros', 'Kansas City Royals', 'Los Angeles Angels of Anaheim', 'Minnesota Twins', 'Washington Senators', 'Oakland Athletics', 'Philadelphia Athletics', 'Tampa Bay Devil Rays', 'Seattle Mariners', 'Toronto Blue Jays', 'Tampa Bay Rays', 'Texas Rangers', 'New York Yankees', 'Seattle Pilots', 'St. Louis Browns', 'Milwaukee Brewers', 'New York Highlanders', 'Chicago White Stockings', 'Cleveland Naps', 'Kansas City Athletics', 'California Angels', 'Anaheim Angels']",Tiered-Forest,"The American League in baseball consists of 15 teams across three divisions: the AL East, AL Central, and AL West.",False
WebQTest-1875,webqsp,test,what type of political system is brazil?,"Brazil is a **federal presidential constitutional republic**.  

This means:  
1. **Federal** – Power is divided between a central government and 26 states plus a federal district.  
2. **Presidential** – The president is both head of state and head of government, elected separately from the legislature.  
3. **Constitutional republic** – Governed by a constitution, with elected representatives and no monarchy.","['Presidential system', 'Constitutional republic', 'Federal republic']",Tiered-Forest,"Brazil is a **federal presidential constitutional republic**.  

This means:  
1. **Federal** – Power is divided between a central government and 26 states plus a federal district.  
2. **Presidential** – The president is both head of state and head of government, elected separately from the legislature.  
3. **Constitutional republic** – Governed by a constitution, with elected representatives and no monarchy.",True
WebQTest-1670,webqsp,test,who is tatyana ali parents?,Tatyana Ali's parents are Sonia Ali (mother) and Sheriff Ali (father).,"['Sheriff Ali', 'Sonia Ali']",Tiered-Forest,Tatyana Ali's parents are Sonia Ali (mother) and Sheriff Ali (father).,True
WebQTest-1853,webqsp,test,what made richard hammond famous?,"Petrolheads, Richard Hammond's Crash Course, The Great Escapists","['Presenter', 'Stunt Performer', 'Television producer', 'Radio personality', 'Writer', 'Journalist', 'Screenwriter', 'Author', 'Voice Actor']",Tiered-Forest,"Petrolheads, Richard Hammond's Crash Course, The Great Escapists",False
WebQTest-667,webqsp,test,what is the capital of republic of ireland?,The capital of the Republic of Ireland is Dublin.,['Dublin'],Tiered-Forest,The capital of the Republic of Ireland is Dublin.,True
WebQTest-1181,webqsp,test,what is the current time in kauai hawaii?,"Kauai, Hawaii, is in the Hawaii-Aleutian Standard Time (HST) zone, which does not observe daylight saving time.  

The current time in HST is **UTC-10**.  

If I check the current UTC time, I can calculate Kauai's time. Since I don't have real-time access, I can't give you the exact current clock time, but you can:  

1. Take the current Coordinated Universal Time (UTC).  
2. Subtract 10 hours to get Hawaii time.  

For example, if it's 20:00 UTC, it would be 10:00 AM in Kauai.  

**Short answer:** To know the exact current time in Kauai, check a world clock or time zone converter online for **HST (UTC-10)**.",['Hawaii-Aleutian Time Zone'],Tiered-Forest,"Kauai, Hawaii, is in the Hawaii-Aleutian Standard Time (HST) zone, which does not observe daylight saving time.  

The current time in HST is **UTC-10**.  

If I check the current UTC time, I can calculate Kauai's time. Since I don't have real-time access, I can't give you the exact current clock time, but you can:  

1. Take the current Coordinated Universal Time (UTC).  
2. Subtract 10 hours to get Hawaii time.  

For example, if it's 20:00 UTC, it would be 10:00 AM in Kauai.  

**Short answer:** To know the exact current time in Kauai, check a world clock or time zone converter online for **HST (UTC-10)**.",False
WebQTest-397,webqsp,test,what are the school colors for harvard university?,The school colors for Harvard University are crimson and white.,['Crimson'],Tiered-Forest,The school colors for Harvard University are crimson and white.,True
WebQTest-60,webqsp,test,where did eleanor roosevelt die?,"Eleanor Roosevelt died in her apartment at 55 East 74th Street in Manhattan, New York City.",['Manhattan'],Tiered-Forest,"Eleanor Roosevelt died in her apartment at 55 East 74th Street in Manhattan, New York City.",True
WebQTest-284,webqsp,test,where did the latin language originate from?,The Latin language originated from the Latium region in ancient Italy.,"['Italic languages', 'Indo-European languages']",Tiered-Forest,The Latin language originated from the Latium region in ancient Italy.,False
WebQTest-481,webqsp,test,what kind of money do they use in germany?,Germany uses the **Euro (€)** as its official currency.,['Euro'],Tiered-Forest,Germany uses the **Euro (€)** as its official currency.,True
WebQTest-1972,webqsp,test,where did john franklin live?,"John Franklin lived in the fictional town of Gatlin, Nebraska, in the film *Children of the Corn*.",['Blue Island'],Tiered-Forest,"John Franklin lived in the fictional town of Gatlin, Nebraska, in the film *Children of the Corn*.",False
WebQTest-1350,webqsp,test,what did jesse owens won?,"Jesse Owens won four gold medals at the 1936 Berlin Olympics in the 100m, 200m, long jump, and 4x100m relay.",['Associated Press Male Athlete of the Year'],Tiered-Forest,"Jesse Owens won four gold medals at the 1936 Berlin Olympics in the 100m, 200m, long jump, and 4x100m relay.",False
WebQTest-1656,webqsp,test,what are some of leonardo da vinci most famous inventions?,"Leonardo da Vinci's most famous inventions are not paintings but rather his engineering and conceptual designs. Some of the most renowned include:

*   The **parachute**
*   The **helical air screw** (an early concept for a helicopter)
*   The **ornithopter** (a flying machine with flapping wings)
*   The **armored tank** (a covered, mobile gun platform)
*   The **revolving bridge** (for rapid military deployment)

While he is most famous for paintings like the *Mona Lisa* (a portrait) and *The Last Supper* (a religious painting), these are his artistic masterpieces, not inventions.","['Anemometer', 'Diving suit', 'Ornithopter', 'Viola organista', 'Double hull', 'Parachute', 'Triple Barrel Canon', '33-Barreled Organ', 'Aerial Screw', 'Armored car']",Tiered-Forest,"Leonardo da Vinci's most famous inventions are not paintings but rather his engineering and conceptual designs. Some of the most renowned include:

*   The **parachute**
*   The **helical air screw** (an early concept for a helicopter)
*   The **ornithopter** (a flying machine with flapping wings)
*   The **armored tank** (a covered, mobile gun platform)
*   The **revolving bridge** (for rapid military deployment)

While he is most famous for paintings like the *Mona Lisa* (a portrait) and *The Last Supper* (a religious painting), these are his artistic masterpieces, not inventions.",True
WebQTest-1771,webqsp,test,what is the islamic belief?,"Islamic belief centers around the Quran, the words of Allah as revealed to the Prophet Muhammad, and the teachings and practices based on the Five Pillars of Islam.","['Mahdi', 'Tawhid', 'Prophets in Islam', 'Predestination in Islam', 'Entering Heaven alive', 'Monotheism', 'Islamic view of angels', 'Qiyamah', 'Sharia', 'Masih ad-Dajjal', 'Islamic holy books', 'God in Islam', 'Ṭūbā']",Tiered-Forest,"Islamic belief centers around the Quran, the words of Allah as revealed to the Prophet Muhammad, and the teachings and practices based on the Five Pillars of Islam.",False
WebQTest-1569,webqsp,test,what jamaican money called?,Jamaican money is called Jamaican dollars.,['Jamaican dollar'],Tiered-Forest,Jamaican money is called Jamaican dollars.,True
WebQTest-1132,webqsp,test,what did coretta scott king died from?,"Coretta Scott King died from kidney failure on January 30, 2006.",['Respiratory failure'],Tiered-Forest,"Coretta Scott King died from kidney failure on January 30, 2006.",False
WebQTest-823,webqsp,test,what does bolivia border?,"Bolivia borders Brazil, Paraguay, Argentina, Chile, and Peru.","['Brazil', 'Peru', 'Chile', 'Paraguay', 'Argentina']",Tiered-Forest,"Bolivia borders Brazil, Paraguay, Argentina, Chile, and Peru.",True
WebQTest-1282,webqsp,test,under what political system does the united states government operate?,"The United States government operates under a **federal democratic republic** with a **presidential system** and a framework of **constitutional federalism**.  

Key characteristics:  
1. **Democratic**: Leaders are elected by the people.  
2. **Republic**: Sovereignty rests with the people, who elect representatives.  
3. **Federal**: Power is divided between a national government and state governments.  
4. **Presidential**: Separation of powers among executive, legislative, and judicial branches, with the president as head of state and head of government.  
5. **Constitutional**: A written constitution limits government power and guarantees rights.","['Presidential system', 'Constitutional republic', 'Federal republic']",Tiered-Forest,"The United States government operates under a **federal democratic republic** with a **presidential system** and a framework of **constitutional federalism**.  

Key characteristics:  
1. **Democratic**: Leaders are elected by the people.  
2. **Republic**: Sovereignty rests with the people, who elect representatives.  
3. **Federal**: Power is divided between a national government and state governments.  
4. **Presidential**: Separation of powers among executive, legislative, and judicial branches, with the president as head of state and head of government.  
5. **Constitutional**: A written constitution limits government power and guarantees rights.",True
WebQTest-564,webqsp,test,what is arkansas state capitol?,"The Arkansas State Capitol is the seat of government for the U.S. state of Arkansas, located in Little Rock.",['Little Rock'],Tiered-Forest,"The Arkansas State Capitol is the seat of government for the U.S. state of Arkansas, located in Little Rock.",True
WebQTest-534,webqsp,test,what is the milwaukee brewers mascot?,The Milwaukee Brewers mascot is Bubba the Blue Bopper.,"['Hank', 'Bernie Brewer', 'Bonnie Brewer']",Tiered-Forest,The Milwaukee Brewers mascot is Bubba the Blue Bopper.,False
WebQTest-873,webqsp,test,where does toronto get its water from?,Toronto gets its water primarily from the Lake Ontario and the Rouge River watershed.,['Ashbridges Bay Wastewater Treatment Plant'],Tiered-Forest,Toronto gets its water primarily from the Lake Ontario and the Rouge River watershed.,False
WebQTest-918,webqsp,test,who is the king of cambodia now?,The king of Cambodia now is King Norodom Sihamoni.,['Norodom Sihamoni'],Tiered-Forest,The king of Cambodia now is King Norodom Sihamoni.,True
WebQTest-531,webqsp,test,what style of music does michael jackson perform?,"Michael Jackson primarily performed **pop music**, along with elements of R&B, soul, and funk. The candidate answer (blues, rock, hip-hop) is not accurate for his core style.","['New jack swing', 'Contemporary R&B', 'Disco', 'Motown Sound', 'Electronic music', 'Dance-pop', 'Adult contemporary music', 'Funk', 'Post-disco', 'Pop rock', 'Pop music', 'Rock music', 'Rhythm and blues', 'Dance music', 'Soul music']",Tiered-Forest,"Michael Jackson primarily performed **pop music**, along with elements of R&B, soul, and funk. The candidate answer (blues, rock, hip-hop) is not accurate for his core style.",True
WebQTest-1323,webqsp,test,what to visit in atlanta?,"In Atlanta, you should visit the Georgia Aquarium, World of Coca-Cola, and the Martin Luther King Jr. National Historic Site.","['Atlanta Symphony Orchestra', 'Turner Field', 'Cobb Energy Performing Arts Centre', 'Four Seasons Hotel Atlanta', 'Underground Atlanta', 'Atlanta Marriott Marquis', 'Georgia World Congress Center', 'The Tabernacle', 'Peachtree Road Race', 'Georgia Aquarium', 'Georgia Dome', 'Philips Arena', 'Omni Coliseum', 'Hyatt Regency Atlanta', 'Centennial Olympic Park', 'Zoo Atlanta', 'Six Flags Over Georgia', 'Six Flags White Water', 'Atlanta Cyclorama & Civil War Museum', 'Georgia State Capitol', 'World of Coca-Cola', 'CNN Center', 'Fernbank Science Center', 'Fernbank Museum of Natural History', 'Fox Theatre', 'Woodruff Arts Center', 'Margaret Mitchell House & Museum', 'Martin Luther King, Jr. National Historic Site', 'Atlanta History Center', 'Variety Playhouse', 'Jimmy Carter Library and Museum', 'Masquerade', 'Arbor Place Mall', 'Atlanta Ballet', 'Center for Puppetry Arts', 'Atlanta Jewish Film Festival']",Tiered-Forest,"In Atlanta, you should visit the Georgia Aquarium, World of Coca-Cola, and the Martin Luther King Jr. National Historic Site.",True
WebQTest-1623,webqsp,test,what is the most common language spoken in argentina?,The most common language spoken in Argentina is Spanish.,['Spanish Language'],Tiered-Forest,The most common language spoken in Argentina is Spanish.,False
WebQTest-1088,webqsp,test,who originally voiced meg on family guy?,"Meg Griffin on *Family Guy* was originally voiced by the show's creator, **Seth MacFarlane**, for the first season. Lacey Chabert voiced Meg for most of season two before Mila Kunis took over the role permanently.",['Lacey Chabert'],Tiered-Forest,"Meg Griffin on *Family Guy* was originally voiced by the show's creator, **Seth MacFarlane**, for the first season. Lacey Chabert voiced Meg for most of season two before Mila Kunis took over the role permanently.",True
WebQTest-401,webqsp,test,who plays edward scissorhands?,The actor who plays Edward Scissorhands is **Johnny Depp**.,['Johnny Depp'],Tiered-Forest,The actor who plays Edward Scissorhands is **Johnny Depp**.,True
WebQTest-304,webqsp,test,what is jamie oliver children names?,"The candidate answer provided does not contain the requested information. Jamie Oliver's children's names are: **Poppy Honey Rosie, Daisy Boo Pamela, Petal Blossom Rainbow, Buddy Bear Maurice, and River Rocket.**","['Petal Blossom Rainbow Oliver', 'Daisy Boo Pamela Oliver', 'Poppy Honey Rosie Oliver', 'Buddy Bear Maurice Oliver']",Tiered-Forest,"The candidate answer provided does not contain the requested information. Jamie Oliver's children's names are: **Poppy Honey Rosie, Daisy Boo Pamela, Petal Blossom Rainbow, Buddy Bear Maurice, and River Rocket.**",False
WebQTest-276,webqsp,test,where was mission san rafael located?,"Mission San Rafael was located in San Rafael, California.","['94901', 'Marin County']",Tiered-Forest,"Mission San Rafael was located in San Rafael, California.",False
WebQTest-1239,webqsp,test,what is the zip code for concord?,"The primary zip code for Concord, California is 94520.","['94520', '94521', '94519', '94518', '94529', '94527', '94524', '94522']",Tiered-Forest,"The primary zip code for Concord, California is 94520.",True
WebQTest-1495,webqsp,test,where does airtran airways fly?,"Airtran Airways flew to destinations primarily in the United States, with a focus on short-haul routes in the Southeast and Southwest regions.","['Logan International Airport', 'LaGuardia Airport', 'Philadelphia International Airport', 'Denver International Airport', 'Raleigh–Durham International Airport', 'Baltimore–Washington International Airport']",Tiered-Forest,"Airtran Airways flew to destinations primarily in the United States, with a focus on short-haul routes in the Southeast and Southwest regions.",False
WebQTest-1080,webqsp,test,where did abraham and his descendants live?,"Abraham and his descendants primarily lived in Canaan (the ancient region corresponding roughly to modern-day Israel and Palestine). This is based on the biblical narrative where God promises this land to Abraham (Genesis 12, 15).

**Concise answer:** Canaan (the Promised Land).","['Mesopotamia', 'Canaan']",Tiered-Forest,"Abraham and his descendants primarily lived in Canaan (the ancient region corresponding roughly to modern-day Israel and Palestine). This is based on the biblical narrative where God promises this land to Abraham (Genesis 12, 15).

**Concise answer:** Canaan (the Promised Land).",True
WebQTest-655,webqsp,test,what is the zip code for wyoming michigan?,"The zip code for Wyoming, Michigan varies by area, but some common ones include 49505, 49519, and 49522.","['49509', '49519']",Tiered-Forest,"The zip code for Wyoming, Michigan varies by area, but some common ones include 49505, 49519, and 49522.",True
WebQTest-344,webqsp,test,what county is west st paul in?,"West St. Paul is in Ramsey County, Minnesota.",['Dakota County'],Tiered-Forest,"West St. Paul is in Ramsey County, Minnesota.",False
WebQTest-1502,webqsp,test,what city and state is yale located in?,"Yale University is located in New Haven, Connecticut.",['New Haven'],Tiered-Forest,"Yale University is located in New Haven, Connecticut.",True
WebQTest-686,webqsp,test,when the atlanta braves won the world series?,The Atlanta Braves won the World Series in 1995 and 2021.,['1995 World Series'],Tiered-Forest,The Atlanta Braves won the World Series in 1995 and 2021.,False
WebQTest-380,webqsp,test,where is mount st helens volcano?,"Mount St. Helens volcano is located in Washington State, United States.","['North America', 'Washington', 'United States of America', 'Cascade Range', 'Skamania County']",Tiered-Forest,"Mount St. Helens volcano is located in Washington State, United States.",True
WebQTest-1201,webqsp,test,who played carlton lassiter on psych?,The candidate answer is incorrect. Carlton Lassiter was played by **Timothy Omundson**.,['Timothy Omundson'],Tiered-Forest,The candidate answer is incorrect. Carlton Lassiter was played by **Timothy Omundson**.,True
WebQTest-589,webqsp,test,what russian language called?,"The Russian language is called ""русский язык"" (ruskiy yazyk) in Russian.",['Russian Language'],Tiered-Forest,"The Russian language is called ""русский язык"" (ruskiy yazyk) in Russian.",True
WebQTest-885,webqsp,test,who is sir james dyson?,"Sir James Dyson is a British inventor, industrial designer, and businessman, best known for founding the Dyson company, which designs and manufactures household appliances and other products.","['Designer', 'Industrial designer', 'Inventor', 'Engineer']",Tiered-Forest,"Sir James Dyson is a British inventor, industrial designer, and businessman, best known for founding the Dyson company, which designs and manufactures household appliances and other products.",True
WebQTest-13,webqsp,test,who was vice president after kennedy died?,"After President John F. Kennedy died, **Lyndon B. Johnson** became president.  
The vice presidency remained vacant until Johnson's elected vice president, **Hubert Humphrey**, took office in January 1965.",['Lyndon B. Johnson'],Tiered-Forest,"After President John F. Kennedy died, **Lyndon B. Johnson** became president.  
The vice presidency remained vacant until Johnson's elected vice president, **Hubert Humphrey**, took office in January 1965.",True
WebQTest-1091,webqsp,test,what type of religions are in the united states?,"The United States has a wide variety of religions, primarily consisting of:

1.  **Christianity** (the majority), with main branches:
    *   Protestantism (evangelical, mainline, and historically Black churches)
    *   Roman Catholicism
    *   Eastern Orthodoxy

2.  **Non-Christian faiths**, including:
    *   Judaism
    *   Islam
    *   Buddhism
    *   Hinduism
    *   Sikhism
    *   Other world religions

3.  **Other groups**:
    *   Unaffiliated (atheist, agnostic, or ""nothing in particular"")
    *   New Religious Movements
    *   Indigenous spiritual traditions

The religious landscape is highly diverse, decentralized, and protected by the First Amendment guarantee of religious freedom.","['Christianity', 'Judaism', 'Hinduism', 'Unitarian Universalism', 'Buddhism', 'Islam', 'Atheism']",Tiered-Forest,"The United States has a wide variety of religions, primarily consisting of:

1.  **Christianity** (the majority), with main branches:
    *   Protestantism (evangelical, mainline, and historically Black churches)
    *   Roman Catholicism
    *   Eastern Orthodoxy

2.  **Non-Christian faiths**, including:
    *   Judaism
    *   Islam
    *   Buddhism
    *   Hinduism
    *   Sikhism
    *   Other world religions

3.  **Other groups**:
    *   Unaffiliated (atheist, agnostic, or ""nothing in particular"")
    *   New Religious Movements
    *   Indigenous spiritual traditions

The religious landscape is highly diverse, decentralized, and protected by the First Amendment guarantee of religious freedom.",True
WebQTest-239,webqsp,test,where do american bulldogs originate from?,American Bulldogs originate from England but were developed in the United States.,['United States of America'],Tiered-Forest,American Bulldogs originate from England but were developed in the United States.,False
WebQTest-1200,webqsp,test,where did the mississippi river end?,The Mississippi River ends where it meets the Gulf of Mexico.,['Gulf of Mexico'],Tiered-Forest,The Mississippi River ends where it meets the Gulf of Mexico.,True
WebQTest-1163,webqsp,test,what rainforest is in south america?,"The Amazon rainforest, the largest rainforest in the world, is located primarily in South America.",['Amazon rainforest'],Tiered-Forest,"The Amazon rainforest, the largest rainforest in the world, is located primarily in South America.",True
WebQTest-1194,webqsp,test,what club does cristiano ronaldo play for in 2010?,"In 2010, Cristiano Ronaldo played for **Real Madrid**. He transferred from Manchester United to Real Madrid in July 2009.","['Portugal national football team', 'Real Madrid C.F.']",Tiered-Forest,"In 2010, Cristiano Ronaldo played for **Real Madrid**. He transferred from Manchester United to Real Madrid in July 2009.",False
WebQTest-908,webqsp,test,what awards gary paulsen won?,"Gary Paulsen did not win awards for romance, young adult literature, or inspirational fiction. He is best known for his young adult adventure and survival novels. His major awards include:

*   **Newbery Honors:** For *Dogsong* (1986), *Hatchet* (1988), and *The Winter Room* (1990).
*   **Margaret A. Edwards Award** (1997): For his lifetime contribution to young adult literature.

**Answer:** Three Newbery Honors and the Margaret A. Edwards Award.","['John Newbery Medal', ""Dorothy Canfield Fisher Children's Book Award"", 'Margaret Edwards Award', 'Spur Award for Best Juvenile Fiction', 'Spur Award for Best Juvenile Nonfiction', ""Anne V. Zarrow Award for Young Readers' Literature"", 'Regina Medal']",Tiered-Forest,"Gary Paulsen did not win awards for romance, young adult literature, or inspirational fiction. He is best known for his young adult adventure and survival novels. His major awards include:

*   **Newbery Honors:** For *Dogsong* (1986), *Hatchet* (1988), and *The Winter Room* (1990).
*   **Margaret A. Edwards Award** (1997): For his lifetime contribution to young adult literature.

**Answer:** Three Newbery Honors and the Margaret A. Edwards Award.",False
WebQTest-1127,webqsp,test,which country in north america is divided into provinces?,Canada is the country in North America that is divided into provinces.,['Canada'],Tiered-Forest,Canada is the country in North America that is divided into provinces.,True
WebQTest-680,webqsp,test,what team did aguero play for?,"Lionel Messi played for several teams including Barcelona, Paris Saint-Germain, and Argentina national team, not Aguero. Sergio Aguero played for Manchester City and Argentina national team.","['Manchester City F.C.', 'Argentina national football team', 'Club Atlético Independiente', 'Atlético Madrid']",Tiered-Forest,"Lionel Messi played for several teams including Barcelona, Paris Saint-Germain, and Argentina national team, not Aguero. Sergio Aguero played for Manchester City and Argentina national team.",False
WebQTest-1336,webqsp,test,what is utah's state capitol?,Utah's state capitol is located in Salt Lake City.,['Salt Lake City'],Tiered-Forest,Utah's state capitol is located in Salt Lake City.,True
WebQTest-157,webqsp,test,where is mission san buenaventura located?,"Mission San Buenaventura is located in Ventura, California.","['93001', 'Ventura County']",Tiered-Forest,"Mission San Buenaventura is located in Ventura, California.",False
WebQTest-1062,webqsp,test,what is the name of the currency used in italy?,The currency used in Italy is the Euro.,['Euro'],Tiered-Forest,The currency used in Italy is the Euro.,True
WebQTest-525,webqsp,test,who are the senators of virginia 2013?,The senators of Virginia in 2013 were Mark Warner and Tim Kaine.,"['Mark Warner', 'Tim Kaine', 'Jim Webb']",Tiered-Forest,The senators of Virginia in 2013 were Mark Warner and Tim Kaine.,True
WebQTest-145,webqsp,test,what college did albert einstein go to?,"Albert Einstein attended the Swiss Federal Polytechnic (now called ETH Zurich) in Zurich, Switzerland.","['ETH Zurich', 'University of Zurich']",Tiered-Forest,"Albert Einstein attended the Swiss Federal Polytechnic (now called ETH Zurich) in Zurich, Switzerland.",True
WebQTest-778,webqsp,test,what was jesse owens education?,"Jesse Owens attended Ohio State University, where he studied but did not complete a degree. His athletic achievements there, while competing for the university, are famously known as the ""Buckeye Bullet."" He did not attend college earlier due to financial constraints after his family moved to Cleveland, where he attended Fairmount Junior High School and then East Technical High School.","['Ohio State University', 'East Technical High School']",Tiered-Forest,"Jesse Owens attended Ohio State University, where he studied but did not complete a degree. His athletic achievements there, while competing for the university, are famously known as the ""Buckeye Bullet."" He did not attend college earlier due to financial constraints after his family moved to Cleveland, where he attended Fairmount Junior High School and then East Technical High School.",True
WebQTest-1178,webqsp,test,where is tupac from originally?,"Tupac Shakur was originally from New York City, specifically East Harlem in Manhattan.",['East Harlem'],Tiered-Forest,"Tupac Shakur was originally from New York City, specifically East Harlem in Manhattan.",True
WebQTest-791,webqsp,test,what other books did louis sachar write?,"Besides *Holes* and the *Wayside School* series, Louis Sachar also wrote:

* **Marvin Redpost** series (e.g., *Kidnapped at Birth?*)
* **Dogs Don't Tell Jokes**
* **The Boy Who Lost His Face**
* **There's a Boy in the Girls' Bathroom**
* **Small Steps** (a sequel to *Holes*)","['Small Steps', 'Someday Angeline', 'Sixth Grade Secrets', 'Holes', ""Johnny's in the basement"", 'Marvin Redpost', 'Wayside School gets a little stranger', 'Class President (A Stepping Stone Book(TM))', 'A magic crystal?', 'Der Fluch des David Ballinger. ( Ab 11 J.).', 'Sixth Grade Secrets (Apple Paperbacks)', 'Wayside School is falling down', ""There's a boy in the girls bathroom"", 'Kidnapped at Birth? (A Stepping Stone Book(TM))', 'The Boy Who Lost His Face', 'Il y a un garçon dans les toilettes des filles', 'A Flying Birthday Cake? (A Stepping Stone Book(TM))', 'Why Pick on Me? (A Stepping Stone Book(TM))', 'Sideways stories from Wayside School', 'Wayside School Boxed Set', ""Stanley Yelnats' Survival Guide to Camp Green Lake"", 'Super Fast, Out of Control! (A Stepping Stone Book(TM))', 'Holes Activity Pack', 'Löcher', ""Dogs Don't Tell Jokes"", 'Sideways Arithmetic From Wayside School', 'Small Steps (Readers Circle)', 'Someday Angeline (Avon/Camelot Book)', 'More Sideways Arithmetic from Wayside School', 'Stanley Yelnats Survival Guide to Camp Green Lake', 'Boy Who Lost His Face', 'Wayside School Gets a Little Stranger (rack) (Wayside School)', 'Marvin Redpost.', 'Wayside School is falling down (Celebrate reading, Scott Foresman)', 'Holes (Yearling Books)', 'Holes (with \\""Connections\\"") HRW Library (HRW library)', 'Holes. (Lernmaterialien)', 'Holes (Cascades)', 'Holes (Readers Circle)', 'Holes (World Book Day 2001)', 'Holes (Listening Library)', 'Sixth Grade Secrets (An Apple Paperback)', 'g.1218f5g0', 'Kidnapped at Birth?', 'A Flying Birthday Cake?', 'Class President', 'Why Pick on Me?', 'Wayside School Collection', 'Super Fast, Out of Control!', ""Alone in His Teacher's House"", 'Pequenos Pasos/ Small Steps', 'Louis Sacher Collection', 'Hoyos/Holes', 'Hay Un Chico En El Bano De Las Chicas', 'Monkey soup', ""There's a Boy in the Girls' Bathroom"", 'The Cardturner']",Tiered-Forest,"Besides *Holes* and the *Wayside School* series, Louis Sachar also wrote:

* **Marvin Redpost** series (e.g., *Kidnapped at Birth?*)
* **Dogs Don't Tell Jokes**
* **The Boy Who Lost His Face**
* **There's a Boy in the Girls' Bathroom**
* **Small Steps** (a sequel to *Holes*)",True
WebQTest-820,webqsp,test,what are the names of harry potter movies in order?,"The candidate answer lists directors, not movie titles. Here are the Harry Potter movies in order:

1. Harry Potter and the Sorcerer's Stone (Philosopher's Stone)
2. Harry Potter and the Chamber of Secrets
3. Harry Potter and the Prisoner of Azkaban
4. Harry Potter and the Goblet of Fire
5. Harry Potter and the Order of the Phoenix
6. Harry Potter and the Half-Blood Prince
7. Harry Potter and the Deathly Hallows – Part 1
8. Harry Potter and the Deathly Hallows – Part 2","['Harry Potter and the Deathly Hallows - Part I', ""Harry Potter and the Philosopher's Stone"", 'Harry Potter and the Chamber of Secrets', 'Harry Potter and the Prisoner of Azkaban', 'Harry Potter and the Goblet of Fire', 'Harry Potter and the Order of the Phoenix', 'Harry Potter and the Half-Blood Prince', 'Harry Potter and the Deathly Hallows – Part 2']",Tiered-Forest,"The candidate answer lists directors, not movie titles. Here are the Harry Potter movies in order:

1. Harry Potter and the Sorcerer's Stone (Philosopher's Stone)
2. Harry Potter and the Chamber of Secrets
3. Harry Potter and the Prisoner of Azkaban
4. Harry Potter and the Goblet of Fire
5. Harry Potter and the Order of the Phoenix
6. Harry Potter and the Half-Blood Prince
7. Harry Potter and the Deathly Hallows – Part 1
8. Harry Potter and the Deathly Hallows – Part 2",True
WebQTest-41,webqsp,test,where is the galapagos islands located on a world map?,The Galapagos Islands are located off the western coast of Ecuador in the Pacific Ocean.,"['Ecuador', 'Galápagos Province', 'Pacific Ocean']",Tiered-Forest,The Galapagos Islands are located off the western coast of Ecuador in the Pacific Ocean.,True
WebQTest-775,webqsp,test,what to do this weekend in manchester with kids?,"For a weekend with kids in Manchester, your suggestions are good, but here’s a more tailored, concise answer:

**Great options include:**
1.  **Science and Industry Museum** – Hands-on exhibits perfect for curious kids.
2.  **Manchester Museum** – Dinosaurs and natural history (reopened after a major renovation).
3.  **The Lowry** – Catch a family-friendly theatre show.

**Also consider:**
*   **RHS Garden Bridgewater** for outdoor space and play areas.
*   **Legoland Discovery Centre** for younger children.
*   **Heaton Park** for a zoo, playground, and tram rides.

**Tip:** Check the Lowry’s schedule for children’s matinees and book museum tickets online in advance.","['Imperial War Museum North', 'Urbis', 'Old Trafford', 'Whitworth Art Gallery', 'Manchester Art Gallery', 'Manchester Museum', 'Manchester Jewish Museum', 'Great Manchester Run', 'Chinatown, Manchester', 'Manchester Cathedral', 'The Moon Under Water, Manchester', 'Wheel of Manchester', 'Albert Hall, Manchester']",Tiered-Forest,"For a weekend with kids in Manchester, your suggestions are good, but here’s a more tailored, concise answer:

**Great options include:**
1.  **Science and Industry Museum** – Hands-on exhibits perfect for curious kids.
2.  **Manchester Museum** – Dinosaurs and natural history (reopened after a major renovation).
3.  **The Lowry** – Catch a family-friendly theatre show.

**Also consider:**
*   **RHS Garden Bridgewater** for outdoor space and play areas.
*   **Legoland Discovery Centre** for younger children.
*   **Heaton Park** for a zoo, playground, and tram rides.

**Tip:** Check the Lowry’s schedule for children’s matinees and book museum tickets online in advance.",True
WebQTest-2017,webqsp,test,what party was abe lincoln part of?,Abraham Lincoln was a member of the Republican Party.,"['Republican Party', 'Whig Party', 'National Union Party', 'Illinois Republican Party']",Tiered-Forest,Abraham Lincoln was a member of the Republican Party.,True
WebQTest-1426,webqsp,test,where is ibrahim afellay from?,Ibrahim Afellay is from Netherlands.,['Utrecht'],Tiered-Forest,Ibrahim Afellay is from Netherlands.,False
WebQTest-220,webqsp,test,what language turkey people speak?,Turkish is the primary language spoken in Turkey.,"['Turkish Language', 'Zaza language', 'Ladino Language', 'Kurdish languages', 'Arabic Language']",Tiered-Forest,Turkish is the primary language spoken in Turkey.,False
WebQTest-859,webqsp,test,what are the predominant religions in russia?,The predominant religion in Russia is Eastern Orthodox Christianity.,"['Russian Orthodox Church', 'Islam']",Tiered-Forest,The predominant religion in Russia is Eastern Orthodox Christianity.,False
WebQTest-996,webqsp,test,where do ireland play rugby union?,"Ireland play rugby union at home in various stadiums, including the Aviva Stadium in Dublin, and also compete internationally.",['Aviva Stadium'],Tiered-Forest,"Ireland play rugby union at home in various stadiums, including the Aviva Stadium in Dublin, and also compete internationally.",True
WebQTest-821,webqsp,test,what did pamela courson die from?,Pamela Courson died from a heart attack.,"['Drug overdose', 'Heroin overdose']",Tiered-Forest,Pamela Courson died from a heart attack.,False
WebQTest-371,webqsp,test,what are the major languages spoken in greece?,"The candidate answer ""George Harrison"" is incorrect for this question.  

The major language spoken in Greece is **Greek**.  
A small minority also speaks Turkish in Western Thrace, and other regional languages or dialects exist, but the official and dominant language is Greek.",['Greek Language'],Tiered-Forest,"The candidate answer ""George Harrison"" is incorrect for this question.  

The major language spoken in Greece is **Greek**.  
A small minority also speaks Turkish in Western Thrace, and other regional languages or dialects exist, but the official and dominant language is Greek.",False
WebQTest-830,webqsp,test,where is taylor swift from?,"Taylor Swift is from the United States. She was born in Reading, Pennsylvania, and grew up in Wyomissing, Pennsylvania.",['Reading'],Tiered-Forest,"Taylor Swift is from the United States. She was born in Reading, Pennsylvania, and grew up in Wyomissing, Pennsylvania.",True
WebQTest-684,webqsp,test,what sort of government does nigeria have?,"Nigeria has a **federal presidential constitutional republic**.

*   **Federal:** Power is shared between the national government and 36 states.
*   **Presidential:** The head of state and government is an elected president.
*   **Constitutional Republic:** It operates under a written constitution (the 1999 Constitution) and elects representatives.","['Presidential system', 'Federal republic']",Tiered-Forest,"Nigeria has a **federal presidential constitutional republic**.

*   **Federal:** Power is shared between the national government and 36 states.
*   **Presidential:** The head of state and government is an elected president.
*   **Constitutional Republic:** It operates under a written constitution (the 1999 Constitution) and elects representatives.",False
WebQTest-1378,webqsp,test,who does kellan lutz play in prom night?,"Kellan Lutz is not in the film *Prom Night* (2008). He is in the *Twilight* saga, but the provided candidate answer lists unrelated films and is incorrect for this question. The actor who plays the character ""Rick Leland"" in *Prom Night* is Jonathan Schaech.

**Answer:** Kellan Lutz does not appear in *Prom Night*.",['Rick Leland'],Tiered-Forest,"Kellan Lutz is not in the film *Prom Night* (2008). He is in the *Twilight* saga, but the provided candidate answer lists unrelated films and is incorrect for this question. The actor who plays the character ""Rick Leland"" in *Prom Night* is Jonathan Schaech.

**Answer:** Kellan Lutz does not appear in *Prom Night*.",True
WebQTest-1866,webqsp,test,what is the state name of new york city?,New York City is not a state but a major city in the state of New York.,['New York'],Tiered-Forest,New York City is not a state but a major city in the state of New York.,True
WebQTest-759,webqsp,test,who brad pitt has dated?,"Brad Pitt has dated several high-profile individuals, including his ex-wives Jennifer Aniston and Angelina Jolie. He was also previously engaged to Gwyneth Paltrow and has been linked to actress Juliette Lewis. The movies *Cool World* and *World War Z* are films he starred in, and Q79784 is an unrelated Wikidata identifier.","['Thandie Newton', 'Juliette Lewis', 'Sinitta', 'Shalane McCall', 'Robin Givens']",Tiered-Forest,"Brad Pitt has dated several high-profile individuals, including his ex-wives Jennifer Aniston and Angelina Jolie. He was also previously engaged to Gwyneth Paltrow and has been linked to actress Juliette Lewis. The movies *Cool World* and *World War Z* are films he starred in, and Q79784 is an unrelated Wikidata identifier.",True
WebQTest-1806,webqsp,test,what position did lebron james play?,LeBron James plays the position of small forward.,"['Power forward', 'Small forward', 'Point forward', 'Shooting guard', 'Forward']",Tiered-Forest,LeBron James plays the position of small forward.,True
WebQTest-608,webqsp,test,when did liverpool fc last win the champions league?,"Liverpool FC last won the UEFA Champions League in **2019**, when they defeated Tottenham Hotspur 2-0 in the final held in Madrid.",['2012 Football League Cup Final'],Tiered-Forest,"Liverpool FC last won the UEFA Champions League in **2019**, when they defeated Tottenham Hotspur 2-0 in the final held in Madrid.",False
WebQTest-960,webqsp,test,who plays dwight in the office?,"In the U.S. version of *The Office*, Dwight Schrute is played by **Rainn Wilson**.  

The names provided (David Denman, Ellie Kemper, Steve Carell) are other cast members but do not play Dwight.",['Rainn Wilson'],Tiered-Forest,"In the U.S. version of *The Office*, Dwight Schrute is played by **Rainn Wilson**.  

The names provided (David Denman, Ellie Kemper, Steve Carell) are other cast members but do not play Dwight.",True
WebQTest-696,webqsp,test,when did juventus win the champions league?,Juventus won the UEFA Champions League in 1996.,['1996 UEFA Champions League Final'],Tiered-Forest,Juventus won the UEFA Champions League in 1996.,False
WebQTest-133,webqsp,test,where did dolly parton grow up?,"Dolly Parton grew up in the Great Smoky Mountains of rural Tennessee, specifically in a small, poor community near Locust Ridge.",['Sevierville'],Tiered-Forest,"Dolly Parton grew up in the Great Smoky Mountains of rural Tennessee, specifically in a small, poor community near Locust Ridge.",False
WebQTest-752,webqsp,test,what drink did john pemberton create?,John Pemberton created Coca-Cola.,['Coca-Cola'],Tiered-Forest,John Pemberton created Coca-Cola.,True
WebQTest-1010,webqsp,test,what did bruce jenner win gold medal for?,Bruce Jenner won the gold medal for the decathlon at the 1976 Summer Olympics in Montreal.,"[""Athletics at the 1976 Summer Olympics - Men's Decathlon""]",Tiered-Forest,Bruce Jenner won the gold medal for the decathlon at the 1976 Summer Olympics in Montreal.,False
WebQTest-2022,webqsp,test,where is dwayne johnson ethnicity?,Dwayne Johnson's ethnicity is primarily **Samoan** (from his mother's side) and **Black Nova Scotian** (from his father's side). He also has smaller amounts of Irish and other European ancestry.,"['Samoan American', 'African American']",Tiered-Forest,Dwayne Johnson's ethnicity is primarily **Samoan** (from his mother's side) and **Black Nova Scotian** (from his father's side). He also has smaller amounts of Irish and other European ancestry.,False
WebQTest-249,webqsp,test,what was the cause of death for bruce lee?,"Way of the Dragon, Game of Death, Bruce Lee: A Warrior's Journey",['Cerebral edema'],Tiered-Forest,"Way of the Dragon, Game of Death, Bruce Lee: A Warrior's Journey",False
WebQTest-768,webqsp,test,who owns volkswagen car company?,Volkswagen AG owns the Volkswagen car company.,['Volkswagen Group'],Tiered-Forest,Volkswagen AG owns the Volkswagen car company.,False
WebQTest-648,webqsp,test,who did kimberly williams marry?,Kimberly Williams married actor Brad Paisley.,['Brad Paisley'],Tiered-Forest,Kimberly Williams married actor Brad Paisley.,True
WebQTest-519,webqsp,test,what timezone is nashville tn?,"Nashville, TN is in the Central Time Zone (CT).",['Central Time Zone'],Tiered-Forest,"Nashville, TN is in the Central Time Zone (CT).",True
WebQTest-1009,webqsp,test,where did george herbert walker bush go to college?,George Herbert Walker Bush attended Yale University.,['University Yale'],Tiered-Forest,George Herbert Walker Bush attended Yale University.,False
WebQTest-427,webqsp,test,what is the zip code for midland tx?,"The zip code for Midland, TX is 79701.","['79702', '79705', '79701', '79707', '79703', '79706', '79711', '79712', '79710', '79708', '79704']",Tiered-Forest,"The zip code for Midland, TX is 79701.",True
WebQTest-958,webqsp,test,what are some famous people from el salvador?,"Some famous people from El Salvador include soccer legend Jorge ""Cafú"" Campos and poet Roque Dalton.","['g.11b8058v7j', 'William Armando', 'Victor Lopez', 'Johnny Lopez', 'Francisco Funes', 'Damaris Quéles', 'Francisca González', 'Ricardo López Tenorio', 'Xenia Estrada', 'Mauricio Alvarenga', 'Milton Palacios', 'Alexander Campos', 'Jose Orlando Martinez', 'Mauricio Alonso Rodríguez', 'Miguel Cañizalez', 'Francisco Gavidia', 'Pedro Geoffroy Rivas', 'Camilo Minero', 'Ana Sol Gutierrez', 'Joel Aguilar', 'Wilfredo Iraheta', 'Mauricio Alfaro', 'José Luis Rugamas', 'Eduardo Hernández', 'Roberto Carlos Martinez', 'José Manfredi Portillo', 'Melvin Barrera', 'Pedro Chavarria', 'José María Cañas', 'Ruben Cedillos', 'Keoki', 'DJ Quest', 'Prudencia Ayala', 'Andrés Eduardo Menéndez', 'William Renderos Iraheta', 'Laura Molina', 'Félix Pineda', 'José Castellanos Contreras', 'Jose Solis', 'Edwin Ramos', 'Roberto Rivas', 'Alfredo Ruano', 'Rafael Menjívar Ochoa', 'Papa A.P.', 'Elmer Acevedo', 'Armando Chacón', 'Saturnino Osorio', 'Ernesto Aparicio', 'Arturo Armando Molina', 'Diego Velázquez', 'Miguel Cruz', 'Juan Rafael Bustillo', 'Sarah Ramos', 'Juan Ramón Sánchez', 'Jorge Búcaro', 'Tomás Medina', 'Doroteo Vasconcelos', 'Rafael Campo', 'Francisco Dueñas', 'Gerardo Barrios', 'Francisco Menéndez', 'Pedro José Escalón', 'Manuel Enrique Araujo', 'Jorge Meléndez', 'Salvador Castaneda Castro', 'Julio Adalberto Rivera Carballo', 'Consuelo de Saint Exupéry', 'Rubén Zamora', 'Rutilio Grande', 'Víctor Ramírez', 'Nicolas F. Shi', 'Eva Dimas', 'Fausto Omar Vásquez', 'Steve Montenegro', 'Carlos Linares', 'Miguel Angel Deras', 'Gualberto Fernández', 'Paula Heredia', 'Jorge Rivera', 'Erwin McManus', 'Claudia Lars', 'Victor Manuel Ochoa', 'Raúl Cicero', 'Carlos Barrios', 'José Inocencio Alas', 'Elena Diaz', 'Patricia Chica', 'Bernard Lewinsky', 'Jaime Portillo', 'Genaro Sermeño', 'Ana Maria de Martinez', 'Eduardo \\""Volkswagen\\"" Hernández', 'Arturo Rivera y Damas', 'Enrique Álvarez Córdova', 'Mario Montoya', 'José Francisco Valiente', 'Norman Quijano', 'Rene Moran', 'Jose B. Gonzalez', 'Richard Oriani', 'Alexander Méndoza', 'Ángel Orellana', 'Emilio Guardado', 'Américo González', 'Bobby Rivas', 'Óscar Antonio Ulloa', 'Guillermo García', 'Selvin González', 'William López', 'Marlon Menjívar', 'Isaías Choto', 'Takeshi Fujiwara', 'Mario Wilfredo Contreras', 'Malin Arvidsson', 'Robert Renderos', 'Santiago \\""Jimmy\\"" Mellado']",Tiered-Forest,"Some famous people from El Salvador include soccer legend Jorge ""Cafú"" Campos and poet Roque Dalton.",False
WebQTest-327,webqsp,test,what two continents is turkey on?,Turkey is situated on both Asia and Europe continents.,"['Eurasia', 'Europe', 'Asia']",Tiered-Forest,Turkey is situated on both Asia and Europe continents.,True
WebQTest-73,webqsp,test,what language do the maasai tribe speak?,"The Maasai tribe primarily speak **Maa**, which is a Nilotic language. Many Maasai also speak Swahili and English, especially in Kenya and Tanzania for trade and communication.",['Maasai Language'],Tiered-Forest,"The Maasai tribe primarily speak **Maa**, which is a Nilotic language. Many Maasai also speak Swahili and English, especially in Kenya and Tanzania for trade and communication.",False
WebQTest-618,webqsp,test,where is chesapeake bay bridge?,"The Chesapeake Bay Bridge spans across the Chesapeake Bay between Maryland, connecting the Eastern Shore with the mainland.","['Anne Arundel County', ""Queen Anne's County""]",Tiered-Forest,"The Chesapeake Bay Bridge spans across the Chesapeake Bay between Maryland, connecting the Eastern Shore with the mainland.",False
WebQTest-1340,webqsp,test,what is steve nash nationality?,Steve Nash is Canadian.,"['United Kingdom', 'Canada']",Tiered-Forest,Steve Nash is Canadian.,False
WebQTest-1342,webqsp,test,what kind of language does france speak?,"France's official language is French.  

The context provided refers to historical French colonial administration, which aligns with the global spread of the French language through colonization, but the direct answer to the question is simply **French**.",['French'],Tiered-Forest,"France's official language is French.  

The context provided refers to historical French colonial administration, which aligns with the global spread of the French language through colonization, but the direct answer to the question is simply **French**.",True
WebQTest-903,webqsp,test,where turkish people originate?,"Turkish people primarily originate from a region spanning modern-day Turkey and surrounding areas, with roots tracing back to Central Asia.","['Belgium', 'Bulgaria', 'Bosnia and Herzegovina', 'Northern Cyprus', 'Turkey', 'Germany', 'Kazakhstan', 'Republic of Kosovo', 'Netherlands', 'Norway', 'Syria', 'United Kingdom', 'United States of America', 'Iraq', 'Canada', 'Sweden', 'France', 'Algeria', 'Austria', 'Azerbaijan', 'Kyrgyzstan', 'Denmark']",Tiered-Forest,"Turkish people primarily originate from a region spanning modern-day Turkey and surrounding areas, with roots tracing back to Central Asia.",True
WebQTest-1625,webqsp,test,what are some inventions that leonardo da vinci invented?,"Leonardo da Vinci did not invent portrait, religious painting, or religious art. These art forms existed long before him.

His actual inventions and designs (recorded in his notebooks) include:

*   The **parachute**
*   Designs for a **helical aerial screw** (early helicopter concept)
*   **Armored fighting vehicles** (early tank concepts)
*   **Ornithopters** (human-powered flying machines)
*   **Anemometers** (to measure wind speed)
*   Advanced **bridges** (like the self-supporting arched bridge)
*   **Diving suits** and underwater breathing apparatus
*   **Machine guns** (rapid-firing cannon concepts)

**Answer:** He designed the parachute, helicopter, armored tank, flying machines, and many other mechanical and engineering devices.","['Anemometer', 'Diving suit', 'Ornithopter', 'Viola organista', 'Double hull', 'Parachute', 'Triple Barrel Canon', '33-Barreled Organ', 'Aerial Screw', 'Armored car']",Tiered-Forest,"Leonardo da Vinci did not invent portrait, religious painting, or religious art. These art forms existed long before him.

His actual inventions and designs (recorded in his notebooks) include:

*   The **parachute**
*   Designs for a **helical aerial screw** (early helicopter concept)
*   **Armored fighting vehicles** (early tank concepts)
*   **Ornithopters** (human-powered flying machines)
*   **Anemometers** (to measure wind speed)
*   Advanced **bridges** (like the self-supporting arched bridge)
*   **Diving suits** and underwater breathing apparatus
*   **Machine guns** (rapid-firing cannon concepts)

**Answer:** He designed the parachute, helicopter, armored tank, flying machines, and many other mechanical and engineering devices.",True
WebQTest-1854,webqsp,test,who originally voiced lois griffin?,Lois Griffin was originally voiced by Alex Borstein.,['Alex Borstein'],Tiered-Forest,Lois Griffin was originally voiced by Alex Borstein.,True
WebQTest-1050,webqsp,test,who does mila kunis play on family guy?,Mila Kunis voices Meg Griffin on *Family Guy*.,['Meg Griffin'],Tiered-Forest,Mila Kunis voices Meg Griffin on *Family Guy*.,True
WebQTest-1479,webqsp,test,who is dustin johnson the golfer?,Dustin Johnson is an American professional golfer known for his powerful swing and multiple major tournament wins.,['Golfer'],Tiered-Forest,Dustin Johnson is an American professional golfer known for his powerful swing and multiple major tournament wins.,True
WebQTest-965,webqsp,test,where did anne frank go to school?,"Anne Frank attended the **6th Montessori School** (later renamed the Anne Frank School) in Amsterdam from 1934 until 1941, when Jewish children were forced to attend separate schools. She then went to the **Jewish Lyceum** for secondary education.","['Montessori Lyceum Amsterdam', 'Jewish Lyceum']",Tiered-Forest,"Anne Frank attended the **6th Montessori School** (later renamed the Anne Frank School) in Amsterdam from 1934 until 1941, when Jewish children were forced to attend separate schools. She then went to the **Jewish Lyceum** for secondary education.",True
WebQTest-508,webqsp,test,what is the best currency to take to turkey?,"The best currency to take to Turkey is the Turkish Lira (TRY), though it's also convenient to have some euros (EUR) for international transactions.",['Turkish lira'],Tiered-Forest,"The best currency to take to Turkey is the Turkish Lira (TRY), though it's also convenient to have some euros (EUR) for international transactions.",True
WebQTest-418,webqsp,test,what league are the indianapolis colts in?,The Indianapolis Colts are in the National Football League (NFL).,"['National Football League', 'AFC South', 'American Football Conference']",Tiered-Forest,The Indianapolis Colts are in the National Football League (NFL).,True
WebQTest-1534,webqsp,test,who are the coaches for the oakland raiders?,The current head coach of the Oakland Raiders is Josh McDaniels.,['Tony Sparano'],Tiered-Forest,The current head coach of the Oakland Raiders is Josh McDaniels.,False
WebQTest-1813,webqsp,test,what team does messi play for 2011?,"In 2011, Lionel Messi played for **FC Barcelona**.","['Argentina national football team', 'FC Barcelona']",Tiered-Forest,"In 2011, Lionel Messi played for **FC Barcelona**.",True
WebQTest-944,webqsp,test,what was van halen first album?,"Van Halen's first album was self-titled: *Van Halen*. It was released in 1978, not 1984. The year 1984 is the title of their sixth studio album.","[""Ain't Talkin' 'Bout Love""]",Tiered-Forest,"Van Halen's first album was self-titled: *Van Halen*. It was released in 1978, not 1984. The year 1984 is the title of their sixth studio album.",False
WebQTest-1477,webqsp,test,what episode of how i met your mother is carrie underwood on?,"Carrie Underwood appears in the episode ""Hooked"" (Season 6, Episode 15).",['Hooked'],Tiered-Forest,"Carrie Underwood appears in the episode ""Hooked"" (Season 6, Episode 15).",True
WebQTest-1052,webqsp,test,who played damien in the omen 2006?,"The actor who played Damien in the 2006 remake of *The Omen* is **Seamus Davey-Fitzpatrick**.

The names John Moore (the director), Mia Farrow, and Michael Gambon (who played supporting roles) are not correct for the role of Damien.","['Tomas Wooler', 'Seamus Davey-Fitzpatrick']",Tiered-Forest,"The actor who played Damien in the 2006 remake of *The Omen* is **Seamus Davey-Fitzpatrick**.

The names John Moore (the director), Mia Farrow, and Michael Gambon (who played supporting roles) are not correct for the role of Damien.",True
WebQTest-16,webqsp,test,what countries are part of the uk?,"The United Kingdom (UK) is a sovereign country made up of four constituent countries:

1.  England
2.  Scotland
3.  Wales
4.  Northern Ireland

The full official name is the United Kingdom of Great Britain and Northern Ireland. Great Britain refers to the island containing England, Scotland, and Wales.","['England', 'Northern Ireland', 'Scotland', 'Wales']",Tiered-Forest,"The United Kingdom (UK) is a sovereign country made up of four constituent countries:

1.  England
2.  Scotland
3.  Wales
4.  Northern Ireland

The full official name is the United Kingdom of Great Britain and Northern Ireland. Great Britain refers to the island containing England, Scotland, and Wales.",True
WebQTest-484,webqsp,test,what language does australia use?,"Australia's official language is English.  

**Step-by-step reasoning:**  
1. The candidate answer (""Mawson, Antarctica: Geological Field Notebook 1"") is unrelated to the question about Australia's language.  
2. The question asks about the language used in Australia.  
3. By general knowledge, Australia's national and de facto official language is English, used in government, education, and daily life.  

**Concise answer:** English.","['English Language', 'Esperanto Language', 'Lojban']",Tiered-Forest,"Australia's official language is English.  

**Step-by-step reasoning:**  
1. The candidate answer (""Mawson, Antarctica: Geological Field Notebook 1"") is unrelated to the question about Australia's language.  
2. The question asks about the language used in Australia.  
3. By general knowledge, Australia's national and de facto official language is English, used in government, education, and daily life.  

**Concise answer:** English.",False
WebQTest-1356,webqsp,test,what drug killed marilyn monroe?,"Marilyn Monroe died from an overdose of barbiturates, specifically Nembutal (pentobarbital). The official cause was acute barbiturate poisoning, ruled as a probable suicide.",['Barbiturate overdose'],Tiered-Forest,"Marilyn Monroe died from an overdose of barbiturates, specifically Nembutal (pentobarbital). The official cause was acute barbiturate poisoning, ruled as a probable suicide.",False
WebQTest-1520,webqsp,test,what language speak in brazil?,The official language spoken in Brazil is **Portuguese**.,"['Italian Language', 'Brazilian Portuguese', 'Portuguese Language']",Tiered-Forest,The official language spoken in Brazil is **Portuguese**.,False
WebQTest-1177,webqsp,test,where did mario lopez go to school?,"Mario Lopez attended Chula Vista High School in Chula Vista, California.",['Chula Vista High School'],Tiered-Forest,"Mario Lopez attended Chula Vista High School in Chula Vista, California.",True
WebQTest-294,webqsp,test,who was carolus linnaeus?,"Carolus Linnaeus (1707–1778) was a Swedish botanist, physician, and zoologist known as the ""father of modern taxonomy."" He developed the **Systema Naturae**, a hierarchical system for classifying organisms, and established **binomial nomenclature** (genus and species names) as the standard for naming species. His work, including essays compiled in **Amoenitates Academicae**, laid the foundation for the scientific classification of life.","['Botanist', 'Physician', 'Scientist', 'Biologist']",Tiered-Forest,"Carolus Linnaeus (1707–1778) was a Swedish botanist, physician, and zoologist known as the ""father of modern taxonomy."" He developed the **Systema Naturae**, a hierarchical system for classifying organisms, and established **binomial nomenclature** (genus and species names) as the standard for naming species. His work, including essays compiled in **Amoenitates Academicae**, laid the foundation for the scientific classification of life.",True
WebQTest-1609,webqsp,test,who played alf on tv show?,"Anne Meara, Anne Schedeen, and Andrea Elson were actors on the TV show *ALF*, but none of them played the alien ALF.

The character ALF (Alien Life Form) was performed by puppeteer **Paul Fusco**, who provided the voice and operated the puppet. Max Wright played the father, Willie Tanner; Anne Schedeen played the mother, Kate Tanner; and Andrea Elson played the daughter, Lynn Tanner. Anne Meara had a recurring role as neighbor Dorothy Halligan.

**Concise answer:** ALF was played by puppeteer and voice actor **Paul Fusco**.",['Paul Fusco'],Tiered-Forest,"Anne Meara, Anne Schedeen, and Andrea Elson were actors on the TV show *ALF*, but none of them played the alien ALF.

The character ALF (Alien Life Form) was performed by puppeteer **Paul Fusco**, who provided the voice and operated the puppet. Max Wright played the father, Willie Tanner; Anne Schedeen played the mother, Kate Tanner; and Andrea Elson played the daughter, Lynn Tanner. Anne Meara had a recurring role as neighbor Dorothy Halligan.

**Concise answer:** ALF was played by puppeteer and voice actor **Paul Fusco**.",True
WebQTest-447,webqsp,test,what did laura ingalls wilder wrote?,"Little House in the Big Woods, Little House in the Big Woods, Q132471140","['Little House on the Prairie', 'On the banks of Plum Creek', ""Dance at Grandpa's (My First Little House)"", 'A Little house reader', 'A little house sampler', 'A little house treasury', 'Winter on the Farm (My First Little House)', 'Little House Farm Days', 'My Little House Chapter Book Collection', 'By the shores of Silver Lake', 'Little town on the prairie', 'Laura & Mr. Edwards (Little House Chapter Book)', 'Little House the Laura Years Boxed Set', 'Prairie Day (My First Little House)', 'The Little House Collection', 'West from home', ""Laura's Christmas"", 'A Little Prairie House (Little House)', 'These happy golden years', 'Going to Town (My First Little House)', 'Dear Laura', 'On the way home', 'The adventures of Laura and Jack', 'My Book of Little House Paper Dolls', 'Laura & Nellie (Little House Chapter Book)', 'Christmas Stories (Little House Chapter Book)', 'Pioneer Sisters (Little House Chapter Book)', 'The long winter', 'Little House (9 Books, Boxed Set)', 'Hard Times on the Prairie', 'Going West (My First Little House)', 'Little House Friends (Little House Chapter Book)', 'School Days (Little House Chapter Book)', 'Christmas in the Big Woods (Little House)', 'The First Four Years CD (Little House the Laura Years)', 'A Little house traveler', 'Sugar Snow (My First Little House)', 'Saving graces', 'Animal Adventures (Little House Chapter Books)', 'The Deer in the Wood', 'Santa comes to little house', 'County Fair (My First Little House)', 'Words from a fearless heart', 'A Farmer Boy Birthday (My First Little House Books)', 'Little House Parties (Little House Chapter Book)', ""Laura's Early Years Collection"", 'Farmer Boy Days (Little House Chapter Book)', 'My Little House Songbook (My First Little House Books)', 'Little house in the big woods', 'Little House in the Big Woods.', 'Farmer Boy', 'Farmer Boy (Little House)', 'Little House in the Big Woods (Little House)', 'Little House in the Big Woods (Classic Mammoth)', 'Little House in the Big Woods (Little House Books)', 'Little House in the Big Woods 75th Anniversary Edition (Little House)', 'Little House In The Big Woods CD (Little House the Laura Years)', 'Little House in the Big Woods (Little House (Original Series Paperback))', 'Little House in the Big Woods Book and Charm (Charming Classics)', 'A Farmer Boy', 'Farmer Boy (Little House Books)', 'Farmer Boy (Little House (Original Series Paperback))', 'Little House in the Big Woods (Isis Large Print for Children Windrush)', 'Little House In The Big Woods Unabr CD Low Price (Little House the Laura Years)', 'The first four years', 'The First Four Years (Little House)', 'The first four years.', 'The First Four Years (Little House the Laura Years)', 'First Four Years (Little House (HarperTrophy))', 'The First Four Years (Little House Books)', 'The First Four Years (Little House (Original Series Library))', 'First Four Years (Little House (Original Series Paperback))', 'Long Winter', 'The Long Winter (Little House)', 'Long Winter (Little House (HarperTrophy))', 'The Long Winter (Little House Books)', 'Long Winter (Little House (Original Series Paperback))', 'The Long Winter (Little House (Original Series Paperback))', 'By the Shores of Silver Lake (Little House (Original Series Paperback))', 'Little Town on the Prairie CD', 'Little Town on the Prairie (Little House)', 'Little Town on the Prairie (Little House Books)', 'Little Town On The Prairie (Little House (Original Series Paperback))', 'These Happy Golden Years CD', 'These Happy Golden Years (Little House)', 'These Happy Golden Years (Laura Years)', 'These Happy Golden Years (Little House (Original Series Paperback))', 'These Happy Golden Years (Little House Books)', 'These Happy Golden Years (Little House on the Prairie)', 'These Happy Golden Years (Little House (HarperTrophy))', 'On the Banks of Plum Creek (Little House)', 'On the Banks of Plum Creek (One Cassette)', 'On the Banks of Plum Creek (Little House the Laura Years)', 'On the Banks of Plum Creek (Classic Mammoth)', 'On the Banks of Plum Creek CD (Little House the Laura Years)', 'On the Banks of Plum Creek (Little House (Original Series Paperback))', 'By the Shores of Silver Lake (Little House Books)', 'By the Shores of Silver Lake (Little House)', 'By the Shores of Silver Lake CD (Little House)', 'A Little Prairie House (My First Little House Books)', 'Little House Farm Days (Little House Chapter Books/the Laura Years, 7)', 'Little House Farm Days (Little House Chapter Books)', 'Winter on the Farm (My First Little House Books)', 'Winter on the Farm (My First Little House Books (Sagebrush))', 'The Adventures of Laura and Jack (A Little House Chapter Book) (A Little house chapter book)', 'Christmas Stories (Little House Chapter Books)', 'Christmas Stories (Little House Chapter Books/the Laura Years, 10)', 'Going to Town', 'Going to Town (My First Little House Books)', 'Little House Friends (Little House Chapter Books)', 'Little House Friends (Little House Chapter Books/the Laura Years, 9)', 'Hard Times on the Prairie (Little House Chapter Books/the Laura Years, 8)', 'Going West (My First Little House Books)', 'Hard Times on the Prairie (Little House Chapter Books)', 'Pioneer Sisters (Laura (Econo-Clad))', 'Pioneer Sisters (Little House Chapter Books/the Laura Years, 2)', 'Going West (My First Little Houe Books)', 'Christmas in the Big Woods (My First Little House Books)', 'Going West (My First Little House Books (Sagebrush))', 'Christmas in the Big Woods', 'Sugar Snow (My First Little House Books)', 'Sugar Snow (My First Little House Books (Sagebrush))', 'A Little House Collection', 'Animal Adventures (Little House Chapter Books/the Laura Years, 3)', 'The Little House Collection Box Set (Full Color) (Little House)', 'School Days (Little House Chapter Books/the Laura Years, 4)', 'School Days (Laura (Econo-Clad))', 'County Fair (My First Little House Books (Sagebrush))', 'Little House Parties (Little House Chapter Books/the Laura Years, 14)', 'Little House Parties (Little House Chapter Books)', 'Farmer Boy Days (Little House Chapter Books)', 'Farmer Boy Days (Little House Chapter Books/the Laura Years, 6)', 'My Little House Songbook (My First Little House Books Series)', 'My Little House Songbook (My First Little House Books, No 1)', 'Deer in the Wood', 'The deer in the wood (My first Little house books)', 'The Deer in the Wood (My First Little House Books (Sagebrush))', 'The Deer in the Wood (Little House)', 'Little House on the Prairie (Little House)', 'The Little House on the Prairie', 'Little house on the prairie.', 'Little House On The Prairie (Little House the Laura Years)', 'Little House on the Prairie (Classic Mammoth)', 'Little House on the Prairie NW 247', 'Little House on the Prairie (Little Brown Notebook Series)', 'Little House on the Prairie (Little House Books)', 'Little House on the Prairie (Little House (HarperTrophy))', 'Little House On The Prairie CD (Little House the Laura Years)', 'Little House on the Prairie Tie-in Edition (Little House)', 'Little House On The Prairie (Little House (Original Series Paperback))', 'Little House on the Prairie Book and Charm (Charming Classics)', 'Little House On The Prairie Low Price CD', 'Little House on the Prairie Boxed Set ((9 Books) Little House On the Prairie; Farmer Boy; On the Banks of Plum Creek; the Long Winter; These Happy Golden Years; the First Four Years; By the Shores of Silver Lake; Little House In the Big Woods; Little Town On the Prairie)', 'g.11b60fcs_w', 'g.122chq7m', 'Little House in the Ozarks: The Rediscovered Writings', 'A Little House Birthday', 'Summertime in the Big Woods', 'Winter Days in the Big Woods', 'Bedtime for Laura', 'Laura Helps Pa', ""Laura's Garden"", 'Hello, Laura!', 'My Book of Little House Christmas Paper Dolls: Christmas on the Prairie', 'My Little House 123', 'My Little House Birthday Book', 'My Little House Book of Animals', 'My Little House Book of Family', 'My Little House Book of Memories', 'My Little House Diary', 'Dear Laura: Letters from Children to Laura Ingalls Wilder', 'Little House Sisters', 'The Little House Baby Book', 'Laura & Mr. Edwards', 'Little House Friends', 'A Farmer Boy Birthday', 'Country Fair', 'Christmas Stories', 'School Days', 'Winter on the Farm', 'Prairie Day', ""Dance at Grandpa's"", 'A Little Prairie House', 'Laura & Nellie', 'Going West', 'Pioneer Sisters', 'Little House', 'Sugar Snow', 'Animal Adventures', 'My Little House Songbook', 'Little House Parties', 'Farmer Boy Days', 'A FAMILY COLLECTION', 'Orillas del río Plum', '1998 Laura Ingalls Wilder Country Engagement Book', 'Caroline and Her Sister', 'The Complete Little House on the Prairie', ""Laura's Little House"", ""Laura Ingalls Wilder's prairie wisdom"", 'Largo Invierno', 'A Day on the Prairie', ""Laura's Pa"", 'Writings to young women from Laura Ingalls Wilder']",Tiered-Forest,"Little House in the Big Woods, Little House in the Big Woods, Q132471140",True
WebQTest-1582,webqsp,test,what time in china hong kong?,"The current time in China Hong Kong is in the Hong Kong Time Zone, which is GMT+8.",['Hong Kong Time Zone'],Tiered-Forest,"The current time in China Hong Kong is in the Hong Kong Time Zone, which is GMT+8.",True
WebQTest-1501,webqsp,test,where is the un based?,"The UN is headquartered in New York City, USA. It also has main offices in Geneva, Vienna, and Nairobi.",['New York City'],Tiered-Forest,"The UN is headquartered in New York City, USA. It also has main offices in Geneva, Vienna, and Nairobi.",True
WebQTest-559,webqsp,test,what instrument did robin gibb play?,"Robin Gibb primarily played guitar, though he was best known as a vocalist.","['Piano', 'Violin', 'Vocals', 'Harmonica', 'Drum machine']",Tiered-Forest,"Robin Gibb primarily played guitar, though he was best known as a vocalist.",False
WebQTest-1562,webqsp,test,what countries constitute the eu?,"The European Union (EU) currently consists of **27 countries**.

These are: Austria, Belgium, Bulgaria, Croatia, Cyprus, Czech Republic, Denmark, Estonia, Finland, France, Germany, Greece, Hungary, Ireland, Italy, Latvia, Lithuania, Luxembourg, Malta, Netherlands, Poland, Portugal, Romania, Slovakia, Slovenia, Spain, and Sweden.

*(Note: The ""Charter of Fundamental Rights of the European Union"" is a document that outlines the rights of EU citizens; it is not a list of member countries.)*","['Belgium', 'Bulgaria', 'Czech Republic', 'Croatia', 'Cyprus', 'Estonia', 'Finland', 'Germany', 'Greece', 'Hungary', 'Italy', 'Republic of Ireland', 'Latvia', 'Luxembourg', 'Lithuania', 'Malta', 'Netherlands', 'Poland', 'Portugal', 'Romania', 'Spain', 'Slovakia', 'Slovenia', 'United Kingdom', 'Sweden', 'France', 'Austria', 'Denmark']",Tiered-Forest,"The European Union (EU) currently consists of **27 countries**.

These are: Austria, Belgium, Bulgaria, Croatia, Cyprus, Czech Republic, Denmark, Estonia, Finland, France, Germany, Greece, Hungary, Ireland, Italy, Latvia, Lithuania, Luxembourg, Malta, Netherlands, Poland, Portugal, Romania, Slovakia, Slovenia, Spain, and Sweden.

*(Note: The ""Charter of Fundamental Rights of the European Union"" is a document that outlines the rights of EU citizens; it is not a list of member countries.)*",True
WebQTest-20,webqsp,test,what did st augustine do?,"St. Augustine was a 4th–5th century theologian and philosopher who profoundly shaped Western Christianity. His key actions and achievements include:

1.  **Converting to Christianity** after a dramatic spiritual struggle, famously recounted in his autobiography, *Confessions*.
2.  **Serving as the Bishop of Hippo** in North Africa for over 35 years, where he preached, wrote extensively, and defended Christian doctrine.
3.  **Writing foundational theological works**, most notably *Confessions* (a spiritual autobiography) and *The City of God* (which defended Christianity after Rome's fall and shaped Christian political thought).
4.  **Developing key Christian doctrines**, such as original sin, divine grace, and the concept of just war.
5.  **Engaging in major theological debates** against the Manichaeans, Donatists, and Pelagians, helping to define orthodox Catholic teaching.

In essence, St. Augustine was a pivotal figure who synthesized Christian faith","['Philosopher', 'Physician', 'Writer']",Tiered-Forest,"St. Augustine was a 4th–5th century theologian and philosopher who profoundly shaped Western Christianity. His key actions and achievements include:

1.  **Converting to Christianity** after a dramatic spiritual struggle, famously recounted in his autobiography, *Confessions*.
2.  **Serving as the Bishop of Hippo** in North Africa for over 35 years, where he preached, wrote extensively, and defended Christian doctrine.
3.  **Writing foundational theological works**, most notably *Confessions* (a spiritual autobiography) and *The City of God* (which defended Christianity after Rome's fall and shaped Christian political thought).
4.  **Developing key Christian doctrines**, such as original sin, divine grace, and the concept of just war.
5.  **Engaging in major theological debates** against the Manichaeans, Donatists, and Pelagians, helping to define orthodox Catholic teaching.

In essence, St. Augustine was a pivotal figure who synthesized Christian faith",True
WebQTest-1607,webqsp,test,who won fedex cup 2012?,Bubba Watson won the FedExCup in 2012.,['Brandt Snedeker'],Tiered-Forest,Bubba Watson won the FedExCup in 2012.,False
WebQTest-1696,webqsp,test,what did ferdinand magellan do?,Ferdinand Magellan is known for leading the first expedition to complete a circumnavigation of the Earth.,"['Sailor', 'Navigator', 'Explorer']",Tiered-Forest,Ferdinand Magellan is known for leading the first expedition to complete a circumnavigation of the Earth.,False
WebQTest-1553,webqsp,test,where does sami yusuf live?,"Sami Yusuf was born in Iran, grew up in London, and has spent significant time in the Middle East. However, based on public records and his career, he is primarily based in **London, United Kingdom**.",['Tehran'],Tiered-Forest,"Sami Yusuf was born in Iran, grew up in London, and has spent significant time in the Middle East. However, based on public records and his career, he is primarily based in **London, United Kingdom**.",False
WebQTest-561,webqsp,test,when was abe lincoln president?,"Abraham Lincoln was president from March 4, 1861, until his assassination on April 15, 1865.","['Abraham Lincoln 1861 presidential inauguration', 'Abraham Lincoln 1865 presidential inauguration']",Tiered-Forest,"Abraham Lincoln was president from March 4, 1861, until his assassination on April 15, 1865.",False
WebQTest-300,webqsp,test,who is sir francis bacon?,"Sir Francis Bacon was an English philosopher, statesman, and scientist of the late 16th and early 17th centuries. He is best known as a key figure in the scientific revolution, championing the **inductive method** of scientific inquiry (as outlined in his work **""Novum Organum""**). He also wrote **""New Atlantis,""** a utopian novel envisioning a society guided by scientific research. While he was not the author of the **""Confessio Fraternitatis""** (a Rosicrucian manifesto), his name is sometimes speculatively linked to such secret societies.","['Spy', 'Statesman', 'Philosopher', 'Scientist', 'Author']",Tiered-Forest,"Sir Francis Bacon was an English philosopher, statesman, and scientist of the late 16th and early 17th centuries. He is best known as a key figure in the scientific revolution, championing the **inductive method** of scientific inquiry (as outlined in his work **""Novum Organum""**). He also wrote **""New Atlantis,""** a utopian novel envisioning a society guided by scientific research. While he was not the author of the **""Confessio Fraternitatis""** (a Rosicrucian manifesto), his name is sometimes speculatively linked to such secret societies.",True
WebQTest-638,webqsp,test,what languages are there in japan?,"Japanese is the primary language in Japan, with some regional dialects and minority languages like Okinawan and Korean also spoken by some communities.","['English Language', 'Korean Language', 'Esperanto Language', 'Japanese Language', 'Ainu Language']",Tiered-Forest,"Japanese is the primary language in Japan, with some regional dialects and minority languages like Okinawan and Korean also spoken by some communities.",False
WebQTest-83,webqsp,test,which countries speak german officially?,"Germany, Austria, Switzerland, Liechtenstein, and parts of Belgium and Italy have German as an official language.","['Belgium', 'Germany', 'East Germany', 'Luxembourg', 'Liechtenstein', 'Switzerland', 'Austria']",Tiered-Forest,"Germany, Austria, Switzerland, Liechtenstein, and parts of Belgium and Italy have German as an official language.",True
WebQTest-502,webqsp,test,where did al qaeda attack?,"Al-Qaeda has carried out attacks in multiple countries, including the United States, Afghanistan, Pakistan, and others.","['Taliban insurgency', 'September 11 attacks']",Tiered-Forest,"Al-Qaeda has carried out attacks in multiple countries, including the United States, Afghanistan, Pakistan, and others.",False
WebQTest-1617,webqsp,test,what did nicholas copernicus discover?,"Nicholas Copernicus discovered that the Sun, not the Earth, is the center of the universe (heliocentric model). This theory was detailed in his major work, *De revolutionibus orbium coelestium* (*On the Revolutions of the Heavenly Spheres*).","['Heliocentrism', 'Copernican heliocentrism', 'Copernican Revolution']",Tiered-Forest,"Nicholas Copernicus discovered that the Sun, not the Earth, is the center of the universe (heliocentric model). This theory was detailed in his major work, *De revolutionibus orbium coelestium* (*On the Revolutions of the Heavenly Spheres*).",False
WebQTest-1101,webqsp,test,who is martin luther king jr facts?,"Martin Luther King Jr. was a pivotal leader in the American civil rights movement. Key facts:

*   **Role:** Baptist minister and the most prominent leader in the fight for racial equality in the U.S. through nonviolent civil disobedience.
*   **Famous Speech:** Delivered the historic ""I Have a Dream"" speech during the 1963 March on Washington.
*   **Nobel Prize:** Awarded the Nobel Peace Prize in 1964 for combating racial inequality.
*   **Assassination:** He was assassinated on April 4, 1968, in Memphis, Tennessee.
*   **Holiday:** His birthday is commemorated as a U.S. federal holiday on the third Monday of January.","['Civil rights activist', 'Pastor', 'Minister', 'Humanitarian', 'Writer', 'Clergy']",Tiered-Forest,"Martin Luther King Jr. was a pivotal leader in the American civil rights movement. Key facts:

*   **Role:** Baptist minister and the most prominent leader in the fight for racial equality in the U.S. through nonviolent civil disobedience.
*   **Famous Speech:** Delivered the historic ""I Have a Dream"" speech during the 1963 March on Washington.
*   **Nobel Prize:** Awarded the Nobel Peace Prize in 1964 for combating racial inequality.
*   **Assassination:** He was assassinated on April 4, 1968, in Memphis, Tennessee.
*   **Holiday:** His birthday is commemorated as a U.S. federal holiday on the third Monday of January.",True
WebQTest-1269,webqsp,test,where was the boston tea party 1773?,"The Boston Tea Party took place at Griffin's Wharf in Boston, Massachusetts in 1773.",['Boston Harbor'],Tiered-Forest,"The Boston Tea Party took place at Griffin's Wharf in Boston, Massachusetts in 1773.",False
WebQTest-116,webqsp,test,which country was justin bieber born in?,Justin Bieber was born in Canada.,['Canada'],Tiered-Forest,Justin Bieber was born in Canada.,True
WebQTest-659,webqsp,test,what form of government is the uk?,"The United Kingdom is a constitutional monarchy with a parliamentary democracy. This means it has a monarch (the King) as head of state, but real political power is exercised by an elected Parliament and a government led by a Prime Minister.","['Parliamentary system', 'Unitary state', 'Constitutional monarchy']",Tiered-Forest,"The United Kingdom is a constitutional monarchy with a parliamentary democracy. This means it has a monarch (the King) as head of state, but real political power is exercised by an elected Parliament and a government led by a Prime Minister.",True
WebQTest-1020,webqsp,test,what highschool did r. kelly attend?,"R. Kelly attended Kenwood Academy High School in Chicago, Illinois.",['Kenwood Academy'],Tiered-Forest,"R. Kelly attended Kenwood Academy High School in Chicago, Illinois.",True
WebQTest-1362,webqsp,test,who is the state governor of florida?,The current state governor of Florida is Ron DeSantis.,['Rick Scott'],Tiered-Forest,The current state governor of Florida is Ron DeSantis.,False
WebQTest-1344,webqsp,test,what two states is st louis in?,"St. Louis is not in any state; it is a city located in Missouri, but it is surrounded by and partially in Illinois.",['Missouri'],Tiered-Forest,"St. Louis is not in any state; it is a city located in Missouri, but it is surrounded by and partially in Illinois.",True
WebQTest-256,webqsp,test,what is the primary language of china?,The primary language of China is Mandarin Chinese.,['Standard Chinese'],Tiered-Forest,The primary language of China is Mandarin Chinese.,False
WebQTest-51,webqsp,test,who will play mr gray in the film?,"Christian Bale will play Mr. Gray in the film ""Birdbox: The Movie.""",['Jamie Dornan'],Tiered-Forest,"Christian Bale will play Mr. Gray in the film ""Birdbox: The Movie.""",False
WebQTest-193,webqsp,test,what school did ben roethlisberger go to?,Ben Roethlisberger went to the University of Pittsburgh.,['Miami University'],Tiered-Forest,Ben Roethlisberger went to the University of Pittsburgh.,False
WebQTest-740,webqsp,test,who was selena gomez in barney and friends?,"Selena Gomez was a child actress on *Barney & Friends*, playing the character ""Gianna"" during the show's seventh and eighth seasons (2002–2004).",['Gianna'],Tiered-Forest,"Selena Gomez was a child actress on *Barney & Friends*, playing the character ""Gianna"" during the show's seventh and eighth seasons (2002–2004).",True
WebQTest-1435,webqsp,test,who did kurt warner play 4?,"Kurt Warner did not play in ""Dancing with the Stars, season 11""; he was a contestant. He was partnered with professional dancer Anna Trebunskaya.","['Amsterdam Admirals', 'Northern Iowa Panthers football', 'Iowa Barnstormers', 'New York Giants', 'St. Louis Rams', 'Arizona Cardinals']",Tiered-Forest,"Kurt Warner did not play in ""Dancing with the Stars, season 11""; he was a contestant. He was partnered with professional dancer Anna Trebunskaya.",False
WebQTest-651,webqsp,test,what is the currency of germany now?,The currency of Germany is the **Euro (€)**. It replaced the Deutsche Mark in 2002.,['Euro'],Tiered-Forest,The currency of Germany is the **Euro (€)**. It replaced the Deutsche Mark in 2002.,True
WebQTest-1068,webqsp,test,what famous people are from barbados?,"Bob Marley, while not from Barbados, is a famous person associated with the island, as he often referenced it in his music and it influenced his life significantly. Notable Barbadian figures include Dappy and50 Cent.","['Hadan Holligan', 'Xavier Marcus', 'Kycia Knight', 'Shaquana Quintyne', 'Shakera Selman', 'Kyshona Knight', 'Shane Dowrich', 'Ryan Wiggins', 'Rashidi Boucher', 'Kyle Hope', 'Kyle Corbin', 'Dadrian Forde', 'Anthony Alleyne', 'Romario Harewood', 'Chai Lloyd', 'Michael Stoute', 'Kensley Reece', 'Richard Roett', 'Colin Forde', 'Raheim Sargeant', 'Renaldo Fenty', 'Eyre Sealy', 'Thomas Jordan', 'Alana Shipp', 'Andy Straughn', 'Jabarry Chandler', 'Shai Hope', 'Cecil Foster', 'Rayvon', 'Kat Flint', 'Arturo Tappin', 'Owen Arthur', 'Hartley Alleyne', 'John Lucas', 'Arthur Hendy', 'Hal Padmore', 'Albert Beckles', 'Ricky Hoyte', 'Winston Reid', 'Wendell White', 'Roger Blades', 'Ashley Bickerton', 'Martin Nurse', 'Emmerson Trotman', 'Mabel Keaton Staupers', 'Jim Hendy', 'William T. Shorey', 'Greg Armstrong', 'Pamela Lavine', 'Richard B. Moore', 'Float Woods', 'Avinash Persaud', 'Frank L. White', 'Alvin Rouse', 'Percy Tarilton', 'George Blackman', 'Redd Pepper', 'Chris Jordan', 'Clyde Mascoll', 'Sam Seale', 'Anne Cools', 'Tony Cordle', 'Wyndham Gittens', 'Magnet Man', 'Mia Mottley', 'Shawn Terry Cox', 'Gordon Greenidge', 'Douglas Dummett', 'Billie Miller', 'Rickey A. Walcott', 'Priya Balachandran', 'Norman Forde', 'Dave Wilkins', 'Henry Doorly', 'Kirk Edwards', 'John Parris', 'Frank Leslie Walcott', 'Seibert Straughn', 'Sylvester Braithwaite', 'Tom Adams', 'George Alleyne', 'William Perkins', 'Arnold Josiah Ford', 'Edwin Lascelles, 1st Baron Harewood', 'Ricardo Ellcock', 'Wilfred Wood', 'Anthony Forde', 'Micky Welch', 'Hal Linton', ""Lunden De'Leon"", 'Nita Barrow', 'Deandra Dottin', 'Renn Dickson Hampden', 'June Gibbons', 'Jennifer Gibbons', 'Austin Clarke', 'Odimumba Kwamdela', 'Hilary Beckles', 'Colin Young', 'Hugh Laing', 'John Holder', 'Nick Nanton', 'Alison Sealy-Smith', 'Frank Collymore', 'G. Aubrey Goodman', 'Lloyd Erskine Sandiford', 'Christopher Codrington', 'Samuel Hinds', 'Tony Reid', 'Conrad Hunte', 'Ryan Hinds', 'Philo Wallace', 'Tony Cozier', 'William Maynard Gomm', 'Alan Emtage', 'Seymour Nurse', 'Anderson Cummins', 'Neville Goddard', 'James Waithe', 'Lloyd A. Thompson', 'Jaicko', 'Peter Lashley', 'Prof Edwards', 'Robert Callender', 'Agymah Kamau', 'John Goddard', 'Robin Bynoe', 'Charlie Griffith', 'David Holford', 'John Shepherd', 'Ron King', 'Tony White', 'Zeeteah Massiah', 'Robert Bailey', 'Tim Thorogood', 'Hugh Springer', 'Goodridge Roberts', 'Jon Rubin', 'Woodie Blackman', 'Annalee Davis', 'Nevada Phillips', 'Clennell Wickham', 'Henry Honychurch Gorringe', 'Trevor W. Payne', 'Richard Pile', 'Hugh Gordon Cummins', 'Lene Hall', 'Javon Searles', 'Earl Maynard', 'Karen Lord', 'Samuel Jackman Prescod', 'Sylvesta Stuart', 'Roy Callender', 'George Codrington', 'Marita Payne', 'John Richard Farre', 'Gregory Goodridge', 'Wayne Sobers', 'Romell Brathwaite', 'Dwight James', 'Anthony Kellman', 'Sir William Randolph Douglas', 'Denys Williams', 'Glenville Lovell', 'Monica Braithwaite', 'Ronald Fenty', 'Dennis Archer', 'William Cleeve', 'Keith Griffith', 'Jason Boxhill', 'Omar Archer', 'Bryan Neblett', 'Adrian Chase', 'Dwayne Stanford', 'Barry Skeete', 'Rashida Williams', 'Kerry Holder', 'Riviere Williams', 'Jonathan Straker', 'Mario Harte', 'Jason Carter', 'Sheridan Grosvenor', 'Carlos Brathwaite', 'Bentley Springer', 'Ramuel Miller', 'Stephen Griffith', 'Omari Eastmond', 'Lionel Paul', 'Carl Joseph', 'Renaldo Gilkes', 'Jomo Brathwaite', 'Andre Bourne', 'Richard Lavine', 'Diquan Adamson', 'Kadeem Latham', 'Curtis Odle', 'Jamal Chandler', 'Tristan Parris', 'Kyle Gibson', 'George Moe', 'Horace Stoute', 'Adriel Brathwaite', 'Dwayne Griffith', 'Craig Worrell', 'Shakera Reece', 'Kandy Fenty', 'Crystal Fenty', 'Brandy Fenty', 'Richard Moody', 'James Wedderburn', 'David Comissiong', 'Chris Braithwaite', 'Edward Evelyn Greaves', 'Kirk Corbin', 'Jason Holder', 'Branford Taitt', 'Kyle Mayers', 'Ricardo Morris', 'Malcolm Marshall', 'Kemar Headley', 'Armando Lashley', 'Louis Eugene King', 'Ella Jane New', 'Don Kinch', 'Cynthia Rosalina La Touche Andersen', 'Campbell Foster', 'Jackie Roberts', 'Ivor Germain', 'Menelik Shabazz', 'Murr', 'Denzil H. Hurley']",Tiered-Forest,"Bob Marley, while not from Barbados, is a famous person associated with the island, as he often referenced it in his music and it influenced his life significantly. Notable Barbadian figures include Dappy and50 Cent.",False
WebQTest-700,webqsp,test,where is french spoken most?,French is spoken most widely in France.,"['Belgium', 'Barbados', 'Benin', 'Burkina Faso', 'Burundi', 'Comoros', 'Cameroon', 'Central African Republic', 'Chad', 'Cyprus', 'Congo', 'Cambodia', 'Djibouti', 'Dominica', 'Equatorial Guinea', 'Jersey', 'Gabon', 'Guinea', 'Habsburg Netherlands', 'Holy Roman Empire', 'Haiti', 'Luxembourg', 'Laos', 'Lebanon', 'Madagascar', 'Mali', 'Martinique', 'Mauritius', 'Monaco', 'Morocco', 'Niger', 'Qatar', 'Rwanda', 'Switzerland', 'Senegal', 'Seychelles', 'Tunisia', 'Vatican City', 'Vanuatu', 'France', 'Ivory Coast', 'South Vietnam', 'Algeria']",Tiered-Forest,French is spoken most widely in France.,True
WebQTest-1510,webqsp,test,what are staffordshire terriers?,"Staffordshire terriers, also known as Staffies, are a breed of dog known for their affectionate and gentle nature despite their muscular build.",['Dog'],Tiered-Forest,"Staffordshire terriers, also known as Staffies, are a breed of dog known for their affectionate and gentle nature despite their muscular build.",True
WebQTest-1480,webqsp,test,who did cher have a son with?,"Cher had a son, Elijah Blue Allman, with her second husband, Gregg Allman.","['Gregg Allman', 'Sonny Bono']",Tiered-Forest,"Cher had a son, Elijah Blue Allman, with her second husband, Gregg Allman.",True
WebQTest-603,webqsp,test,what money to take to turkey?,"You should take Turkish Lira (TRY) and consider having some Euros (EUR) on hand as well, since it is widely accepted in tourist areas.",['Turkish lira'],Tiered-Forest,"You should take Turkish Lira (TRY) and consider having some Euros (EUR) on hand as well, since it is widely accepted in tourist areas.",True
WebQTest-1433,webqsp,test,what to do with kids in asheville nc?,"In Asheville, NC, you can explore the Biltmore Estate, visit the Children's Museum of Asheville and Buncombe County, or enjoy the Montreat Outdoor Church Museum and its scenic trails.","['Blue Ridge Parkway', 'The Omni Grove Park Inn', 'Biltmore Estate', 'Thomas Wolfe House', 'Folk Art Center', 'Smith-McDowell House', 'Carl Sandburg Home National Historic Site', 'Pisgah National Forest', 'Bele Chere', 'Asheville Art Museum']",Tiered-Forest,"In Asheville, NC, you can explore the Biltmore Estate, visit the Children's Museum of Asheville and Buncombe County, or enjoy the Montreat Outdoor Church Museum and its scenic trails.",True
WebQTest-1638,webqsp,test,what language is most commonly spoken in belgium?,The most commonly spoken language in Belgium is Dutch.,"['Dutch Language', 'German Language', 'French']",Tiered-Forest,The most commonly spoken language in Belgium is Dutch.,False
WebQTest-1266,webqsp,test,what did romo do?,"Romo was a professional American football quarterback who played for several teams, most notably the Dallas Cowboys.",['Baseball player'],Tiered-Forest,"Romo was a professional American football quarterback who played for several teams, most notably the Dallas Cowboys.",False
WebQTest-1261,webqsp,test,where did the battle of passchendaele happen?,"The Battle of Passchendaele took place in Ypres, Belgium.","['Passendale', 'Flanders']",Tiered-Forest,"The Battle of Passchendaele took place in Ypres, Belgium.",False
WebQTest-254,webqsp,test,what countries in the world speak chinese?,"Several countries, including China, Taiwan, Singapore, and parts of Indonesia and Malaysia, have significant populations that speak Chinese.","['Brunei', 'Vietnam', 'Singapore', 'Malaysia', 'China', 'Canada', 'Shěn']",Tiered-Forest,"Several countries, including China, Taiwan, Singapore, and parts of Indonesia and Malaysia, have significant populations that speak Chinese.",True
WebQTest-400,webqsp,test,what was the capital city of the east roman empire?,The capital city of the Eastern Roman Empire was Constantinople.,['Constantinople'],Tiered-Forest,The capital city of the Eastern Roman Empire was Constantinople.,True
WebQTest-818,webqsp,test,where was the ottoman empire based?,"The Ottoman Empire was based in **Constantinople (modern-day Istanbul, Turkey)**, which served as its capital from 1453 until the empire's dissolution in 1922.",['Near East'],Tiered-Forest,"The Ottoman Empire was based in **Constantinople (modern-day Istanbul, Turkey)**, which served as its capital from 1453 until the empire's dissolution in 1922.",False
WebQTest-1998,webqsp,test,what party was thomas jefferson affiliated with?,Thomas Jefferson was affiliated with the Democratic-Republican Party (often called the Republican Party at the time).,['Democratic-Republican Party'],Tiered-Forest,Thomas Jefferson was affiliated with the Democratic-Republican Party (often called the Republican Party at the time).,True
WebQTest-1449,webqsp,test,what was laura ingalls wilder famous for?,"Laura Ingalls Wilder was famous for writing the ""Little House"" series of children's books, which are semi-autobiographical novels based on her childhood as a pioneer in the American Midwest during the late 19th century.","['Teacher', 'Writer', 'Journalist', 'Author']",Tiered-Forest,"Laura Ingalls Wilder was famous for writing the ""Little House"" series of children's books, which are semi-autobiographical novels based on her childhood as a pioneer in the American Midwest during the late 19th century.",False
WebQTest-269,webqsp,test,where does delaware river start?,The Delaware River starts at the confluence of the Lehigh River and the Delaware Water Gap in Pennsylvania.,"['West Branch Delaware River', 'Mount Jefferson']",Tiered-Forest,The Delaware River starts at the confluence of the Lehigh River and the Delaware Water Gap in Pennsylvania.,False
WebQTest-488,webqsp,test,who did sir francis drake marry?,"Sir Francis Drake married Elizabeth Sydenham, Lady Sydenham, in 1585.","['Mary Newman', 'Elizabeth Sydenham']",Tiered-Forest,"Sir Francis Drake married Elizabeth Sydenham, Lady Sydenham, in 1585.",True
WebQTest-777,webqsp,test,where is the main headquarters of google?,"The main headquarters of Google is located in **Mountain View, California, USA**, at a campus known as the **Googleplex**.",['Mountain View'],Tiered-Forest,"The main headquarters of Google is located in **Mountain View, California, USA**, at a campus known as the **Googleplex**.",True
WebQTest-1580,webqsp,test,what type of democracy is the united states?,"The United States is a **federal presidential constitutional republic**.  

It is a form of **representative democracy** (also called an indirect democracy), where citizens elect representatives to make laws and govern on their behalf, rather than voting on most legislation directly. Key features include:  

* **Federal system:** Power is divided between a national government and state governments.  
* **Presidential system:** The head of state and head of government is the president, separately elected from the legislature.  
* **Constitutional framework:** A written constitution limits government power and guarantees individual rights.  
* **Republic:** Leaders are elected, and the country is not a monarchy.","['Presidential system', 'Constitutional republic', 'Federal republic']",Tiered-Forest,"The United States is a **federal presidential constitutional republic**.  

It is a form of **representative democracy** (also called an indirect democracy), where citizens elect representatives to make laws and govern on their behalf, rather than voting on most legislation directly. Key features include:  

* **Federal system:** Power is divided between a national government and state governments.  
* **Presidential system:** The head of state and head of government is the president, separately elected from the legislature.  
* **Constitutional framework:** A written constitution limits government power and guarantees individual rights.  
* **Republic:** Leaders are elected, and the country is not a monarchy.",True
WebQTest-626,webqsp,test,what does the missouri river bisect?,The Missouri River bisects the state of North Dakota.,"['Iowa', 'Kansas', 'Missouri', 'Montana', 'Nebraska', 'North Dakota', 'South Dakota']",Tiered-Forest,The Missouri River bisects the state of North Dakota.,True
WebQTest-546,webqsp,test,who is michael j fox's wife?,Michael J. Fox's wife is actress **Tracy Pollan**. They met on the set of his sitcom *Family Ties* and married in 1988.,['Tracy Pollan'],Tiered-Forest,Michael J. Fox's wife is actress **Tracy Pollan**. They met on the set of his sitcom *Family Ties* and married in 1988.,True
WebQTest-287,webqsp,test,what movies has carmen electra been in?,"Carmen Electra has been in **""2-Headed Shark Attack""** and **""Summerland.""**  
*Note: ""House M.D."" is a TV series, not a movie.*","['Dragula', 'Chocolate City', 'Good Burger', 'Scary Movie', 'Epic Movie', 'Starsky & Hutch', 'Full of It', 'I Want Candy', ""Lil' Pimp"", 'Bedtime Stories', 'Meet the Spartans', 'Christmas in Wonderland', 'Perfume', 'Mr. 3000', 'Sol Goode', 'Disaster Movie', 'Baywatch: Hawaiian Wedding', 'Naked Movie', 'Hot Tamale', ""30 Days Until I'm Famous"", 'Whacked!', 'Uptown Girls', 'Get Over It', 'Searching for Bobby D', 'Cheaper by the Dozen 2', ""National Lampoon's Pledge This!"", 'Scary Movie 4', 'The Chosen One: Legend of the Raven', 'Oy Vey! My Son Is Gay!!', 'Date Movie', 'American Dreamz', 'Dirty Love', 'Starstruck', 'Barry Munday', 'American Vampire', ""Carmen Electra's Fit to Strip"", 'Rent Control', 'BThere Dvd Magazine', 'We Are Family', 'Monster Island', 'Max Havoc: Curse of the Dragon', ""My Boss's Daughter"", 'Getting Played', 'The Mating Habits of the Earthbound Human', 'The Back Nine', '2-Headed Shark Attack', 'Mardi Gras: Spring Break', 'Lap Dance', 'Book of Fire', 'The Axe Boat', ""Lolo's Cafe""]",Tiered-Forest,"Carmen Electra has been in **""2-Headed Shark Attack""** and **""Summerland.""**  
*Note: ""House M.D."" is a TV series, not a movie.*",True
WebQTest-302,webqsp,test,what are the official colors of the dallas cowboys?,The official colors of the Dallas Cowboys are blue and white.,"['Blue', 'Navy Blue', 'Silver', 'Royal blue', 'White']",Tiered-Forest,The official colors of the Dallas Cowboys are blue and white.,True
WebQTest-323,webqsp,test,what movies did ron howard director?,"Apollo 13, Dr. Seuss' How the Grinch Stole Christmas, The Da Vinci Code","['Apollo 13', 'Inferno', 'Willow', 'Splash', 'EDtv', 'Night Shift', 'Backdraft', 'Frost/Nixon', 'Grand Theft Auto', 'Far and Away', 'Cocoon', 'Ransom', 'Parenthood', 'The Missing', 'Cinderella Man', 'The Dark Tower', 'The Da Vinci Code', 'The Paper', 'Cotton Candy', 'Gung Ho', 'A Beautiful Mind', 'The Dilemma', 'The Lost Symbol', ""Dr. Seuss' How the Grinch Stole Christmas"", 'Angels & Demons', 'Presidential Reunion', 'Rush', 'Jay-Z: Made in America', 'In the Heart of the Sea']",Tiered-Forest,"Apollo 13, Dr. Seuss' How the Grinch Stole Christmas, The Da Vinci Code",True
WebQTest-164,webqsp,test,what did stephen hawking become famous for?,"Stephen Hawking became famous for his groundbreaking work in theoretical physics, particularly on black holes and cosmology. His key achievement was proposing that black holes emit radiation (now called Hawking radiation). He also gained worldwide fame through his bestselling book **""A Brief History of Time,""** which explained complex cosmic concepts to the general public. His remarkable life, living with the motor neuron disease ALS, further cemented his status as a cultural and scientific icon.","['Professor', 'Astrophysicist', 'Science writer', 'Cosmologist', 'Mathematician', 'Physicist', 'Scientist', 'Writer', 'Astronomer', 'Author']",Tiered-Forest,"Stephen Hawking became famous for his groundbreaking work in theoretical physics, particularly on black holes and cosmology. His key achievement was proposing that black holes emit radiation (now called Hawking radiation). He also gained worldwide fame through his bestselling book **""A Brief History of Time,""** which explained complex cosmic concepts to the general public. His remarkable life, living with the motor neuron disease ALS, further cemented his status as a cultural and scientific icon.",False
WebQTest-867,webqsp,test,what else has jennifer lawrence played in?,"Jennifer Lawrence has also played in **""X-Men: First Class""** (as Mystique), **""American Hustle""**, and **""Joy""**, among many other films.","['X-Men: Apocalypse', 'Joy', 'Not Another High School Show', 'The Burning Plain', 'Garden Party', 'Company Town', 'Winter’s Bone', 'The Beaver', 'The Poker House', 'X-Men: First Class', 'Like Crazy', 'The Hunger Games', 'House at the End of the Street', 'Devil You Know', 'Silver Linings Playbook', 'The Hunger Games: Catching Fire', 'The Hunger Games: Mockingjay, Part 1', 'The Hunger Games: Mockingjay, Part 2', 'X-Men: Days of Future Past', 'Serena', 'American Hustle', 'East of Eden', 'Burial Rites', 'The Glass Castle']",Tiered-Forest,"Jennifer Lawrence has also played in **""X-Men: First Class""** (as Mystique), **""American Hustle""**, and **""Joy""**, among many other films.",True
WebQTest-240,webqsp,test,what colleges did albert einstein teach at?,"Albert Einstein taught at the following colleges and universities:

1. **University of Zurich** (Switzerland) – Professor of Theoretical Physics (1909–1911)
2. **Charles-Ferdinand University in Prague** (then part of Austria-Hungary) – Professor of Theoretical Physics (1911–1912)
3. **ETH Zurich** (Switzerland) – Professor of Theoretical Physics (1912–1914)
4. **University of Berlin** (Germany) – Professor at the Prussian Academy of Sciences (1914–1933; this was a research professorship with teaching rights at the university)
5. **Princeton University** (USA) – Professor at the Institute for Advanced Study (1933–1955; not a traditional college but a premier research institute affiliated with Princeton)

He did **not** teach at any college in the context of the provided candidate answer (*The Eternal Jew, Atomic Power, Annus Mirabilis papers*).","['Institute for Advanced Study', 'ETH Zurich', 'University of Zurich', 'Charles University in Prague', 'Leiden University']",Tiered-Forest,"Albert Einstein taught at the following colleges and universities:

1. **University of Zurich** (Switzerland) – Professor of Theoretical Physics (1909–1911)
2. **Charles-Ferdinand University in Prague** (then part of Austria-Hungary) – Professor of Theoretical Physics (1911–1912)
3. **ETH Zurich** (Switzerland) – Professor of Theoretical Physics (1912–1914)
4. **University of Berlin** (Germany) – Professor at the Prussian Academy of Sciences (1914–1933; this was a research professorship with teaching rights at the university)
5. **Princeton University** (USA) – Professor at the Institute for Advanced Study (1933–1955; not a traditional college but a premier research institute affiliated with Princeton)

He did **not** teach at any college in the context of the provided candidate answer (*The Eternal Jew, Atomic Power, Annus Mirabilis papers*).",True
WebQTest-134,webqsp,test,what type of books did agatha christie wrote?,"A Pocket Full of Rye, Agatha Christie bibliography, N or M?","['Playwright', 'Novelist', 'Poet', 'Writer', 'Screenwriter']",Tiered-Forest,"A Pocket Full of Rye, Agatha Christie bibliography, N or M?",False
WebQTest-1764,webqsp,test,where is daud ibrahim?,"Dawood Ibrahim is believed to be in Pakistan, likely in Karachi, under the protection of Pakistani authorities. India has repeatedly requested his extradition, but Pakistan denies his presence in the country.",['Maharashtra'],Tiered-Forest,"Dawood Ibrahim is believed to be in Pakistan, likely in Karachi, under the protection of Pakistani authorities. India has repeatedly requested his extradition, but Pakistan denies his presence in the country.",False
WebQTest-1539,webqsp,test,who is ryan reynolds married to 2012?,Ryan Reynolds married Blake Lively in 2012.,['Blake Lively'],Tiered-Forest,Ryan Reynolds married Blake Lively in 2012.,True
WebQTest-1752,webqsp,test,what did f. scott fitzgerald do?,"F. Scott Fitzgerald wrote the novel *The Great Gatsby*. He was also a novelist and short story writer, capturing the spirit of the Jazz Age in his works.","['Novelist', 'Poet', 'Writer']",Tiered-Forest,"F. Scott Fitzgerald wrote the novel *The Great Gatsby*. He was also a novelist and short story writer, capturing the spirit of the Jazz Age in his works.",True
WebQTest-1977,webqsp,test,where did crabtree go to college?,"Based on the provided context, the candidate answer (""Tender Mercies, Murphy's Romance"") does not contain information about where Crabtree went to college. Therefore, the question cannot be answered from the given context.

**Answer:** The context does not provide this information.",['Texas Tech University'],Tiered-Forest,"Based on the provided context, the candidate answer (""Tender Mercies, Murphy's Romance"") does not contain information about where Crabtree went to college. Therefore, the question cannot be answered from the given context.

**Answer:** The context does not provide this information.",False
WebQTest-1425,webqsp,test,what colleges did mitt romney attend?,"Mitt Romney attended Stanford University for one year, then transferred to Brigham Young University where he earned his bachelor’s degree. He later earned a joint JD/MBA from Harvard Law School and Harvard Business School.","['Harvard Law School', 'Harvard University', 'Stanford University', 'Harvard Business School', 'Brigham Young University']",Tiered-Forest,"Mitt Romney attended Stanford University for one year, then transferred to Brigham Young University where he earned his bachelor’s degree. He later earned a joint JD/MBA from Harvard Law School and Harvard Business School.",True
WebQTest-1311,webqsp,test,what was antoni gaudi inspired by?,"Antoni Gaudí was primarily inspired by **nature**, which he saw as the perfect design. This is evident in his use of organic shapes, curved lines, and structures like tree-like columns. 

He was also deeply influenced by:
*   **Religion** – His later works became profound expressions of his Catholic faith.
*   **Catalan culture and Gothic architecture** – which he reinterpreted in innovative ways.
*   **Oriental arts** (like Mudéjar and Japanese influences) – especially in his earlier, more ornate period.

**In short: Gaudí's core inspiration was nature, complemented by religion, Catalan Gothic, and oriental arts.**","['Eugène Viollet-le-Duc', 'William Morris']",Tiered-Forest,"Antoni Gaudí was primarily inspired by **nature**, which he saw as the perfect design. This is evident in his use of organic shapes, curved lines, and structures like tree-like columns. 

He was also deeply influenced by:
*   **Religion** – His later works became profound expressions of his Catholic faith.
*   **Catalan culture and Gothic architecture** – which he reinterpreted in innovative ways.
*   **Oriental arts** (like Mudéjar and Japanese influences) – especially in his earlier, more ornate period.

**In short: Gaudí's core inspiration was nature, complemented by religion, Catalan Gothic, and oriental arts.**",False
WebQTest-891,webqsp,test,who was the leader of the first communist party of china?,The leader of the first Communist Party of China was Chen Duxiu.,"['Li Dazhao', 'Mao Zedong', 'Zhou Enlai', 'Chen Duxiu']",Tiered-Forest,The leader of the first Communist Party of China was Chen Duxiu.,True
WebQTest-251,webqsp,test,what type of currency do they use in england?,"England uses the **British Pound Sterling (GBP)**, often simply called the pound (£).",['Pound sterling'],Tiered-Forest,"England uses the **British Pound Sterling (GBP)**, often simply called the pound (£).",True
WebQTest-1975,webqsp,test,what was the last movie sean connery was in?,"Sean Connery's last live-action film role was in *The League of Extraordinary Gentlemen* (2003). He officially retired from acting after that.

While he provided voice work for the animated short *Sir Billi* (2006) and its later feature-length version *Sir Billi the Vet* (2012), his final on-screen performance remains the 2003 film.

**Concise answer:** *The League of Extraordinary Gentlemen* (2003).",['Sir Billi'],Tiered-Forest,"Sean Connery's last live-action film role was in *The League of Extraordinary Gentlemen* (2003). He officially retired from acting after that.

While he provided voice work for the animated short *Sir Billi* (2006) and its later feature-length version *Sir Billi the Vet* (2012), his final on-screen performance remains the 2003 film.

**Concise answer:** *The League of Extraordinary Gentlemen* (2003).",True
WebQTest-1825,webqsp,test,what did lincoln steffens wrote?,"The Shame of the Cities, Tweed Days in St. Louis, The Shame of Minneapolis","['Die Geschichte meines Lebens', 'The Shame of the Cities', 'The autobiography of Lincoln Steffens', 'John Reed', 'The struggle for self-government', 'Lincoln Steffens speaking', 'The world of Lincoln Steffens', 'Into Mexico and out', 'Moses in red', 'The Least Of These', 'Upbuilders', 'Boy on horseback', 'The Old Jim Horse']",Tiered-Forest,"The Shame of the Cities, Tweed Days in St. Louis, The Shame of Minneapolis",True
WebQTest-1114,webqsp,test,what countries makes up the uk?,"The United Kingdom is made up of four countries:  
1. England  
2. Scotland  
3. Wales  
4. Northern Ireland","['England', 'Northern Ireland', 'Scotland', 'Wales']",Tiered-Forest,"The United Kingdom is made up of four countries:  
1. England  
2. Scotland  
3. Wales  
4. Northern Ireland",True
WebQTest-1629,webqsp,test,what currency does dominican republic take?,The Dominican Republic uses the Dominican peso as its currency.,['Dominican peso'],Tiered-Forest,The Dominican Republic uses the Dominican peso as its currency.,True
WebQTest-624,webqsp,test,who plays elena gilbert on vampire diaries?,Nina Dobrev plays Elena Gilbert on *The Vampire Diaries*.,['Nina Dobrev'],Tiered-Forest,Nina Dobrev plays Elena Gilbert on *The Vampire Diaries*.,True
WebQTest-1691,webqsp,test,what is houston timezone?,"Houston, Texas is in the Central Time Zone (CT).",['Central Time Zone'],Tiered-Forest,"Houston, Texas is in the Central Time Zone (CT).",True
WebQTest-833,webqsp,test,what is the main language used in china?,The main language used in China is Mandarin Chinese.,['Standard Chinese'],Tiered-Forest,The main language used in China is Mandarin Chinese.,False
WebQTest-1507,webqsp,test,who was kate chopin?,"Kate Chopin was an American author best known for her early feminist novel **""The Awakening""** (1899) and her short stories, including **""Désirée's Baby.""** She wrote primarily in the late 19th century, often focusing on themes of women's identity, desire, and societal constraints, placing her within the **Realism** and **local color** literary movements.","['Businessperson', 'Novelist', 'Writer', 'Author']",Tiered-Forest,"Kate Chopin was an American author best known for her early feminist novel **""The Awakening""** (1899) and her short stories, including **""Désirée's Baby.""** She wrote primarily in the late 19th century, often focusing on themes of women's identity, desire, and societal constraints, placing her within the **Realism** and **local color** literary movements.",True
WebQTest-691,webqsp,test,what school did miley cyrus?,Miley Cyrus was homeschooled.,['Heritage Elementary School'],Tiered-Forest,Miley Cyrus was homeschooled.,False
WebQTest-755,webqsp,test,what was bonnie prince charlie full name?,Bonnie Prince Charlie's full name was Charles Edward Stuart.,['Charles Edward Stuart'],Tiered-Forest,Bonnie Prince Charlie's full name was Charles Edward Stuart.,True
WebQTest-154,webqsp,test,what instruments did louis armstrong play?,Louis Armstrong primarily played the trumpet and cornet. He was also a vocalist.,"['Cornet', 'Trumpet']",Tiered-Forest,Louis Armstrong primarily played the trumpet and cornet. He was also a vocalist.,True
WebQTest-1819,webqsp,test,what religion does canada follow?,"Canada does not have an official state religion. It is a secular country with freedom of religion guaranteed by its Charter of Rights and Freedoms.

The most widely practiced religion is Christianity (particularly Roman Catholicism and Protestantism), but a significant portion of the population reports having no religion, and many other faiths are practiced due to its diverse population.","['Protestantism', 'Catholicism', 'Islam']",Tiered-Forest,"Canada does not have an official state religion. It is a secular country with freedom of religion guaranteed by its Charter of Rights and Freedoms.

The most widely practiced religion is Christianity (particularly Roman Catholicism and Protestantism), but a significant portion of the population reports having no religion, and many other faiths are practiced due to its diverse population.",True
WebQTest-33,webqsp,test,what timezone is sweden?,Sweden primarily uses Central European Time (CET) or Central European Summer Time (CEST).,['Central European Time Zone'],Tiered-Forest,Sweden primarily uses Central European Time (CET) or Central European Summer Time (CEST).,False
WebQTest-581,webqsp,test,where was anne boleyn executed?,Anne Boleyn was executed at the Tower Green within the Tower of London.,['Tower of London'],Tiered-Forest,Anne Boleyn was executed at the Tower Green within the Tower of London.,True
WebQTest-723,webqsp,test,what is there to see in sydney australia?,"In Sydney, Australia, there's plenty to see including the Sydney Opera House, Harbour Bridge, Bondi Beach, and the Royal Botanic Garden.","['Oatley Park, New South Wales', 'Port Jackson', 'Rose Seidler House', 'Bondi Beach', 'Wild Life Sydney', 'Sydney Film Festival', 'The Rocks', 'Sydney Markets', 'Powerhouse Museum', 'Luna Park Sydney', 'City2Surf', ""St Mary's Cathedral, Sydney"", 'Sydney Opera House', 'Sydney Harbour Bridge', 'North Head Quarantine Station', 'Hillsong Church', 'Darling Harbour', 'Australian National Maritime Museum', 'Featherdale Wildlife Park', 'Kamay Botany Bay National Park']",Tiered-Forest,"In Sydney, Australia, there's plenty to see including the Sydney Opera House, Harbour Bridge, Bondi Beach, and the Royal Botanic Garden.",True
WebQTest-1818,webqsp,test,what state is saint louis university in?,Saint Louis University is in the state of Missouri.,['Missouri'],Tiered-Forest,Saint Louis University is in the state of Missouri.,True
WebQTest-953,webqsp,test,where is kansas city?,"Kansas City is located in the Midwestern region of the United States, straddling the Kansas-Missouri border.",['Platte County'],Tiered-Forest,"Kansas City is located in the Midwestern region of the United States, straddling the Kansas-Missouri border.",False
WebQTest-335,webqsp,test,what type of money to take to cuba?,"You should take **Euros (EUR)** or **Canadian dollars (CAD)** to exchange in Cuba, as they get better exchange rates than US dollars (USD), which face a 10% penalty. Bring cash, as U.S. credit/debit cards generally do not work due to sanctions. Once in Cuba, exchange your cash for **Cuban Convertible Pesos (CUC)** or **Cuban Pesos (CUP)** at official exchange offices (CADECA).

**Note:** The candidate answer ""Sean Connery"" appears to be unrelated to the question.","['Cuban peso', 'Cuban convertible peso']",Tiered-Forest,"You should take **Euros (EUR)** or **Canadian dollars (CAD)** to exchange in Cuba, as they get better exchange rates than US dollars (USD), which face a 10% penalty. Bring cash, as U.S. credit/debit cards generally do not work due to sanctions. Once in Cuba, exchange your cash for **Cuban Convertible Pesos (CUC)** or **Cuban Pesos (CUP)** at official exchange offices (CADECA).

**Note:** The candidate answer ""Sean Connery"" appears to be unrelated to the question.",True
WebQTest-1152,webqsp,test,who is the voice of kitt?,"The voice of KITT in the TV series ""Knight Rider"" was provided by William Daniels.",['William Daniels'],Tiered-Forest,"The voice of KITT in the TV series ""Knight Rider"" was provided by William Daniels.",True
WebQTest-1209,webqsp,test,when does ziva start on ncis?,"Ziva David (played by Cote de Pablo) first appeared on NCIS in the third-season premiere, which aired on September 20, 2005.",['NCIS - Season 3'],Tiered-Forest,"Ziva David (played by Cote de Pablo) first appeared on NCIS in the third-season premiere, which aired on September 20, 2005.",False
WebQTest-1739,webqsp,test,who is the voice of eric cartman on south park?,"Eric Cartman is voiced by **Trey Parker**, who co-created ""South Park"" and uses his normal speaking voice for the character.

**Answer:** Trey Parker",['Trey Parker'],Tiered-Forest,"Eric Cartman is voiced by **Trey Parker**, who co-created ""South Park"" and uses his normal speaking voice for the character.

**Answer:** Trey Parker",True
WebQTest-538,webqsp,test,what are all the movies taylor swift has been in?,"The candidate answer (reggaeton, Afrobeat, dancehall) is unrelated to the question about Taylor Swift's movies.

Taylor Swift has had cameo and acting roles in the following films:
* **""Valentine's Day""** (2010)
* **""The Lorax""** (2012) – voice role
* **""The Giver""** (2014)
* **""Cats""** (2019)
* **""Amsterdam""** (2022)

She has also directed and starred in the short film **""All Too Well""** (2021) and appeared in the concert films **""Journey to Fearless""** (2010), **""Taylor Swift: Reputation Stadium Tour""** (2018), and **""Taylor Swift: Miss Americana""** (2020).","['Hannah Montana: The Movie', ""Valentine's Day"", 'The Lorax', 'Jonas Brothers: The Concert Experience', 'The Giver']",Tiered-Forest,"The candidate answer (reggaeton, Afrobeat, dancehall) is unrelated to the question about Taylor Swift's movies.

Taylor Swift has had cameo and acting roles in the following films:
* **""Valentine's Day""** (2010)
* **""The Lorax""** (2012) – voice role
* **""The Giver""** (2014)
* **""Cats""** (2019)
* **""Amsterdam""** (2022)

She has also directed and starred in the short film **""All Too Well""** (2021) and appeared in the concert films **""Journey to Fearless""** (2010), **""Taylor Swift: Reputation Stadium Tour""** (2018), and **""Taylor Swift: Miss Americana""** (2020).",True
WebQTest-1110,webqsp,test,where was john jay born?,"John Jay was born in New York City on December 12, 1745.",['New York City'],Tiered-Forest,"John Jay was born in New York City on December 12, 1745.",True
WebQTest-39,webqsp,test,who is niall ferguson's wife?,Niall Ferguson's wife is Ayaan Hirsi Ali.,['Ayaan Hirsi Ali'],Tiered-Forest,Niall Ferguson's wife is Ayaan Hirsi Ali.,True
WebQTest-1285,webqsp,test,what city is mt lassen in?,"Mt. Lassen is located in Lassen County, California, near the city of Susanville.","['California', 'Lassen Volcanic National Park', 'North America', 'United States of America', 'Cascade Range', 'Shasta County']",Tiered-Forest,"Mt. Lassen is located in Lassen County, California, near the city of Susanville.",True
WebQTest-28,webqsp,test,what electorate does anna bligh represent?,Anna Bligh represented the electorate of Griffith in the Australian House of Representatives.,['Electoral district of South Brisbane'],Tiered-Forest,Anna Bligh represented the electorate of Griffith in the Australian House of Representatives.,False
WebQTest-2028,webqsp,test,who is the current leader of france 2010?,"The current leader of France in 2010 was **Nicolas Sarkozy**, who served as President of the French Republic from 2007 to 2012.",['Nicolas Sarkozy'],Tiered-Forest,"The current leader of France in 2010 was **Nicolas Sarkozy**, who served as President of the French Republic from 2007 to 2012.",True
WebQTest-1485,webqsp,test,what is the currency in turkey called?,The currency in Turkey is called the Turkish Lira.,['Turkish lira'],Tiered-Forest,The currency in Turkey is called the Turkish Lira.,True
WebQTest-1060,webqsp,test,what is the currency in italy?,The currency in Italy is the Euro (EUR).,['Euro'],Tiered-Forest,The currency in Italy is the Euro (EUR).,True
WebQTest-749,webqsp,test,who was president in 1988 in the united states?,"Based on the context provided, the document appears to be an annual report from the National Science Board to the President and Congress. The year referenced is 1988.

In the United States, the President in 1988 was **Ronald Reagan**. He served from January 20, 1981, to January 20, 1989. The 1988 presidential election was held in November of that year, but the winner (George H. W. Bush) did not take office until January 1989.

**Answer: Ronald Reagan.**",['Ronald Reagan'],Tiered-Forest,"Based on the context provided, the document appears to be an annual report from the National Science Board to the President and Congress. The year referenced is 1988.

In the United States, the President in 1988 was **Ronald Reagan**. He served from January 20, 1981, to January 20, 1989. The 1988 presidential election was held in November of that year, but the winner (George H. W. Bush) did not take office until January 1989.

**Answer: Ronald Reagan.**",True
WebQTest-1256,webqsp,test,who did terrell owens play for in 2010?,Terrell Owens did not play for any NFL team in 2010. He was released by the Buffalo Bills after the 2009 season and signed with the Cincinnati Bengals in July 2011. The year 2010 was a season he missed entirely.,"['Buffalo Bills', 'Cincinnati Bengals', 'Texas Revolution']",Tiered-Forest,Terrell Owens did not play for any NFL team in 2010. He was released by the Buffalo Bills after the 2009 season and signed with the Cincinnati Bengals in July 2011. The year 2010 was a season he missed entirely.,True
WebQTest-1724,webqsp,test,when did arsenal won the league?,"Arsenal last won the English top-flight league (the Premier League) in the 2003/04 season, when they went unbeaten (earning the nickname ""The Invincibles"").","['2004–05 FA Cup', '1992–93 FA Cup', '2002–03 FA Cup', '2001–02 FA Cup', '1997–98 FA Cup', '1978–79 FA Cup', '1970–71 FA Cup', '2013–14 FA Cup']",Tiered-Forest,"Arsenal last won the English top-flight league (the Premier League) in the 2003/04 season, when they went unbeaten (earning the nickname ""The Invincibles"").",False
WebQTest-241,webqsp,test,who plays the voice of brian on family guy?,Seth MacFarlane plays the voice of Brian on *Family Guy*.,['Seth MacFarlane'],Tiered-Forest,Seth MacFarlane plays the voice of Brian on *Family Guy*.,True
WebQTest-1838,webqsp,test,what sports are popular in germany?,"The most popular sports in Germany are:

1.  **Football (soccer)** – By far the most popular, both for spectators and participants. The Bundesliga is a top league, and the national team has a huge following.
2.  **Gymnastics (Turnen)** – A historically significant and widely practiced participatory sport.
3.  **Tennis** – Has a strong recreational and professional following.
4.  **Athletics (Track and Field)** – Popular for both participation and major events.
5.  **Handball** – A major team sport with a strong professional league and fan base.
6.  **Winter Sports** – Such as **skiing** and **biathlon**, are especially popular in the southern regions.

**Note:** The candidate answer provided (""Rule of Law in the context of the Covid-19 crisis"") is completely unrelated to the question about German sports.","['Germany national football team', 'Germany national cricket team', 'Germany national handball team', ""Germany women's national field hockey team"", ""Germany women's national volleyball team"", 'Germany national beach handball team', ""Germany women's national beach handball team"", ""Germany women's national handball team"", 'Germany Davis Cup team', 'Germany Fed Cup team', ""Germany women's national rugby union team"", ""Germany women's national football team"", ""Germany men's national volleyball team"", 'Germany national korfball team', 'Germany national rugby league team', 'German National Ice Hockey Team', 'Germany national baseball team', 'Germany national badminton team', 'Germany national American football team', ""Germany men's national inline hockey team"", 'Germany national beach soccer team', ""Germany men's national water polo team"", ""Germany women's national basketball team"", 'Germany national speedway team', ""Germany men's national pitch and putt team"", ""Germany women's national under-18 ice hockey team"", 'Germany national rugby union team', ""Germany women's national ice hockey team"", 'Germany national basketball team', ""Germany U20 women's volleyball team"", 'FC Bayern Munich', 'BG Göttingen', 'Alba Berlin', 'Brose Baskets', ""Germany men's national field hockey team"", 'Telekom Baskets Bonn', 'Skyliners Frankfurt', 'Köln 99ers', 'Bayer Giants Leverkusen', 'EWE Baskets Oldenburg', 'QTSV Quackenbrück']",Tiered-Forest,"The most popular sports in Germany are:

1.  **Football (soccer)** – By far the most popular, both for spectators and participants. The Bundesliga is a top league, and the national team has a huge following.
2.  **Gymnastics (Turnen)** – A historically significant and widely practiced participatory sport.
3.  **Tennis** – Has a strong recreational and professional following.
4.  **Athletics (Track and Field)** – Popular for both participation and major events.
5.  **Handball** – A major team sport with a strong professional league and fan base.
6.  **Winter Sports** – Such as **skiing** and **biathlon**, are especially popular in the southern regions.

**Note:** The candidate answer provided (""Rule of Law in the context of the Covid-19 crisis"") is completely unrelated to the question about German sports.",False
WebQTest-210,webqsp,test,where is tyrese gibson from?,"Tyrese Gibson is from Los Angeles, California, USA.",['Watts'],Tiered-Forest,"Tyrese Gibson is from Los Angeles, California, USA.",False
WebQTest-991,webqsp,test,who played donna on west wing?,Janel Moloney played Donna Moss on *The West Wing*.,['Janel Moloney'],Tiered-Forest,Janel Moloney played Donna Moss on *The West Wing*.,True
WebQTest-1291,webqsp,test,how many kids were there in the kennedy family?,There were nine children in the Kennedy family.,"['Ted Kennedy', 'Rosemary Kennedy', 'Joseph P. Kennedy, Jr.', 'Jean Kennedy Smith', 'Kathleen Cavendish', 'Patricia Kennedy Lawford', 'Robert F. Kennedy', 'Eunice Kennedy Shriver', 'John F. Kennedy']",Tiered-Forest,There were nine children in the Kennedy family.,False
WebQTest-1324,webqsp,test,what college did john nash go to?,"John Nash attended the **Carnegie Institute of Technology** (now Carnegie Mellon University) for his undergraduate studies, where he earned both a bachelor's and a master's degree. He then pursued his graduate studies at **Princeton University**, where he completed his Ph.D.","['Carnegie Mellon College of Engineering', 'Princeton University']",Tiered-Forest,"John Nash attended the **Carnegie Institute of Technology** (now Carnegie Mellon University) for his undergraduate studies, where he earned both a bachelor's and a master's degree. He then pursued his graduate studies at **Princeton University**, where he completed his Ph.D.",True
WebQTest-390,webqsp,test,when was the last time the toronto maple leafs were in the stanley cup finals?,The Toronto Maple Leafs were in the Stanley Cup Finals in 2023.,['1967 Stanley Cup Finals'],Tiered-Forest,The Toronto Maple Leafs were in the Stanley Cup Finals in 2023.,False
WebQTest-1398,webqsp,test,what movies did joan crawford play in?,"Joan Crawford starred in many films, but the three from the candidate answer are:

*   **Johnny Guitar** (1954)
*   **What Ever Happened to Baby Jane?** (1962)

*(Note: ""Western"" is a genre, not a specific movie title.)*","['Possessed', 'Sudden Fear', 'Humoresque', 'Harriet Craig', 'Susan and God', 'The Women', 'The Stolen Jools', 'Spring Fever', 'Sally, Irene and Mary', 'Across to Singapore', 'This Woman Is Dangerous', 'Pretty Ladies', 'Old Clothes', 'Tramp, Tramp, Tramp', 'The Boob', 'The Taxi Dancer', 'Winners of the Wilderness', 'The Understanding Heart', 'Twelve Miles Out', 'The Law of the Range', 'West Point', 'Four Walls', 'Dream of Love', 'The Duke Steps Out', 'Our Modern Maidens', 'Montana Moon', 'Our Blushing Brides', 'Paid', 'Dance, Fools, Dance', 'This Modern Age', 'Laughing Sinners', 'Letty Lynton', 'Today We Live', 'Chained', 'Forsaking All Others', 'No More Ladies', 'I Live My Life', 'The Bride Wore Red', 'The Shining Hour', 'Mannequin', 'The Ice Follies of 1939', 'Strange Cargo', ""A Woman's Face"", 'When Ladies Meet', 'They All Kissed the Bride', 'Reunion in France', 'Above Suspicion', 'Female on the Beach', 'Goodbye, My Fancy', 'The Story of Esther Costello', 'A Slave of Fashion', 'Tide of Empire', 'The Merry Widow', 'Trog', 'Great Day', 'The Last of Mrs. Cheyney', 'The Best of Everything', 'Paris', 'Queen Bee', 'Johnny Guitar', 'The Gorgeous Hussy', 'Torch Song', 'Hush… Hush, Sweet Charlotte', 'Autumn Leaves', 'The Karate Killers', 'What Ever Happened to Baby Jane?', 'Our Dancing Daughters', ""It's a Great Feeling"", ""The Damned Don't Cry!"", 'Rain', 'Flamingo Road', 'Dancing Lady', 'Rose-Marie', 'The Circle', 'The Unknown', 'Sadie McKee', 'Strait-Jacket', 'The Caretakers', 'Untamed', 'I Saw What You Did', 'Berserk!', 'Grand Hotel', 'The Hollywood Revue of 1929', 'Love on the Run', 'Harry Langdon: The Forgotten Clown', 'Mildred Pierce', 'Daisy Kenyon', 'Della']",Tiered-Forest,"Joan Crawford starred in many films, but the three from the candidate answer are:

*   **Johnny Guitar** (1954)
*   **What Ever Happened to Baby Jane?** (1962)

*(Note: ""Western"" is a genre, not a specific movie title.)*",True
WebQTest-1850,webqsp,test,what religion does madonna practice?,"Madonna practices Kabbalah, a form of Jewish mysticism. She is not a convert to Judaism but follows the teachings of the Kabbalah Centre.","['Jewish Renewal', 'Catholicism']",Tiered-Forest,"Madonna practices Kabbalah, a form of Jewish mysticism. She is not a convert to Judaism but follows the teachings of the Kabbalah Centre.",False
WebQTest-1094,webqsp,test,who was isaac newton and what did he do?,"Isaac Newton was an English mathematician, physicist, and astronomer who is widely recognized as one of the most influential scientists of all time.

His key achievements include:
*   Formulating the laws of motion and universal gravitation, published in his monumental work **""Philosophiæ Naturalis Principia Mathematica""** (1687).
*   Pioneering work in optics, demonstrating that white light is composed of colors, detailed in **""Opticks""** (1704).
*   Co-inventing calculus (independently of Leibniz).

His phrase **""Hypotheses non fingo""** (""I frame no hypotheses"") reflected his emphasis on deriving principles from observed phenomena rather than speculative guesses.","['Chemist', 'Philosopher', 'Mathematician', 'Physicist', 'Scientist', 'Astronomer']",Tiered-Forest,"Isaac Newton was an English mathematician, physicist, and astronomer who is widely recognized as one of the most influential scientists of all time.

His key achievements include:
*   Formulating the laws of motion and universal gravitation, published in his monumental work **""Philosophiæ Naturalis Principia Mathematica""** (1687).
*   Pioneering work in optics, demonstrating that white light is composed of colors, detailed in **""Opticks""** (1704).
*   Co-inventing calculus (independently of Leibniz).

His phrase **""Hypotheses non fingo""** (""I frame no hypotheses"") reflected his emphasis on deriving principles from observed phenomena rather than speculative guesses.",True
WebQTest-966,webqsp,test,what basketball player is married to monica?,The basketball player married to singer Monica is **Shannon Brown**.,['Shannon Brown'],Tiered-Forest,The basketball player married to singer Monica is **Shannon Brown**.,True
WebQTest-297,webqsp,test,what time zone is anaheim california?,"Anaheim, California is in the Pacific Time Zone.",['Pacific Time Zone'],Tiered-Forest,"Anaheim, California is in the Pacific Time Zone.",True
WebQTest-866,webqsp,test,where did otto frank go to college?,"Otto Frank attended the University of Frankfurt, where he studied economics and sociology.",['Heidelberg University'],Tiered-Forest,"Otto Frank attended the University of Frankfurt, where he studied economics and sociology.",False
WebQTest-1547,webqsp,test,what is the title of george bush's new book?,"The candidate answer list contains movie titles, not book titles. None of them match a book by George W. Bush. His notable recent book is **""Decision Points.""**

**Answer:** Decision Points",['In My Time: A Personal and Political Memoir'],Tiered-Forest,"The candidate answer list contains movie titles, not book titles. None of them match a book by George W. Bush. His notable recent book is **""Decision Points.""**

**Answer:** Decision Points",False
WebQTest-2015,webqsp,test,what type of government does argentina have today?,Argentina has a unitary presidential constitutional republic government today.,"['Presidential system', 'Constitutional republic', 'Representative democracy', 'Federal republic']",Tiered-Forest,Argentina has a unitary presidential constitutional republic government today.,True
WebQTest-1789,webqsp,test,what is john edwards indicted for?,"John Edwards was indicted for using campaign funds to cover up an extramarital affair during his 2008 presidential campaign. The charges were related to conspiracy and accepting illegal campaign contributions.

**Concise answer:** He was indicted for misusing campaign funds to hide an affair.",['Political corruption'],Tiered-Forest,"John Edwards was indicted for using campaign funds to cover up an extramarital affair during his 2008 presidential campaign. The charges were related to conspiracy and accepting illegal campaign contributions.

**Concise answer:** He was indicted for misusing campaign funds to hide an affair.",False
WebQTest-1306,webqsp,test,what kind of government does iran have after 1979?,"Iran has a theocratic government with a Supreme Leader at its helm, established after the 1979 revolution.","['Parliamentary system', 'Presidential system', 'Islamic republic', 'Unitary state', 'Theocracy']",Tiered-Forest,"Iran has a theocratic government with a Supreme Leader at its helm, established after the 1979 revolution.",False
WebQTest-1206,webqsp,test,what was francis bacon contributions?,"Francis Bacon's contributions were primarily in philosophy and science, where he championed the **inductive method** (empirical observation and experimentation) as the foundation for scientific inquiry, moving away from pure deductive reasoning. This is best outlined in his work **Novum Organum**. He also advocated for the **collaborative and practical application of science** for human betterment, a vision depicted in his utopian work **New Atlantis**. While he did not write the **Confessio Fraternitatis** (a Rosicrucian manifesto), his ideas helped shape the modern **scientific method** and the ethos of later scientific institutions like the Royal Society.","['Spy', 'Statesman', 'Philosopher', 'Scientist', 'Author']",Tiered-Forest,"Francis Bacon's contributions were primarily in philosophy and science, where he championed the **inductive method** (empirical observation and experimentation) as the foundation for scientific inquiry, moving away from pure deductive reasoning. This is best outlined in his work **Novum Organum**. He also advocated for the **collaborative and practical application of science** for human betterment, a vision depicted in his utopian work **New Atlantis**. While he did not write the **Confessio Fraternitatis** (a Rosicrucian manifesto), his ideas helped shape the modern **scientific method** and the ethos of later scientific institutions like the Royal Society.",False
WebQTest-1613,webqsp,test,what language do they speak in malta?,Malta speaks Maltese and English.,"['English Language', 'Maltese Language']",Tiered-Forest,Malta speaks Maltese and English.,False
WebQTest-1417,webqsp,test,when was the last time the boston bruins went to the stanley cup?,The Boston Bruins last won the Stanley Cup in 2019.,['2013 Stanley Cup Finals'],Tiered-Forest,The Boston Bruins last won the Stanley Cup in 2019.,False
WebQTest-69,webqsp,test,what county is brentwood tennessee in?,"Brentwood, Tennessee is in Davidson County.",['Williamson County'],Tiered-Forest,"Brentwood, Tennessee is in Davidson County.",False
WebQTest-1830,webqsp,test,what language do they speak in colombia south america?,"In Colombia, Spanish is the primary language spoken.","['Piratapuyo Language', 'Cocama language', 'Bora Language', 'Wayuu Language', 'Malayo Language', 'Quechua, Napo Lowland Language', 'Curripaco Language', 'Hupdë Language', 'Baudo language', 'Siona Language', 'Cabiyarí Language', 'Nukak language', 'Barí Language', 'Tama Language', 'Awa-Cuaiquer Language', 'Guanano Language', 'Tanimuca-Retuarã Language', 'Cagua Language', 'Runa Language', 'Coyaima Language', 'Ponares Language', 'Macaguaje Language', 'Inga, Jungle Language', 'Coxima Language', 'Tomedes Language', 'Natagaimas Language', 'Cumeral Language', 'Carijona Language', 'Tunebo, Barro Negro Language', 'Siriano Language', 'Muinane Language', 'Macaguán Language', 'Pijao Language', 'Puinave Language', 'Cubeo Language', 'Desano Language', 'Tunebo, Central Language', 'Guayabero Language', 'Arhuaco Language', 'Tunebo, Western Language', 'Totoro Language', 'Palenquero Language', 'Kogi Language', 'Barasana Language', 'Yukpa Language', 'Waimajã Language', 'Colombian Sign Language', 'Guambiano Language', 'Minica Huitoto', 'Piaroa Language', 'Emberá, Northern Language', 'Ocaina Language', 'Anserma Language', 'Carabayo Language', 'Macuna Language', 'Omejes Language', 'Andoque Language', 'Chipiajes Language', 'Inga Language', 'Piapoco Language', 'Tunebo, Angosturas Language', 'Catio language', 'Koreguaje Language', 'Kuna, Border Language', 'Andaqui Language', 'Sáliba Language', 'Camsá Language', 'Murui Huitoto language', 'Yucuna Language', 'Guahibo language', 'Cuiba language', 'Playero language', 'Uwa language', 'Achawa language', 'Ticuna language', 'Islander Creole English', 'Nheengatu language', 'Spanish Language', 'Tinigua language', 'Providencia Sign Language', 'Romani, Vlax Language', 'Tuyuca language', 'Tucano Language', 'Páez language', 'Cofán Language', 'Nonuya language']",Tiered-Forest,"In Colombia, Spanish is the primary language spoken.",False
WebQTest-1568,webqsp,test,what university did obama graduated from?,Barack Obama graduated from Columbia University (1983) and Harvard Law School (1991).,['Columbia University'],Tiered-Forest,Barack Obama graduated from Columbia University (1983) and Harvard Law School (1991).,True
WebQTest-828,webqsp,test,what is the head judge of the supreme court called?,The head judge of the Supreme Court is called the **Chief Justice of the United States**.,['Chief Justice of the United States'],Tiered-Forest,The head judge of the Supreme Court is called the **Chief Justice of the United States**.,True
WebQTest-425,webqsp,test,where english is spoken?,"The candidate answer contains a mix of items, but only one is a place where English is spoken.

*   **Human Reference Atlas Literature (HRAlit) Database:** This is a scientific resource, not a geographic location.
*   **The Lion King:** This is a fictional story set in a fictionalized Africa, not a real place.
*   **Batman:** This is a fictional character based in **Gotham City**, a fictional U.S. city.

Since Gotham City is portrayed as a major English-speaking city in the United States, the concise answer is:

**Gotham City (United States).**","['Bahamas', 'Bangladesh', 'Barbados', 'Belize', 'Bermuda', 'Botswana', 'Brunei', 'Transkei', 'Ethiopia', 'Kenya', 'State of Palestine', 'Cameroon', 'Cayman Islands', 'Cyprus', 'Cook Islands', 'Territory of Papua and New Guinea', 'Dominica', 'England', 'Timor-Leste', 'Fiji', 'Jordan', 'Japan', 'Jersey', 'Guyana', 'Guam', 'Ghana', 'Gibraltar', 'South Yemen', 'Grenada', 'Honduras', 'Hong Kong', 'India', 'Republic of Ireland', 'Indonesia', 'Israel', 'Isle of Man', 'Kiribati', 'Laos', 'Lesotho', 'Liberia', 'Malta', 'Marshall Islands', 'Montserrat', 'Namibia', 'Nauru', 'Nigeria', 'Papua New Guinea', 'Puerto Rico', 'Pakistan', 'Philippines', 'Gazankulu', 'Qatar', 'Rwanda', 'Sri Lanka', 'Saint Kitts and Nevis', 'Sierra Leone', 'Saint Lucia', 'Saint Vincent and the Grenadines', 'Samoa', 'Singapore', 'Sudan', 'Swaziland', 'Tanzania', 'Tokelau', 'Turks and Caicos Islands', 'Tuvalu', 'United Kingdom', 'Uganda', 'Vatican City', 'Vanuatu', 'Zimbabwe', 'Zambia', 'Malaysia', 'Territory of New Guinea', 'Australia', 'New Zealand', 'China', 'Canada', 'Mandatory Palestine', 'Curaçao', 'Gambia', 'South Africa', 'Wales', 'Antigua and Barbuda', 'Bonaire', 'Kingdom of Great Britain', 'United States of America']",Tiered-Forest,"The candidate answer contains a mix of items, but only one is a place where English is spoken.

*   **Human Reference Atlas Literature (HRAlit) Database:** This is a scientific resource, not a geographic location.
*   **The Lion King:** This is a fictional story set in a fictionalized Africa, not a real place.
*   **Batman:** This is a fictional character based in **Gotham City**, a fictional U.S. city.

Since Gotham City is portrayed as a major English-speaking city in the United States, the concise answer is:

**Gotham City (United States).**",False
WebQTest-1802,webqsp,test,where are the timezones in the usa?,"The candidate answer appears to be irrelevant to the question about U.S. time zones.

The United States has multiple time zones. From east to west, the primary contiguous time zones are:
*   Eastern Time (ET)
*   Central Time (CT)
*   Mountain Time (MT)
*   Pacific Time (PT)

Additionally, Alaska has Alaska Time (AKT) and Hawaii has Hawaii-Aleutian Time (HAT). U.S. territories also have their own, such as Atlantic Time and Samoa Time.","['Samoa Time Zone', 'Chamorro Time Zone', 'Central Time Zone', 'Eastern Time Zone', 'Mountain Time Zone', 'Pacific Time Zone', 'Alaska Time Zone', 'Hawaii-Aleutian Time Zone', 'Atlantic Time Zone']",Tiered-Forest,"The candidate answer appears to be irrelevant to the question about U.S. time zones.

The United States has multiple time zones. From east to west, the primary contiguous time zones are:
*   Eastern Time (ET)
*   Central Time (CT)
*   Mountain Time (MT)
*   Pacific Time (PT)

Additionally, Alaska has Alaska Time (AKT) and Hawaii has Hawaii-Aleutian Time (HAT). U.S. territories also have their own, such as Atlantic Time and Samoa Time.",False
WebQTest-1242,webqsp,test,what are all the names of the harry potter books?,"The candidate answer is incorrect. The correct list of the seven Harry Potter book titles is:

1. *Harry Potter and the Philosopher's Stone* (Sorcerer's Stone in the U.S.)
2. *Harry Potter and the Chamber of Secrets*
3. *Harry Potter and the Prisoner of Azkaban*
4. *Harry Potter and the Goblet of Fire*
5. *Harry Potter and the Order of the Phoenix*
6. *Harry Potter and the Half-Blood Prince*
7. *Harry Potter and the Deathly Hallows*","['Harry Potter and the Order of the Phoenix', 'Harry Potter and the Chamber of Secrets', 'Harry Potter and the Prisoner of Azkaban', 'Harry Potter and the Goblet of Fire', 'Harry Potter and the Deathly Hallows', 'Harry Potter and the Half-Blood Prince', ""Harry Potter and the Philosopher's Stone""]",Tiered-Forest,"The candidate answer is incorrect. The correct list of the seven Harry Potter book titles is:

1. *Harry Potter and the Philosopher's Stone* (Sorcerer's Stone in the U.S.)
2. *Harry Potter and the Chamber of Secrets*
3. *Harry Potter and the Prisoner of Azkaban*
4. *Harry Potter and the Goblet of Fire*
5. *Harry Potter and the Order of the Phoenix*
6. *Harry Potter and the Half-Blood Prince*
7. *Harry Potter and the Deathly Hallows*",True
WebQTest-612,webqsp,test,who does jeremy shockey play for in 2012?,"In 2012, Jeremy Shockley played for the Atlanta Falcons.",['Carolina Panthers'],Tiered-Forest,"In 2012, Jeremy Shockley played for the Atlanta Falcons.",False
WebQTest-1124,webqsp,test,who played samantha stephens in bewitched?,"The candidate answer lists actors, but none of them played Samantha Stephens.

The role of Samantha Stephens in *Bewitched* was played by **Elizabeth Montgomery**.",['Elizabeth Montgomery'],Tiered-Forest,"The candidate answer lists actors, but none of them played Samantha Stephens.

The role of Samantha Stephens in *Bewitched* was played by **Elizabeth Montgomery**.",True
WebQTest-1487,webqsp,test,where does kate middleton live 2012?,"In 2012, Kate Middleton lived at **Kensington Palace** in London. This was her primary residence following her 2011 marriage to Prince William, who was then a Royal Air Force search-and-rescue pilot based in Anglesey, Wales. They split their time between their apartment in Kensington Palace (Apartment 1A) and the couple's cottage on the island of Anglesey.","['Bucklebury', 'Reading']",Tiered-Forest,"In 2012, Kate Middleton lived at **Kensington Palace** in London. This was her primary residence following her 2011 marriage to Prince William, who was then a Royal Air Force search-and-rescue pilot based in Anglesey, Wales. They split their time between their apartment in Kensington Palace (Apartment 1A) and the couple's cottage on the island of Anglesey.",False
WebQTest-468,webqsp,test,where did venus williams come from?,"Venus Williams is from the United States, specifically born and raised in Compton, California.",['Lynwood'],Tiered-Forest,"Venus Williams is from the United States, specifically born and raised in Compton, California.",False
WebQTest-518,webqsp,test,what type of money do they use in costa rica?,"In Costa Rica, they use the Costa Rican colon (CRC).",['Costa Rican colón'],Tiered-Forest,"In Costa Rica, they use the Costa Rican colon (CRC).",False
WebQTest-79,webqsp,test,what country did buddha come from?,"Buddha, Siddhartha Gautama, was born in **Lumbini**, which is in present-day **Nepal**.",['Nepal'],Tiered-Forest,"Buddha, Siddhartha Gautama, was born in **Lumbini**, which is in present-day **Nepal**.",True
WebQTest-1233,webqsp,test,what are the colors of the ny giants?,The New York Giants' colors are blue and white.,"['Blue', 'Grey', 'Red', 'White']",Tiered-Forest,The New York Giants' colors are blue and white.,True
WebQTest-1090,webqsp,test,where are boeing headquarters?,"Boeing's headquarters are located in Chicago, Illinois, specifically in the Skypark area.",['Chicago'],Tiered-Forest,"Boeing's headquarters are located in Chicago, Illinois, specifically in the Skypark area.",True
WebQTest-1822,webqsp,test,who is in paul ryan's family?,"Paul Ryan’s immediate family includes his wife, Janna, and their three children: daughter Liza and sons Charles and Samuel.","['Janna Ryan', 'Elizabeth Ryan', 'Charles Ryan', 'Samuel Ryan', 'Paul Murray Ryan', 'Elizabeth A. Ryan']",Tiered-Forest,"Paul Ryan’s immediate family includes his wife, Janna, and their three children: daughter Liza and sons Charles and Samuel.",False
WebQTest-1933,webqsp,test,what year did adam morrison get drafted?,Adam Morrison was drafted in 2007.,['2006 NBA draft'],Tiered-Forest,Adam Morrison was drafted in 2007.,False
WebQTest-173,webqsp,test,what countries are part of the baltic?,"The Baltic states are Latvia, Lithuania, and Estonia.","['Estonia', 'Latvia', 'Lithuania']",Tiered-Forest,"The Baltic states are Latvia, Lithuania, and Estonia.",True
WebQTest-1204,webqsp,test,where did the anasazi indians live?,"The Anasazi Indians lived in the southwestern United States, primarily in what are now the Four Corners states: Arizona, Utah, Colorado, and New Mexico.",['Four Corners'],Tiered-Forest,"The Anasazi Indians lived in the southwestern United States, primarily in what are now the Four Corners states: Arizona, Utah, Colorado, and New Mexico.",True
WebQTest-227,webqsp,test,where were the seneca indians located?,"The Seneca Indians were located in western New York, primarily in the Finger Lakes region.","['New York', 'Ontario']",Tiered-Forest,"The Seneca Indians were located in western New York, primarily in the Finger Lakes region.",True
WebQTest-170,webqsp,test,who played bilbo in lord of the rings?,Ian Holm played Bilbo Baggins in *The Lord of the Rings* film trilogy. Martin Freeman played the younger Bilbo in *The Hobbit* trilogy.,['Norman Bird'],Tiered-Forest,Ian Holm played Bilbo Baggins in *The Lord of the Rings* film trilogy. Martin Freeman played the younger Bilbo in *The Hobbit* trilogy.,False
WebQTest-739,webqsp,test,what pieces of music did claude debussy compose?,"Claude Debussy composed pieces primarily in the genres of **opera** and **classical/impressionist music**.

Key works include:
* **Opera:** *Pelléas et Mélisande*
* **Orchestral:** *Prélude à l'après-midi d'un faune*, *La Mer*, *Nocturnes*
* **Piano:** *Suite bergamasque* (contains ""Clair de lune""), *Images*, *Préludes*
* **Chamber and other works:** String Quartet, *Syrinx* for solo flute","['g.11b821q1dm', 'Lindaraja', 'g.1234bndn', 'g.1234nfvz', 'Le promenoir des deux amants', 'Le Martyre de Saint-Sébastien: I. La cour des lys: N°2', 'Le Martyre de Saint-Sébastien: II. La chambre magique: N°1', 'Études, L. 136: XI. Pour les arpèges composés', 'Pelléas et Mélisande: Act II, Scene II. \\""Je suis ... je suis malade ici\\"" (Mélisande, Golaud)', 'Chansons de Bilitis, L. 90: La Flûte de Pan «Pour le jour des Hyacinthies»', ""Chansons de Bilitis, L. 90: «La Chevelure «Il m'a dit «Cette nuit d'ai rêvé»»"", 'Dans le jardin, L. 78, CD 107, mélodie pour voix et piano \\""Je regardais dans le jardin\\""', 'Preludes, Book I: 6. Des pas sur la neige', 'Estampes II: La soir e dans Grenade', 'Chansons de Bilitis, L. 90: Le Tombeau des naïades: «Le long du bois couvert de givre»', 'Petite Suite, L. 65, CD 71b, pour orchestre : I. En bateau', 'Le promenoir des deux amants, L. 118, CD 129, mélodies pour voix et piano : I. \\""Auprès de cette grotte sombre\\""', 'My Reverie', 'Proses lyriques, L. 84, CD 90 : IV. De Soirs, mélodie \\""Dimanche sur les villes\\""', 'Trio in G Major for Violin, Cello and Piano: II. Scherzo - Intermezzo. Moderato con allegro', 'La Damoiselle élue, L. 62, CD 69, poème lyrique pour voix de femmes, solo, chœur et orchestre', 'Études, L. 136: V. Pour les octaves', 'Six épigraphes antiques, L. 131: III. Pour que la nuit soit propice', 'Preludes, Book II: 7. La Terrasse des audiences du clair de lune', 'En blanc et noir: II. Lent, sombre', 'Quatuor à cordes en sol mineur, op. 10, L. 85, CD 91 : IV. Très modéré', 'Suite bergamasque, L. 75, CD 82a, pour orchestre : III. Clair de lune', 'Les Chansons de Bilitis, L. 96: No. 3. Les Contes', 'Le Martyre de Saint-Sébastien: I. La cour des lys: N°1', 'Quatuor à cordes en sol mineur, op. 10, L. 85, CD 91 : II. Assez vif et bien rythmé', 'Le Martyre de Saint-Sébastien: III. Le concile des faux dieux: N°4', 'Deux arabesques, L. 66, CD 74, pour piano : No. 2 en sol majeur, Allegretto scherzando', 'Les Chansons de Bilitis, L. 96: No. 6. Bilitis', 'Pantomime, L. 31, CD 47, mélodie pour voix et piano \\""Pierrot, qui n’a rien d’un Clitandre\\""', 'Sonata for flute, viola and harp, L. 137: II. Interlude', 'Preludes, Book II: 3. La Puerta del Vino', 'Estampes, L. 100: III. Jardins sous la pluie. Net et vif', 'Pelléas et Mélisande: Act I, Scene II. \\""Grand-père, j\'ai reçu en même temps que la lettre de mon frère...\\"" (Pelléas, Arkel, Geneviève)', 'Three Preludes: Feuilles mortes', 'Pelléas et Mélisande: Act IV, Scene II. \\""Oh! Cette pierre est lourde ...\\"" (Yniold, Le Berger)', 'Pelléas et Mélisande: Act III, Scene II. \\""Prenez garde; par ici, par ici\\"" (Golaud, Pelléas)', 'Syrinx huilulle, L 129', 'Pelléas et Mélisande - Concert Suite: Acte V. Une chambre dans le château', 'Pelléas et Mélisande: Act III, Scene I. \\""Oh! Oh! Mes cheveux descendent de la tour!\\"" (Mélisande, Pelléas)', 'Suite bergamasque, L. 75, CD 82b, pour orchestre : III. Clair de lune', 'Preludes, Book II: 1. Brouillards', 'Pelléas et Mélisande: Act I, Scene II. \\""Voici ce qu\'il écrit à son frère Pelléas: \'Un soir, je l\'ai trouvée\'\\"" (Geneviève)', 'Trio in G Major for Violin, Cello and Piano: I. Andantino con moto allegro', 'Pelléas et Mélisande: Act IV, Scene I. \\""Apporte-la\\"" (Golaud, Arkel, Mélisande)', ""Children's Corner, L. 113: V. The Little Shepherd"", 'Les Chansons de Bilitis, L. 96: No. 8. Les Courtisanes égyptiennes', 'Pelléas et Mélisande: Act I, Scene III. \\""Hoé! Hisse hoé! Hoé! Hoé!\\"" (Chœr, Mélisande, Pelléas, Geneviève)', 'Petite Suite, L. 65, CD 71a, pour piano à 4 mains : IV. Ballet', 'Études, L. 136: II. Pour les tierces', 'Images pour orchestre, L 122: II. Iberia', 'Iberia No. 2 from \\""Images\\"" for Orchestra: II. The Perfumes of the Night', ""Three Preludes: Ce qu'a vu le vent de l'ouest"", '3 Preludes from Book II: V. Bruyerès. Calme', 'Pelléas et Mélisande: Act V. \\""Qu\'avez-vous fait? Vous allez la tuer\\"" (Arkel, Golaud, Mélisande)', ""Children's Corner, L. 113: III. Serenade for the Doll"", 'Proses lyriques, L. 84, CD 90 : I. De Rêve, mélodie \\""La nuit a des douceurs de femme\\""', 'Clair de lune Samba', 'Pelléas et Mélisande: Act II, Scene II. \\""Ah! Ah! Tout va bien, ce la ne sera rien\\"" (Golaud, Mélisande)', ""Children's Corner - I. Doctor Gradus ad Parnassum"", 'Cinq poèmes de Baudelaire, L. 64, CD 70: II. Harmonie du soir', 'Pierrot', 'Ariettes oubliées, L. 60, CD 63a : IV. Paysages belges. Chevaux de bois, mélodie pour voix et piano \\""Tournez, tournez, bons chevaux de bois\\""', 'Le Martyre de Saint-Sébastien: II. La chambre magique: N°2', ""Études, L. 136: I. Pour les « cinq doigts » d'après monsieur Czerny"", 'Pelléas et Mélisande: Act III, Scene IV. \\""Viens, nous allons nous asseoir ici, Yniold\\"" (Golaud, Yniold)', 'Cello sonata in D minor: I. Prologue', ""Trois Ballades de François Villon, L. 119: I. Ballade de Villon à s'Amye"", 'Fêtes galantes (Premier recueil), L. 80, CD 86 : III. Clair de lune, mélodie pour voix et piano \\""Votre âme est un paysage choisi\\""', 'Trois Ballades de François Villon, L. 119: II. Ballade que Villon feit à la requeste de sa mère pour prier Nostre-Dame', 'En blanc et noir: I. Avec emportement', 'Pelléas et Mélisande: Act II, Scene I. \\""Vous ne savez pas où je vous ai menée?\\"" (Pelléas, Mélisande)', 'Nuit d’étoiles, L. 4, CD 2, mélodie pour voix et piano \\""Nuit d’étoiles, sous tes voiles\\""', 'Pelléas et Mélisande: Act V. \\""Non, non, nous n\'avons pas été coupables\\"" (Mélisande, Golaud)', 'Nocturnes, L. 91, CD 98: III. Sirènes', 'Petite Suite: Menuet', 'La Romance d’Ariel, L. 54, CD 58, mélodie pour voix et piano \\""Au long de ces montagnes douces\\""', 'Proses lyriques, L. 84, CD 90 : III. De Fleurs, mélodie \\""Dans l’ennui si désolément vert\\""', 'Six épigraphes antiques, L. 131: VI. Pour remercier la pluie au matin', 'Preludes, Book II: 8. Ondine', 'Pelléas et Mélisande: Act I, Scene I. \\""Je ne pourrai plus sortir de cette forêt\\"" (Golaud, Mélisande)', 'Le Martyre de Saint-Sébastien: IV. Le laurier blessé: N°1', 'Sonata for flute, viola and harp, L. 137: III. Finale', 'Preludes, Book I: 1. Danseuses de Delphes', ""Children's Corner, L. 113: IV. The Snow is Dancing"", 'Pelléas et Mélisande: Act V. \\""Ouvrez la fenêtre, ouvrez la fenêtre ...\\"" (Mélisande, Arkel, Le médecin)', 'Regret, L. 55, CD 59, mélodie pour voix et piano \\""Devant le ciel d’été, tiède et calme\\""', 'Star Gazers Theme Song', 'Suite bergamasque, L. 75, CD 82 : III. Clair de lune, pour violon et piano', 'Études, L. 136: VII. Pour les degrés chromatiques', 'Les cloches', 'Pour le piano: Sarabande', ""L’Enfant prodigue : 2b. Pourquoi m'as-tu quittée (Lia)"", 'Pelléas et Mélisande - Concert Suite: Acte III, scène 2. Les souterrains du château / Acte IV, scène 2. Un appartement dans le château', 'Pelléas et Mélisande: Act IV, Scene I. \\""Où vas-tu? Il faut que je te parle ce soir\\"" (Pelléas, Mélisande)', 'Romance (Deux Romances, No. 2, 1891)', 'Ariettes oubliées, L. 60, CD 63a : V. Aquarelles, 1. Green, mélodie pour voix et piano \\""Voici des fruits, des fleurs, des feuilles\\""', 'Ariettes oubliées, L. 60, CD 63a : III. Le rossignol qui, du haut d’une branche, mélodie pour voix et piano \\""L’ombre des arbres dans la rivière embrumée\\""', 'Pelléas et Mélisande: Act I, Scene III. \\""Il fait sombre dans les jardins\\"" (Mélisande, Geneviève, Pelléas)', 'Préludes, Livre II, L. 123: IX. Hommage à S. Pickwick Esq. P.P.M.P.C.. Grave', 'Trois Chansons de France, L. 102, CD 115: I. Rondel: Le temps a laissé son manteau', 'Iberia No. 2 from \\""Images\\"" for Orchestra: I. Through the Streets and Roads', ""Three Preludes: Feux d'artifice"", 'Les Chansons de Bilitis, L. 96: No. 1. Chant pastoral', 'Les Chansons de Bilitis, L. 96: No. 7. Le Tombeau sans nom', 'En blanc et noir, L. 134, CD 142', 'Sonata for flute, viola and harp, L. 137: I. Pastorale', 'Études, L. 136: VIII. Pour les agréments', 'Prelude (From Suite Bergamasque)', 'Le Martyre de Saint-Sébastien, fragments symphoniques: I. La Cour de lys', 'Le Martyre de Saint-Sébastien: V. Le paradis: N°1', 'Suite bergamasque, L. 75, CD 82, pour orchestre : III. Clair de lune', 'III. Le Vent dans la plaine', 'Le Martyre de Saint-Sébastien, fragments symphoniques: IV. Le Bon Pasteur', 'Trois Mélodies, L. 81, CD 85, pour une voix avec accompagnement de piano : I. La mer est plus belle que les cathédrales.', 'Sonate pour violoncelle et piano: III. Finale', 'Pelléas et Mélisande: Act I, Scene I. \\""Qu\'est-ce qui brille ainsi, au fond de l\'eau?\\"" (Golaud, Mélisande)', 'Études, L. 136: IX. Pour les notes répétées', 'Nocturnes, L 91: II. Fêtes', 'Petite Suite, L. 65, CD 71, pour violon et piano : III. Menuet', 'Trois Chansons de France, L. 102: II. La Grotte: Auprès de cette grotte sombre', 'Le promenoir des deux amants, L. 118, CD 129, mélodies pour voix et piano', 'Pelléas et Mélisande: Act V. \\""Ce n\'est pas de cette petite blessure qu\'elle peut mourir ...\\"" (Le médecin, Arkel, Golaud)', 'Petite Suite, L. 65, CD 71b, pour orchestre : IV. Ballet', 'Préludes, Livre II, L. 123: XI. Les tierces alternées. Modérément animé', 'Pour le piano, L. 95: I. Prélude. À Mademoiselle M.W. de Romilly. Assez animé et très rythmé - Tempo di cadenza - Tempo I', 'Nocturnes, L 91: III. Sirènes', 'Cinq poèmes de Baudelaire, L. 64, CD 70: V. La Mort des amants', 'Sonate pour violon et piano en sol mineur, L. 140', 'Le Martyre de Saint-Sébastien: III. Le concile des faux dieux: N°5', 'Cinq poèmes de Baudelaire, L. 64, CD 70: IV. Recueillement', 'Fêtes galantes II, L. 104: I. Les Ingénus', 'Études, L. 136: XII. Pour les accords', 'Fêtes galantes II, L. 104: III. Colloque sentimental', 'Preludes, Book I: 2. Voiles', 'Pelléas et Mélisande: Act III, Scene I. \\""Je les noue, je les noue aux branches du saule\\"" (Pelléas, Mélisande, Golaud)', 'Petite Suite, L. 65, CD 71a, pour piano à 4 mains : II. Cortège', 'Études, L. 136: IV. Pour les sixtes', 'Sonate pour violoncelle et piano: II. Sérénade', 'Le Martyre de Saint-Sébastien: II. La chambre magique: N°3', 'Le Martyre de Saint-Sébastien: IV. Le laurier blessé: N°2', 'Streichquartett in g-Moll, Op. 10: Andantino, doucement expressif (Endress-Quartett)', 'Préludes, Livre 1, L. 117 No. 9: La sérénade interrompue', 'Le Martyre de Saint-Sébastien, fragments symphoniques: II. Danse extatique et final du premier acte', 'Engulfed Cathedral (Debussy)', 'Sonata for Violin and Piano in G Minor, L 140: II. Intermède: fantasque et léger', 'Preludes, Book II: 2. Feuilles mortes', 'Musique pour “Le Roi Lear”, L. 107: Fanfare d’ouverture', 'Prelude No. 8: The Girl with the Flaxen Hair', 'Les Chansons de Bilitis, L. 96: No. 2. Les Comparaisons', 'En blanc et noir: III. Scherzando', 'Preludes, Book II: 6. General Lavine - Eccentric', ""Première Rapsodie pour clarinette en si bémol, avec accompagnement d'orchestre, L. 116, CD 124b"", 'Rondel chinois, L. 17, CD 11, mélodie pour voix et piano \\""Sur le lac bordé d’azalée\\""', 'Suite Bergamasque: Passepied: Allegretto ma non troppo', 'Pelléas et Mélisande: Act III, Scene I. \\""Mes longs cheveux descendent\\""', ""Les Chansons de Bilitis, L. 96: No. 9. L'Eau pure du bassin"", 'Pelléas et Mélisande: Act II, Scene II. \\""Tiens, où est l\'anneau que je t\'avais donné?\\"" (Golaud, Mélisande)', 'Pelléas et Mélisande: Act V. \\""Attention... attention\\"" (Arkel, Le médecin)', 'Le Martyre de Saint-Sébastien: III. Le concile des faux dieux: N°7', 'Petite Suite, L. 65, CD 71a, pour piano à 4 mains : I. En bateau', 'Le Martyre de Saint-Sébastien: III. Le concile des faux dieux: N°3', 'Le Martyre de Saint-Sébastien: III. Le concile des faux dieux: N°6', 'Pelléas et Mélisande: Act IV, Scene I. \\""Maintenant que le père de Pelléas est sauvé ...\\"" (Arkel, Mélisande)', 'Suite: Pour le Piano, L.95: III. Toccata (vif)', 'Pelléas et Mélisande: Act III, Scene III. \\""Ah! Je respire enfin!\\"" (Pelléas, Golaud)', 'Ariettes oubliées, L. 60, CD 63a : I. Le vent dans la plaine suspend son haleine, mélodie pour voix et piano \\""C\'est l\'extase langoureuse\\""', 'Le promenoir des deux amants, L. 118, CD 129, mélodies pour voix et piano : II. \\""Crois mon conseil, chère Climène\\""', ""Preludes, Book I: 7. Ce qu'a vu le vent d'ouest"", 'La Mer: II. Jeux de vagues', 'Iberia No. 2 from \\""Images\\"" for Orchestra: III. The Morning of a Holiday', 'Carry', 'Nocturnes, L. 91, CD 98: I. Nuages', 'Petite Suite, L. 65, CD 71b, pour orchestre : II. Cortège', 'Préludes, Livre I, L. 117: VIII. La fille aux cheveux de lin. Très calme et doucement expressif', 'Dialogue of the Wind and the Sea', 'Spleen', 'En sourdine', 'Les Chansons de Bilitis, L. 96: No. 11. Le Souvenir de Mnasidika', 'From Dawn Till Noon on the Sea', 'Pagodes from Estampes', 'La Belle au bois dormant, L. 74, CD 81, mélodie \\""Des trous à son pourpoint vermeil\\""', 'Les Chansons de Bilitis, L. 96: No. 10. La Danseuse aux crotales', ""Preludes, Book II: 12. Feux d'artifice"", 'Fêtes galantes (Premier recueil), L. 80, CD 86 : II. Fantoches, mélodie pour voix et piano \\""Scaramouche et Pulcinella\\""', 'Les Chansons de Bilitis, L. 96: No. 4. Chanson', 'Le promenoir des deux amants, L. 118, CD 129, mélodies pour voix et piano : III. \\""Je tremble en voyant ton visage\\""', 'Nocturnes, L. 91, CD 98: II. Fêtes', 'Le Martyre de Saint-Sébastien: III. Le concile des faux dieux: N°1', 'Préludes', 'Études, L. 136: III. Pour les quartes', 'Pelléas et Mélisande - Concert Suite: Acte I. Une forêt', 'Coquetterie posthume, L. 39, CD 50, mélodie pour voix et piano \\""Quand je mourrai, que l’on me mette\\""', 'Ariettes oubliées, L. 60, CD 63a : VI. Aquarelles, 2. Spleen, mélodie pour voix et piano \\""Les roses étaient toutes rouges\\""', 'Images pour orchestre, L 122: III. Rondes de printemps', 'Apparition, L. 53, CD 57, mélodie pour voix et piano \\""La lune s’attristait. Des séraphins en pleurs\\""', 'Arabesque 1', 'Ariettes oubliées, L. 60, CD 63a : II. Il pleut doucement sur la ville, mélodie pour voix et piano \\""Il pleure dans mon cœur comme il pleure sur la ville\\""', 'Petite Suite, L. 65, CD 71b, pour orchestre : III. Menuet', ""Children's Corner, L. 113: II. Jimbo's Lullaby"", 'Petite Suite, L. 65, CD 71a, pour piano à 4 mains', 'Nocturnes, L 91: I. Nuages', 'Cinq poèmes de Baudelaire, L. 64, CD 70: I. Le Balcon', ""Préludes, Livre II, L. 123: IV. «Les fées sont d'exquises danseuses». Rapide et léger"", 'Pelléas et Mélisande: Act V. \\""Qu\'y-a-t-il? Qu\'est-ce que toutes ces femmes viennent faire ici?\\"" (Golaud, Le médecin, Arkel)', 'Pelléas et Mélisande: Act III, Scene IV. \\""Ah! Ah! Petite mère a allumé sa lampe\\"" (Yniold, Golaud)', 'Le Martyre de Saint-Sébastien, fragments symphoniques: III. La Passion', 'N° 5: The Film: Clair de Lune', 'Le Martyre de Saint-Sébastien, L. 124: Prologue', 'Preludes, Book II: 10. Canope', 'Pelléas et Mélisande: Act III, Scene I. Une des tours du château', 'Le Martyre de Saint-Sébastien: III. Le concile des faux dieux: N°2', 'Pelléas et Mélisande: Act IV, Scene II. \\""Quel est ce bruit? On ferme les portes\\"" (Pelléas, Mélisande)', 'Proses lyriques, L. 84, CD 90 : II. De Grève, mélodie \\""Sur la mer les crépuscules tombent\\""', 'Sonata for Violin and Piano in G Minor, L 140: I. Allegro vivo', 'Pelléas et Mélisande, L. 88, CD 93: Acte IV', 'Trois Chansons de France, L. 102: III. Rondel: Pour ce que Plaisance est morte', 'Pelléas et Mélisande: Act IV, Scene II. \\""On dirait que ta voix a passé sur la mer au printemps!\\"" (Choeur, Mélisande, Pelléas, Geneviève)', ""Children's Corner, L. 113: VI. Golliwogg's Cake-Walk"", 'Le Martyre de Saint-Sébastien: V. Le paradis: N°2', 'Études, L. 136: X. Pour les sonorités opposées', 'Études, L. 136: VI. Pour les huits doigts', 'Pelléas et Mélisande: Act II, Scene I. \\""C\'est au bord d\'une fontaine aussi qu\'il vous a trouvée?\\"" (Pelléas, Mélisande)', 'Fêtes galantes II, L. 104: II. Le Faune', 'Pelléas et Mélisande: Act IV, Scene II. \\""C\'est le dernier soir ...\\"" (Pelléas, Mélisande)', 'Première Suite d’orchestre, L. 50, CD 46 : II. Ballet', 'Rêverie, L. 8, CD 3, mélodie pour voix et piano \\""Le Zéphir à la douce haleine\\""', 'Romance, L. 43, CD 53, mélodie pour voix et piano \\""Silence ineffable de l’heure\\""', 'Le Martyre de Saint-Sébastien, L. 124: Acte III \\""Le Concile des faux dieux\\""', 'Première Suite d’orchestre, L. 50, CD 46 : III. Rêve', 'La Fille aux cheveux de lin, L. 33, CD 15, mélodie pour voix et piano \\""Sur la luzerne en fleur\\""', 'Première Suite d’orchestre, L. 50, CD 46 : I. Fête', 'Première Suite d’orchestre, L. 50, CD 46 : IV. Bacchanale (Cortège et Bacchanale)', 'Trois chansons de Charles d\'Orléans, pour chœur à quatre voix mixtes, L. 92, CD 99: III. \\""Yver, vous n\'estes qu\'un vilain \\""', 'Bilitis: II. Pour un tombeau sans nom', 'Trois poèmes de Stéphane Mallarmé, L. 127, CD 135: III. Éventail \\""Ô rêveuse pour que je plonge\\""', 'Bilitis: IV. Pour la danseuse aux crotales', 'Trois poèmes de Stéphane Mallarmé, L. 127, CD 135: I. Soupir \\""Mon âme vers ton front où rêve, ô calme sœur\\""', 'Bilitis: VI. Pour remercier la pluie au matin', 'Trois poèmes de Stéphane Mallarmé, L. 127, CD 135: II. Placet futile \\""Princesse! À jalouser le destin d\'une Hébé\\""', 'Bilitis: III. Pour que la nuit soit propice', 'Khamma', 'Clair de lune, L. 32, CD 45, mélodie pour voix et piano \\""Votre âme est un paysage choisi\\""', 'My Reverie (Debussy\'s \\""Reverie\\"")', ""Bilitis: V. Pour l'égyptienne"", 'Trois chansons de Charles d\'Orléans, pour chœur à quatre voix mixtes, L. 92, CD 99: II. \\""Quand j\'ay ouy le tabourin\\""', 'Rapsodie pour orchestre et saxophone', ""Bilitis: I. Pour invoquer Pan, dieu du vent d'été"", 'Petite Pièce', 'UTSUKUSHII YUUGURE', 'Romance, L. 52, CD 56, mélodie pour voix et piano \\""Voici que le printemps, ce fil léger d’avril\\""', 'Paysage sentimental, L 45, CD 55, mélodie pour voix et piano \\""Le ciel d’hiver si doux, si triste, si dormant\\""', 'Chanson espagnole, L. 42, CD 49, duo pour 2 voix égales \\""Nous venions de voir le taureau\\""', 'Triolet à Philis \\""Zéphir\\"", L. 12, CD 19, mélodie pour voix et piano \\""Si j’étais le zéphir ailé\\""', 'Musique, L. 44, CD 54, mélodie pour voix et piano \\""La lune se levait, pure, mais plus glacée\\""', 'Printemps, L. 61, CD 68a, suite symphonique en mi majeur pour 2 pianos et chœur', 'Pelléas et Mélisande', 'Cello Sonata', 'String Quartet', ""Children's Corner"", 'Pagodes', 'Jardins sous la pluie', 'Voiles', ""Ce qu'a vu le vent d'ouest"", 'Des pas sur la neige', 'Hommage à S. Pickwick Esq. P.P.M.P.C.', 'Violin Sonata', 'Brouillards', ""L'isle joyeuse"", 'Le Martyre de saint Sébastien', 'Suite bergamasque', 'Études', 'Syrinx', 'La chute de la maison Usher', 'Le diable dans le beffroi', 'La plus que lente', 'Rodrigue et Chimène', 'Première rhapsodie', 'La mer', 'Pour le piano', 'Prelude to the Afternoon of a Faun', 'Nocturnes', 'Deux arabesques', ""Children's Corner, L. 113 No. 5: The Little Shepherd"", ""Children's Corner, L. 113 No. 6: Golliwog's Cake-walk"", 'Ballade (slave), L. 70, CD 78, pour piano', ""L'enfant prodigue"", 'Jeux', 'Beau soir', 'Images pour orchestre', ""Reflets dans l'eau"", 'Estampes', 'Valse romantique', 'Les Angélus', 'Proses Lyriques', 'Trois Chansons de France', 'Apparition', 'Chanson triste', 'Calme dans le demi-jour', ""L'échelonnement des haies"", 'La mer est plus belle', ""Le son du cor s'afflige"", 'Chanson espagnole', 'Coquetterie posthume', 'Fête galante', 'Il dort encore', 'Le lilas', 'Fleur des Blés', 'La damoiselle élue', 'Dans le Jardin', 'La Belle au Bois dormant', 'Ariettes Oubliées', 'Fêtes Galantes I', 'Fêtes Galantes II', 'Trois Ballades de François Villon', ""Trois Chansons de Charles d'Orléans"", 'Cinq Poèmes de Baudelaire', ""La Romance d'Ariel"", 'Chansons de Bilitis', 'De rêve', 'De grève', 'De fleurs', 'De soir', 'La grotte', 'Pour ce que Plaisance est morte', 'Le temps a laissé son manteau', 'Trois Poèmes de Stéphane Mallarmé', 'Chevaux de bois', 'Green', ""C'est l'extase"", ""L'ombre des arbres"", 'Clair de lune', 'Fantoches', 'Colloque sentimental', 'Le faune', 'Les ingénus', 'Auprès de cette grotte sombre', 'Crois mon conseil, chère Climène', 'Je tremble en voyant ton visage', 'Ballade que Villon feit à la requeste de sa mère pour prier Nostre-Dame', ""Ballade de Villon a s'amye"", 'Ballade des femmes de Paris', ""Dieu! qu'il la fait bon regarder!"", ""Yver, vous n'estes qu'un vilain"", ""Quant j'ai ouy le tabourin"", 'Le balcon', 'La mort des amants', 'Harmonie du soir', ""Le jet d'eau"", 'Recueillement', ""L'eau pure du bassin"", 'La Flûte de Pan', 'Bilitis', 'Le Tombeau des Naïades', 'La chevelure', 'La pluie au matin', 'Les Comparaisons', 'Les contes', 'La Danseuse aux crotales', 'Chant pastoral', 'Les Courtisanes égyptiennes', 'Chanson', ""La Partie d'osselets"", 'Le Souvenir de Mnasidika', 'Le Tombeau sans nom', 'Éventail', 'Placet futile', 'Soupir', 'Il pleure dans mon cœur', ""Noël des enfants qui n'ont plus de maisons"", 'Rondel chinois', 'Nuits blanches', 'Les papillons', ""Nuit d'Étoiles"", 'Rêverie', 'Les roses', 'Souhait', 'Mandoline', 'Sérénade', 'Pantomime', ""Rondeau: 'Fut-il jamais'"", 'Tragédie', ""Lia's Recitative and Aria"", ""Siméon's Recitative and Aria"", 'Nuit sans fin', ""Lorsqu'elle est entrée"", 'Paysage sentimental', 'Musique', 'Regret', 'Deux Romances', 'Voici que le printemps', 'Romance', 'Sonata for flute, viola and harp', 'Petite Suite', 'En blanc et noir', 'Fantaisie for piano and orchestra', 'Piano Trio', 'Khamma: Scène 3', 'Six épigraphes antiques, L. 131', 'Cortège et Air de danse de \\""L’Enfant prodigue\\""', 'Khamma: Scène 1. Le Temple intérieur du Grand-Dieu Amun-Ra –', 'Mazurka, L. 67, CD 75, pour piano', 'Les Elfes, CD 25, mélodie pour voix et piano \\""Du sentier des bois aux daims familiers\\""', 'Trois Mélodies, L. 81, CD 85, pour une voix avec accompagnement de piano : II. Le son du cor s’afflige vers les bois.', 'Deux danses pour Harpe, L. 103', 'Two movements from \\""L’Enfant prodigue\\"": Prélude', ""Six épigraphes antiques, L. 131: V. Pour l'Égyptienne"", 'Ministrels for Cello and Piano', 'Étude retrouvée', 'Printemps, L. 61, CD 68b : II. Modéré', 'Six épigraphes antiques, L. 131: II. Pour un tombeau sans nom', 'Images, Livre 2, L. 111: No. 2. Et la lune descend sur le temple qui fut', 'La Boîte à joujoux : III. 2e tableau. Le Champ de bataille', 'Khamma: Au Mouvement –', ""Pièce pour le Vêtement du blessé (Page d'album), L. 133"", ""Images oubliées, L. 87: Quelques aspects de 'Nous n'irons plus au bois' parce qu'il fait un temps insupportable. Très vite - Modéré - Premier Mouvement (vit et joyeax)"", 'Images I: II. Hommages Rameau', 'Rhapsodie pour saxophone et orchestre, L. 98', 'Khamma, L 125', ""Marche écossaise sur un thème populaire, L. 77, CD 83b (Marche des anciens comtes de Ross, dédiée à leur descendant le Général Meredith Reid, grand-croix de l'ordre royal du Rédempteur)"", 'Le Matelot qui tombe à l’eau', 'Élégie, L. 138', 'Images, Livre 1, L. 110: No. 3. Mouvement', 'Rapsodie pour saxophone et piano, L. 98', 'The Tears of Billie Blue', 'Danse profane', ""D'un cahier d'esquisses, L. 99"", ""Images, Livre 2, L. 111: No. 3. Poissons d'or"", 'Khamma: Scène 2 –', 'Khamma: Deuxième Danse. Assez animé – Plus animé peu à peu – Très animé –', 'L’Enfant prodigue, L. 57, CD 61, scène lyrique \\""L’année, en vain chasse l’année\\""', 'Noël des enfants qui n\'ont plus de maison, L. 139, CD 147, mélodie pour voix et piano \\""Nous n’avons plus de maison\\""', 'Tarantelle styrienne, L. 69, CD 77a, (Danse) pour piano', 'Printemps, L. 61, CD 68b : I. Très modéré', 'Deux danses pour Harpe, L. 103: Danse sacrée', 'Masques, L. 105', 'Cortège et Air de danse de \\""L’Enfant prodigue\\"": Cortège', 'Petite Suite, L. 65: I. En bateau', 'Khamma: Première Danse. Grave et lent – Animez – Revenez au Mouvement – Plus lent – Animez peu à peu –', 'La Boîte à joujoux : IV. 3e tableau. La Bergerie à vendre', 'Nocturne, L. 82, CD 89, pour piano', 'Cortège et Air de danse de \\""L’Enfant prodigue\\"": Air de danse', 'Printemps, L. 61, CD 68b, suite symphonique en mi majeur pour 2 pianos et orchestre', ""Marche écossaise sur un thème populaire, L. 77, CD 83a (Marche des anciens comtes de Ross, dédiée à leur descendant le Général Meredith Reid, grand-croix de l'ordre royal du Rédempteur)"", ""Les soirs illuminés par l'ardeur du charbon"", 'Fantaisie pour piano et orchestre, L. 73, CD 72 : II. Lento e molto espressivo', 'Fantaisie pour piano et orchestre, L. 73, CD 72', 'Berceuse héroïque pour piano, L. 132', 'Fantaisie pour piano et orchestre, L. 73, CD 72 : III. Allegro molto', 'Fantaisie pour piano et orchestre, L. 73, CD 72 : I. Andante - Allegro', 'La Boîte à joujoux : II. 1er tableau. Le Magasin de jouets', 'Images oubliées, L. 87: Lent (mélancolique et doux)', 'Mes longs cheveux', 'Khamma: Prélude. Modérément animé (comme un lointain tumulte) –', 'Images II: I. Cloches trevers les feuilles', 'Hommage à Joseph Haydn, L. 115', 'Flots, palmes, sables, L. 25, CD 38, mélodie pour voix et piano (ou harpe) \\""Loin des yeux du monde\\""', 'Danse bohémienne, L. 9, CD 4, pour piano', 'La Boîte à joujoux : VI. Épilogue', 'Khamma: Troisième Danse. Très lent – Plus pénétrant – Doucement contenu –', 'La Boîte à Joujoux : I. Prélude. Le Sommeil de la boîte', ""Images oubliées, L. 87: Dans le mouvement d'une 'Sarabande', c'est-à-dire avec une élégance grâve et lente, même un peu vieux portrait, souvenir du Louvre, etc."", 'Le petit Nègre, L. 114', 'La Boîte à joujoux : V. 4e tableau. Après fortune faite', 'Morceau de concours, L. 108', 'Trois Mélodies, L. 81, CD 85, pour une voix avec accompagnement de piano : III. L’échelonnement des haies moutonne à l’infini', '夏の風の神（「６つの古代墓碑名」より）', 'L’Archet', 'Fleurs des blés, L. 7, CD 16, mélodie pour voix et piano \\""Le long des blés que la brise fait onduler\\""', 'Berceuse héroïque pour orchestre, L. 132', 'Danse: Tarantelle styrienne', 'Aimons-nous et dormons, L. 16, CD 7, mélodie pour voix et piano \\""Aimons-nous et dormons, sans songer au reste du monde\\""', 'Duo', 'Le Martyre de Saint-Sébastien: IV. Le laurier blessé: N°3', 'Première Rapsodie pour clarinette en si bémol, avec accompagnement de piano, L. 116, CD 124a', 'Trio in G Major for Violin, Cello and Piano: IV. Finale. Appassionato', 'Pelléas et Mélisande: Act V. \\""Mélisande...Mélisande ...\\"" - \\""Est-ce vous, Golaud?\\"" (Golaud, Mélisande)', ""Prélude à l'après-midi d'un faune, L. 86, CD 87"", 'Le Martyre de Saint-Sébastien, L. 124: Acte III \\""Le Concile des faux dieux\\"". Fanfare no. 1', 'Les Chansons de Bilitis, L. 96: No. 12. La Pluie au matin', ""Les Chansons de Bilitis, L. 96: No. 5. La Partie d'osselets"", 'Suite Bergamasque - Menuet', 'Mandoline, L. 29, CD 43, mélodie pour voix et piano \\""Les donneurs de sérénades\\""', 'Sonate für Violine und Klavier in g-Moll: Finale: Très animé', 'Quatuor à cordes en sol mineur, op. 10, L. 85, CD 91 : I. Animé et très décidé', 'Pelléas et Mélisande: Act II, Scene III. \\""Oui, c\'est ici, nous y sommes\\"" (Pelléas, Mélisande)', 'Six épigraphes antiques, L. 131: IV. Pour la danseuse aux crotales', 'Preludes, Book I: 11. La Danse de Puck', 'Le Martyre de Saint-Sébastien, L. 124: Acte III \\""Le Concile des faux dieux\\"". Fanfare no. 2', 'Minstrels', 'Pelléas et Mélisande: Act I, Scene II. \\""Je n\'en dis rien\\"" (Arkel, Geneviève)', 'Estampes - I. Pagodes', 'Menuet', 'Musique pour “Le Roi Lear”, L. 107: Le Sommeil de Lear', 'Pour le piano: II. Sarabande', 'Trio in G Major for Violin, Cello and Piano: III. Andante espressivo', 'Pelléas et Mélisande - Concert Suite: Acte II, scène 1. Une fontaine dans le parc', 'Petite Suite, L. 65, CD 71a, pour piano à 4 mains : III. Menuet', 'Trois Ballades de François Villon, L. 119: III. Ballade des femmes de Paris', 'Images pour orchestre, L 122: I. Gigues', 'Fête galante, L. 23, CD 31, mélodie pour voix et piano \\""Voilà Sylandre et Lycas et Myrtil\\""', 'Pelléas et Mélisande: Act IV, Scene I. \\""Pelléas part ce soir\\"" (Golaud, Arkel, Mélisande)']",Tiered-Forest,"Claude Debussy composed pieces primarily in the genres of **opera** and **classical/impressionist music**.

Key works include:
* **Opera:** *Pelléas et Mélisande*
* **Orchestral:** *Prélude à l'après-midi d'un faune*, *La Mer*, *Nocturnes*
* **Piano:** *Suite bergamasque* (contains ""Clair de lune""), *Images*, *Préludes*
* **Chamber and other works:** String Quartet, *Syrinx* for solo flute",True
WebQTest-1766,webqsp,test,what language do russians speak?,Russians speak Russian.,"['Osetin Language', 'Chechen Language', 'Tatar Language', 'Azerbaijani language', 'Abaza Language', 'Mari language', 'Bashkir Language', 'Avar Language', 'Aghul language', 'Tsakhur Language', 'Tuvin Language', 'Moksha Language', 'Erzya Language', 'Kalmyk-Oirat Language', 'Kabardian Language', 'Adyghe Language', 'Rutul language', 'Lezgi Language', 'Ingush Language', 'Altai language', 'Crimean Turkish Language', 'Nogai Language', 'Dargwa Language', 'Komi language', 'Udmurt Language', 'Kumyk Language', 'Karachay-Balkar Language', 'Buryat language', 'Yakut Language', 'Russian Language', 'Tabassaran Language', 'Yiddish Language', 'Lak Language', 'Khakas Language', 'Ukrainian Language']",Tiered-Forest,Russians speak Russian.,False
WebQTest-1726,webqsp,test,where is south portland?,"South Portland is located in Maine, United States, on the coast near Portland.","['Cumberland County', 'Maine', 'United States of America']",Tiered-Forest,"South Portland is located in Maine, United States, on the coast near Portland.",True
WebQTest-1506,webqsp,test,where is the home stadium of the new england patriots?,"The home stadium of the New England Patriots is Gillette Stadium in Foxborough, Massachusetts.",['Gillette Stadium'],Tiered-Forest,"The home stadium of the New England Patriots is Gillette Stadium in Foxborough, Massachusetts.",True
WebQTest-78,webqsp,test,what type of cancer did eva peron have?,"Eva Perón was diagnosed with **cervical cancer**. She underwent a radical hysterectomy in November 1951, but the cancer had already metastasized, and she died from the disease in July 1952.",['Cervical cancer'],Tiered-Forest,"Eva Perón was diagnosed with **cervical cancer**. She underwent a radical hysterectomy in November 1951, but the cancer had already metastasized, and she died from the disease in July 1952.",True
WebQTest-613,webqsp,test,what college did deion sanders jr go to?,Deion Sanders Jr. attended **Southern Methodist University (SMU)**.,['Florida State University'],Tiered-Forest,Deion Sanders Jr. attended **Southern Methodist University (SMU)**.,False
WebQTest-98,webqsp,test,who was vice president when jfk was president?,"When John F. Kennedy was President (1961–1963), the Vice President was **Lyndon B. Johnson**.",['Lyndon B. Johnson'],Tiered-Forest,"When John F. Kennedy was President (1961–1963), the Vice President was **Lyndon B. Johnson**.",True
WebQTest-1772,webqsp,test,who is the prime minister of spain 2011?,"In 2011, the Prime Minister of Spain was **José Luis Rodríguez Zapatero** (from the PSOE) until December 21, followed by **Mariano Rajoy** (from the PP) from December 21 onward after the general election.

**Answer:** José Luis Rodríguez Zapatero (until December 21), then Mariano Rajoy.","['José Luis Rodríguez Zapatero', 'Mariano Rajoy']",Tiered-Forest,"In 2011, the Prime Minister of Spain was **José Luis Rodríguez Zapatero** (from the PSOE) until December 21, followed by **Mariano Rajoy** (from the PP) from December 21 onward after the general election.

**Answer:** José Luis Rodríguez Zapatero (until December 21), then Mariano Rajoy.",True
WebQTest-493,webqsp,test,what type of government does australia have?,"Australia has a federal parliamentary constitutional monarchy. This means it is a federation of states with a parliamentary system, and the head of state is King Charles III, represented by a Governor-General at the federal level.","['Parliamentary system', 'Constitutional monarchy', 'Federal monarchy']",Tiered-Forest,"Australia has a federal parliamentary constitutional monarchy. This means it is a federation of states with a parliamentary system, and the head of state is King Charles III, represented by a Governor-General at the federal level.",True
WebQTest-1564,webqsp,test,what did bobby darin die of?,"Bobby Darin died of heart failure following multiple heart surgeries. His health had been weakened by a history of rheumatic fever as a child, which damaged his heart valves.",['Surgical complications'],Tiered-Forest,"Bobby Darin died of heart failure following multiple heart surgeries. His health had been weakened by a history of rheumatic fever as a child, which damaged his heart valves.",False
WebQTest-836,webqsp,test,who did vladimir lenin marry?,Vladimir Lenin married **Nadezhda Krupskaya** in 1898.,['Nadezhda Krupskaya'],Tiered-Forest,Vladimir Lenin married **Nadezhda Krupskaya** in 1898.,True
WebQTest-430,webqsp,test,what instruments does justin bieber use?,"Justin Bieber's music primarily uses digital production tools and electronic elements, but live and in recordings, common instruments include:

1. **Vocals** (lead and layered harmonies)
2. **Piano/Keyboards** (often digital)
3. **Guitar** (acoustic and electric)
4. **Drums/Percussion** (mostly electronic beats and drum machines, with live drums in concerts)
5. **Bass** (typically synth bass)
6. **Digital audio workstation (DAW) effects, synthesizers, and samples**

His sound is built more around modern pop production than traditional acoustic instrumentation.",['Vocals'],Tiered-Forest,"Justin Bieber's music primarily uses digital production tools and electronic elements, but live and in recordings, common instruments include:

1. **Vocals** (lead and layered harmonies)
2. **Piano/Keyboards** (often digital)
3. **Guitar** (acoustic and electric)
4. **Drums/Percussion** (mostly electronic beats and drum machines, with live drums in concerts)
5. **Bass** (typically synth bass)
6. **Digital audio workstation (DAW) effects, synthesizers, and samples**

His sound is built more around modern pop production than traditional acoustic instrumentation.",True
WebQTest-1033,webqsp,test,who played dana scully in x files?,Gillian Anderson played Dana Scully in *The X-Files*.,['Gillian Anderson'],Tiered-Forest,Gillian Anderson played Dana Scully in *The X-Files*.,True
WebQTest-315,webqsp,test,where was country singer george jones born?,"George Jones was born in Saratoga, Texas.",['Saratoga'],Tiered-Forest,"George Jones was born in Saratoga, Texas.",True
WebQTest-1733,webqsp,test,who or what influenced frank lloyd wright?,"Frank Lloyd Wright was influenced by:

1. **Louis Sullivan** – His mentor, from whom he learned the principle ""form follows function.""
2. **Froebel Gifts** – The geometric kindergarten blocks from his childhood.
3. **Japanese art and architecture** – Particularly the woodblock prints of Hiroshige and Hokusai, which influenced his sense of space and simplicity.
4. **Nature** – The organic forms and structures of the natural world, which led to his philosophy of organic architecture.

These influences combined to shape his unique architectural style.","['Ebenezer Howard', 'Georges I. Gurdjieff and Thomas De Hartmann', 'Bruce Price', 'William Morris', 'Henry David Thoreau', 'Elizabeth Gordon', 'Louis Sullivan']",Tiered-Forest,"Frank Lloyd Wright was influenced by:

1. **Louis Sullivan** – His mentor, from whom he learned the principle ""form follows function.""
2. **Froebel Gifts** – The geometric kindergarten blocks from his childhood.
3. **Japanese art and architecture** – Particularly the woodblock prints of Hiroshige and Hokusai, which influenced his sense of space and simplicity.
4. **Nature** – The organic forms and structures of the natural world, which led to his philosophy of organic architecture.

These influences combined to shape his unique architectural style.",True
WebQTest-253,webqsp,test,what countries included in the uk?,"The United Kingdom (UK) comprises four countries:

1. **England**
2. **Scotland**
3. **Wales**
4. **Northern Ireland**

Together, these form the sovereign state officially known as the United Kingdom of Great Britain and Northern Ireland.","['England', 'Northern Ireland', 'Scotland', 'Wales']",Tiered-Forest,"The United Kingdom (UK) comprises four countries:

1. **England**
2. **Scotland**
3. **Wales**
4. **Northern Ireland**

Together, these form the sovereign state officially known as the United Kingdom of Great Britain and Northern Ireland.",True
WebQTest-102,webqsp,test,who played barbara gordon batgirl?,"Dina Meyer played Barbara Gordon/Batgirl in ""Birds of Prey"" (2002 TV series).  
Yvonne Craig played Batgirl (Barbara Gordon) in the 1960s ""Batman"" TV series.  
Savannah Welch played an older Barbara Gordon, now Oracle, in ""Titans"" (TV series).","['Ilyssa Fradin', 'Melinda McGraw', 'Hannah Gunn']",Tiered-Forest,"Dina Meyer played Barbara Gordon/Batgirl in ""Birds of Prey"" (2002 TV series).  
Yvonne Craig played Batgirl (Barbara Gordon) in the 1960s ""Batman"" TV series.  
Savannah Welch played an older Barbara Gordon, now Oracle, in ""Titans"" (TV series).",False
WebQTest-1596,webqsp,test,what language do they use in pakistan?,"Urdu is the national language of Pakistan, but English is also widely used, especially in business and education.","['English Language', 'Urdu Language']",Tiered-Forest,"Urdu is the national language of Pakistan, but English is also widely used, especially in business and education.",False
WebQTest-1524,webqsp,test,who invented islamic religion?,"The Islamic religion was founded by the Prophet Muhammad, who is believed to have received revelations from Allah through the angel Gabriel.",['Muhammad in Islam'],Tiered-Forest,"The Islamic religion was founded by the Prophet Muhammad, who is believed to have received revelations from Allah through the angel Gabriel.",False
WebQTest-1442,webqsp,test,what currency shall i take to croatia?,"You should take the Euro (€) to Croatia. Croatia adopted the Euro as its official currency in January 2023, replacing the Croatian Kuna.

**Concise Answer:** Take Euros (€).",['Croatian kuna'],Tiered-Forest,"You should take the Euro (€) to Croatia. Croatia adopted the Euro as its official currency in January 2023, replacing the Croatian Kuna.

**Concise Answer:** Take Euros (€).",True
WebQTest-199,webqsp,test,what type of government does iraq have now?,Iraq has a federal parliamentary republic system of government.,"['Parliamentary system', 'Republic', 'Parliamentary republic', 'Federal republic']",Tiered-Forest,Iraq has a federal parliamentary republic system of government.,True
WebQTest-1084,webqsp,test,what sports do people play in poland?,"People in Poland play a variety of sports including football (soccer), hockey, basketball, volleyball, and tennis, among others.","['Poland national handball team', ""Poland women's national handball team"", ""Poland men's national volleyball team"", ""Poland women's national volleyball team"", 'Asseco Gdynia', 'KK Włocławek', 'Turów Zgorzelec', 'Poland national football team', 'Stal Gorzów Wielkopolski', 'Śląsk Wrocław', 'GTŻ Grudziądz', 'Basket Zielona Góra']",Tiered-Forest,"People in Poland play a variety of sports including football (soccer), hockey, basketball, volleyball, and tennis, among others.",False
WebQTest-404,webqsp,test,what was lebron james first team?,LeBron James' first NBA team was the Cleveland Cavaliers. He was drafted by them in 2003 and played for them from 2003 to 2010.,['Cleveland Cavaliers'],Tiered-Forest,LeBron James' first NBA team was the Cleveland Cavaliers. He was drafted by them in 2003 and played for them from 2003 to 2010.,True
WebQTest-2010,webqsp,test,what degrees does romney have?,"Mitt Romney holds two degrees from Harvard University:

1. **Juris Doctor (J.D.)** from Harvard Law School (1975)
2. **Master of Business Administration (M.B.A.)** from Harvard Business School (1975)

He earned both degrees concurrently through a joint program.","['Juris Doctor', 'Bachelor of Arts', 'MBA']",Tiered-Forest,"Mitt Romney holds two degrees from Harvard University:

1. **Juris Doctor (J.D.)** from Harvard Law School (1975)
2. **Master of Business Administration (M.B.A.)** from Harvard Business School (1975)

He earned both degrees concurrently through a joint program.",True
WebQTest-1608,webqsp,test,what language is mainly spoken in egypt?,"The candidate answer ""Ein Abendbesuch bei Pelekanen"" is in **German**, but it is irrelevant to the question.

The language mainly spoken in Egypt is **Arabic** (specifically Egyptian Arabic).","['Siwi Language', 'Egyptian Arabic', ""Sa'idi Arabic"", 'Bedawi Arabic']",Tiered-Forest,"The candidate answer ""Ein Abendbesuch bei Pelekanen"" is in **German**, but it is irrelevant to the question.

The language mainly spoken in Egypt is **Arabic** (specifically Egyptian Arabic).",True
WebQTest-44,webqsp,test,what is the state flower of arizona?,The state flower of Arizona is the Saguaro Cactus Blossom.,['Saguaro'],Tiered-Forest,The state flower of Arizona is the Saguaro Cactus Blossom.,True
WebQTest-1005,webqsp,test,what is capital city of morocco?,The capital city of Morocco is Rabat.,['Rabat'],Tiered-Forest,The capital city of Morocco is Rabat.,True
WebQTest-2025,webqsp,test,which ocean does the zambezi river flow into?,The Zambezi River flows into the Indian Ocean.,['Indian Ocean'],Tiered-Forest,The Zambezi River flows into the Indian Ocean.,True
WebQTest-837,webqsp,test,what year did the baltimore ravens win superbowl?,The Baltimore Ravens won the Super Bowl in 2000 (Super Bowl XXXV).,"['Super Bowl XLVII', 'Super Bowl XXXV']",Tiered-Forest,The Baltimore Ravens won the Super Bowl in 2000 (Super Bowl XXXV).,True
WebQTest-1976,webqsp,test,what team did drogba play for?,Didier Drogba played for Chelsea FC.,"['Chelsea F.C.', 'Olympique de Marseille', 'Ivory Coast national football team', 'Shanghai Greenland Shenhua F.C.', 'En Avant de Guingamp', 'Le Mans FC', 'Galatasaray S.K.']",Tiered-Forest,Didier Drogba played for Chelsea FC.,False
WebQTest-770,webqsp,test,what did steve mcnair died from?,Steve McNair died from cardiac arrhythmia due to cardiac amyloidosis.,['Ballistic trauma'],Tiered-Forest,Steve McNair died from cardiac arrhythmia due to cardiac amyloidosis.,False
WebQTest-195,webqsp,test,what kind of guitar did george harrison use?,"George Harrison used several guitars, but his most iconic was the **Gibson Les Paul** (nicknamed ""Lucy""), which he acquired in 1968. He also famously used a **Gretsch Country Gentleman** and a **Rickenbacker 360/12** 12-string electric in the mid-1960s, and later a **Fender Stratocaster**.","['Fender Stratocaster', 'Rickenbacker 360/12']",Tiered-Forest,"George Harrison used several guitars, but his most iconic was the **Gibson Les Paul** (nicknamed ""Lucy""), which he acquired in 1968. He also famously used a **Gretsch Country Gentleman** and a **Rickenbacker 360/12** 12-string electric in the mid-1960s, and later a **Fender Stratocaster**.",True
WebQTest-710,webqsp,test,what style of art did henri matisse do?,"Henri Matisse is best known for **Fauvism** and later for his **cut-out** works (like decoupage).  

The candidate answer includes ""decoupage,"" which aligns with his cut-out period, but ""still life"" and ""landscape painting"" are subjects or genres, not his defining styles.  

**Concise answer:** Fauvism and cut-outs (decoupage).","['Modern art', 'Impressionism', 'Neo-impressionism', 'Fauvism', 'Modernism']",Tiered-Forest,"Henri Matisse is best known for **Fauvism** and later for his **cut-out** works (like decoupage).  

The candidate answer includes ""decoupage,"" which aligns with his cut-out period, but ""still life"" and ""landscape painting"" are subjects or genres, not his defining styles.  

**Concise answer:** Fauvism and cut-outs (decoupage).",True
WebQTest-937,webqsp,test,where are people who speak arabic from?,"People who speak Arabic come from various countries in the Middle East and North Africa, as well as some other parts of the world.","['Bahrain', 'Saudi Arabia', 'Yemen', 'Turkey', 'Djibouti', 'Egypt', 'Seljuk Empire', 'Jordan', 'South Yemen', 'Iran', 'Israel', 'Kuwait', 'Libya', 'Lebanon', 'Mauritania', 'Morocco', 'Oman', 'Qatar', 'Sudan', 'Syria', 'Tanzania', 'Tunisia', 'Iraq', 'Canada', 'Algeria', 'Mandatory Palestine', 'South Africa', 'United Arab Emirates', 'Comoros', 'Eritrea']",Tiered-Forest,"People who speak Arabic come from various countries in the Middle East and North Africa, as well as some other parts of the world.",False
WebQTest-1212,webqsp,test,what did mark zuckerberg study?,Mark Zuckerberg studied psychology and computer science at Harvard University.,"['Computer programming', 'Computer Science', 'Psychology']",Tiered-Forest,Mark Zuckerberg studied psychology and computer science at Harvard University.,True
WebQTest-1883,webqsp,test,where did robert downey jr go to jail?,"Robert Downey Jr. served his jail sentence at the **Los Angeles County Jail** (specifically the North County Correctional Facility in Castaic, California) in 1999 for parole violations related to drug charges.","['California Substance Abuse Treatment Facility and State Prison, Corcoran']",Tiered-Forest,"Robert Downey Jr. served his jail sentence at the **Los Angeles County Jail** (specifically the North County Correctional Facility in Castaic, California) in 1999 for parole violations related to drug charges.",False
WebQTest-1840,webqsp,test,what do they speak in norway?,"They speak **Norwegian** (with two written forms: Bokmål and Nynorsk).  
Additionally, there are recognized minority languages like Sami, Kven, and others.","['Saami, South Language', 'Saami, North Language', 'Norwegian Language', 'Saami, Lule Language', 'Finnish, Kven Language', 'Bokmål', 'Nynorsk']",Tiered-Forest,"They speak **Norwegian** (with two written forms: Bokmål and Nynorsk).  
Additionally, there are recognized minority languages like Sami, Kven, and others.",True
WebQTest-1063,webqsp,test,where is audrey hepburn from?,Audrey Hepburn was from Belgium. She was born in Brussels.,['Ixelles'],Tiered-Forest,Audrey Hepburn was from Belgium. She was born in Brussels.,False
WebQTest-1455,webqsp,test,what capital city of brazil?,"The capital city of Brazil is **Brasília**.  
(The candidate answers Q19535537, Q19535843, and Q19535846 all refer to Brasília.)",['Brasília'],Tiered-Forest,"The capital city of Brazil is **Brasília**.  
(The candidate answers Q19535537, Q19535843, and Q19535846 all refer to Brasília.)",True
WebQTest-1355,webqsp,test,what school did robert f kennedy go to?,Robert F. Kennedy attended Harvard College for his undergraduate degree and later earned his law degree from the University of Virginia School of Law.,"['Harvard College', 'Bates College', 'Milton Academy', 'Harvard University', 'University of Virginia School of Law', 'University of Virginia']",Tiered-Forest,Robert F. Kennedy attended Harvard College for his undergraduate degree and later earned his law degree from the University of Virginia School of Law.,True
WebQTest-1104,webqsp,test,what do we call the currency of france?,The currency of France is the euro.,"['CFP franc', 'Euro']",Tiered-Forest,The currency of France is the euro.,True
WebQTest-1810,webqsp,test,what type of art leonardo da vinci do?,"portrait, religious painting, religious art","['Drawing', 'Painting', 'Sculpture']",Tiered-Forest,"portrait, religious painting, religious art",True
WebQTest-77,webqsp,test,what capital of austria?,The capital of Austria is **Vienna**.,['Vienna'],Tiered-Forest,The capital of Austria is **Vienna**.,True
WebQTest-1482,webqsp,test,who played carmen cortez in spy kids?,"The candidate answer lists Robert Rodriguez, George Clooney, and Richard Linklater, who are all directors or actors in *Spy Kids*, but none played Carmen Cortez.

The role of Carmen Cortez was played by **Alexa PenaVega**.

**Concise answer:** Alexa PenaVega.","['Alexa Vega', 'Addisyn Fair']",Tiered-Forest,"The candidate answer lists Robert Rodriguez, George Clooney, and Richard Linklater, who are all directors or actors in *Spy Kids*, but none played Carmen Cortez.

The role of Carmen Cortez was played by **Alexa PenaVega**.

**Concise answer:** Alexa PenaVega.",False
WebQTest-1847,webqsp,test,where does kurdish people live?,"Kurdish people primarily live in the Kurdish Region of Iraq, Turkey, Iran, and Syria, as well as in diaspora communities around the world.",['Asia'],Tiered-Forest,"Kurdish people primarily live in the Kurdish Region of Iraq, Turkey, Iran, and Syria, as well as in diaspora communities around the world.",False
WebQTest-1146,webqsp,test,who did johnny depp play in corpse bride?,Johnny Depp voiced the character **Victor Van Dort** in *Corpse Bride*.,['Victor Van Dort'],Tiered-Forest,Johnny Depp voiced the character **Victor Van Dort** in *Corpse Bride*.,True
WebQTest-1770,webqsp,test,what country does rafael nadal play for?,Rafael Nadal plays for Spain.,['Spain'],Tiered-Forest,Rafael Nadal plays for Spain.,True
WebQTest-1078,webqsp,test,what language do australia people speak?,The primary language spoken in Australia is English.,"['English Language', 'Esperanto Language', 'Lojban']",Tiered-Forest,The primary language spoken in Australia is English.,False
WebQTest-356,webqsp,test,what airport is near arlington tx?,"The Dallas/Fort Worth International Airport is the major airport near Arlington, TX.",['Arlington Municipal Airport'],Tiered-Forest,"The Dallas/Fort Worth International Airport is the major airport near Arlington, TX.",False
WebQTest-1928,webqsp,test,what wnba team is diana taurasi on?,Diana Taurasi plays for the Phoenix Mercury in the WNBA.,"['UMMC Ekaterinburg', 'Phoenix Mercury']",Tiered-Forest,Diana Taurasi plays for the Phoenix Mercury in the WNBA.,True
WebQTest-635,webqsp,test,what characters does matt stone do?,"Matt Stone voices **Stan Marsh, Kenny McCormick, Butters Stoch, and others** in *South Park*. The characters listed (Death, The Spirit of Christmas, Weight Gain 4000) are episode titles, not characters.","['Kenny McCormick', 'Kyle Broflovski', 'Wizard of Oz', 'Terrance Henry Stoot', 'Gerald Broflovski', 'Bill Gates', 'Ethan Hawke', 'Chris', 'George Clooney', 'Danny Glover', 'Jimbo Kearn', 'Saddam Hussein', 'James Humphries', 'Former Columbine Student', 'Doug Remer', 'Hermaphrodite', 'Taper Guy', 'Kyle / Kenny / Jesus', 'Dave the Lighting Guy', 'Man toasting drinks at MCA outdoor bar', 'Ticket Taker']",Tiered-Forest,"Matt Stone voices **Stan Marsh, Kenny McCormick, Butters Stoch, and others** in *South Park*. The characters listed (Death, The Spirit of Christmas, Weight Gain 4000) are episode titles, not characters.",True
WebQTest-573,webqsp,test,where did melba beals live?,"Melba Beals lived in various places, but she is particularly known for being one of the Little Rock Nine who attended Central High School in Little Rock, Arkansas.",['Arkansas'],Tiered-Forest,"Melba Beals lived in various places, but she is particularly known for being one of the Little Rock Nine who attended Central High School in Little Rock, Arkansas.",True
WebQTest-392,webqsp,test,what team is hank baskett on 2010?,Hank Baskett was not on an NFL team in 2010. He was released by the Minnesota Vikings in September 2010 and did not play for any team that season.,"['Indianapolis Colts', 'Minnesota Vikings', 'Philadelphia Eagles']",Tiered-Forest,Hank Baskett was not on an NFL team in 2010. He was released by the Minnesota Vikings in September 2010 and did not play for any team that season.,True
WebQTest-1612,webqsp,test,what type of art did raphael sanzio create?,"portrait, history painting, portrait painting","['Drawing', 'Painting']",Tiered-Forest,"portrait, history painting, portrait painting",True
WebQTest-1947,webqsp,test,what currency do they use in switzerland?,Switzerland uses the Swiss franc (currency code: CHF).,['Swiss franc'],Tiered-Forest,Switzerland uses the Swiss franc (currency code: CHF).,True
WebQTest-1427,webqsp,test,who was the secretary of state when andrew jackson was president?,"Andrew Jackson served two terms as president, so there were multiple secretaries of state:

1. **Martin Van Buren** (1829–1831) – He resigned to become Minister to Great Britain.
2. **Edward Livingston** (1831–1833)
3. **Louis McLane** (1833–1834)
4. **John Forsyth** (1834–1837) – He served for the remainder of Jackson's presidency.

**Concise answer:** Martin Van Buren, Edward Livingston, Louis McLane, and John Forsyth.","['Edward Livingston', 'Louis McLane', 'Martin Van Buren', 'James Alexander Hamilton']",Tiered-Forest,"Andrew Jackson served two terms as president, so there were multiple secretaries of state:

1. **Martin Van Buren** (1829–1831) – He resigned to become Minister to Great Britain.
2. **Edward Livingston** (1831–1833)
3. **Louis McLane** (1833–1834)
4. **John Forsyth** (1834–1837) – He served for the remainder of Jackson's presidency.

**Concise answer:** Martin Van Buren, Edward Livingston, Louis McLane, and John Forsyth.",True
WebQTest-1183,webqsp,test,where was farrah fawcett buried?,"Farrah Fawcett was buried at **Pierce Brothers Westwood Village Memorial Park and Mortuary** in Los Angeles, California.",['Westwood Village Memorial Park Cemetery'],Tiered-Forest,"Farrah Fawcett was buried at **Pierce Brothers Westwood Village Memorial Park and Mortuary** in Los Angeles, California.",False
WebQTest-1327,webqsp,test,where is shakira from?,Shakira is from Colombia.,['Colombia'],Tiered-Forest,Shakira is from Colombia.,True
WebQTest-1705,webqsp,test,where was franz ferdinand from?,"Franz Ferdinand is from Glasgow, Scotland.",['Glasgow'],Tiered-Forest,"Franz Ferdinand is from Glasgow, Scotland.",True
WebQTest-627,webqsp,test,what nationality is taylor lautner jacob black?,"Taylor Lautner, who played Jacob Black, is American.",['United States of America'],Tiered-Forest,"Taylor Lautner, who played Jacob Black, is American.",False
WebQTest-58,webqsp,test,who did jackie robinson first play for?,Jackie Robinson first played for the Kansas City Monarchs in the Negro Leagues before breaking the MLB color barrier with the Brooklyn Dodgers.,['UCLA Bruins football'],Tiered-Forest,Jackie Robinson first played for the Kansas City Monarchs in the Negro Leagues before breaking the MLB color barrier with the Brooklyn Dodgers.,False
WebQTest-1592,webqsp,test,what are all the songs justin bieber wrote?,"Justin Bieber has written or co-written many songs across his albums. A complete list is extensive, but notable songs he has writing credits on include:

*   **""Baby""** (co-writer)
*   **""Boyfriend""**
*   **""As Long as You Love Me""** (co-writer)
*   **""Sorry""** (co-writer)
*   **""Love Yourself""** (co-writer, originally written for another artist)
*   **""What Do You Mean?""** (co-writer)
*   **""Company""** (co-writer)
*   **""Yummy""** (co-writer)
*   **""Intentions""** (co-writer)
*   **""Holy""** (co-writer)
*   **""Ghost""** (co-writer)
*   **""Peaches""** (co-writer)
*   **""Lonely""** (co-w","['Lolly', 'Home to Mama', 'Baby', 'Never Let You Go', 'Eenie Meenie', 'Somebody to Love', 'Never Say Never', 'Bigger', 'Pray', 'First Dance', 'Live My Life', 'Boyfriend', ""Turn to You (Mother's Day Dedication)"", 'Die in Your Arms', 'Thought Of You', 'Beauty And A Beat', 'All Around The World', 'As Long as You Love Me', 'Beautiful', 'Right Here', '#thatPower', 'Heartbreaker', 'All That Matters', 'Hold Tight', 'Wait for a Minute', 'Recovery', 'Bad Day', 'All Bad', 'PYD', 'Change Me', 'Roller Coaster', 'Confident']",Tiered-Forest,"Justin Bieber has written or co-written many songs across his albums. A complete list is extensive, but notable songs he has writing credits on include:

*   **""Baby""** (co-writer)
*   **""Boyfriend""**
*   **""As Long as You Love Me""** (co-writer)
*   **""Sorry""** (co-writer)
*   **""Love Yourself""** (co-writer, originally written for another artist)
*   **""What Do You Mean?""** (co-writer)
*   **""Company""** (co-writer)
*   **""Yummy""** (co-writer)
*   **""Intentions""** (co-writer)
*   **""Holy""** (co-writer)
*   **""Ghost""** (co-writer)
*   **""Peaches""** (co-writer)
*   **""Lonely""** (co-w",True
WebQTest-1313,webqsp,test,who were demeter's siblings?,"Demeter's siblings were Pluto, Hades, Hestia, Hera, and Zeus.",['Zeus'],Tiered-Forest,"Demeter's siblings were Pluto, Hades, Hestia, Hera, and Zeus.",True
WebQTest-1963,webqsp,test,what position did vince lombardi play?,"Vince Lombardi did not play professionally. He was a coach, most famously of the Green Bay Packers. In college, he played guard and tackle on the offensive line at Fordham University as part of the ""Seven Blocks of Granite.""",['Right guard'],Tiered-Forest,"Vince Lombardi did not play professionally. He was a coach, most famously of the Green Bay Packers. In college, he played guard and tackle on the offensive line at Fordham University as part of the ""Seven Blocks of Granite.""",False
WebQTest-1065,webqsp,test,who does darth vaders voice?,"Darth Vader's voice is performed by James Earl Jones.  

Hayden Christensen and Jake Lloyd are actors who portrayed Anakin Skywalker (the character who becomes Vader) on screen, but they did not provide Vader's voice.","['Dr. Smoov', 'Zac Efron', 'Abraham Benrubi', 'Matt Lanter', 'James Earl Jones']",Tiered-Forest,"Darth Vader's voice is performed by James Earl Jones.  

Hayden Christensen and Jake Lloyd are actors who portrayed Anakin Skywalker (the character who becomes Vader) on screen, but they did not provide Vader's voice.",True
WebQTest-317,webqsp,test,where does russia import from?,"Based on the provided context, your question about Russia's imports cannot be answered. The context only contains information about historical statements regarding the Holodomor in Ukraine. It does not contain any data or mention of Russia's import partners or trade relationships.

**Concise Answer:** The provided context does not contain information relevant to Russia's import sources.",['Uzbekistan'],Tiered-Forest,"Based on the provided context, your question about Russia's imports cannot be answered. The context only contains information about historical statements regarding the Holodomor in Ukraine. It does not contain any data or mention of Russia's import partners or trade relationships.

**Concise Answer:** The provided context does not contain information relevant to Russia's import sources.",False
WebQTest-1396,webqsp,test,who played darth vader at the end of return of the jedi?,"Hayden Christensen played Darth Vader (as the redeemed Anakin Skywalker force ghost) at the end of *Return of the Jedi* in the 2004 DVD and subsequent releases. In the original 1983 theatrical version, it was Sebastian Shaw.","['Sebastian Shaw', 'David Prowse', 'James Earl Jones']",Tiered-Forest,"Hayden Christensen played Darth Vader (as the redeemed Anakin Skywalker force ghost) at the end of *Return of the Jedi* in the 2004 DVD and subsequent releases. In the original 1983 theatrical version, it was Sebastian Shaw.",True
WebQTest-841,webqsp,test,what is money called in italy?,"In Italy, money is called ""soldi.""",['Euro'],Tiered-Forest,"In Italy, money is called ""soldi.""",False
WebQTest-1889,webqsp,test,who was vice president with bill clinton?,"Bill Clinton's vice president was **Al Gore**, who served both terms from 1993 to 2001.",['Al Gore'],Tiered-Forest,"Bill Clinton's vice president was **Al Gore**, who served both terms from 1993 to 2001.",True
WebQTest-629,webqsp,test,what company does nike own?,"Nike owns several companies and brands, including Roshe, Hurley, and Nike Golf, among others.","['Nike Brand Kitchen', 'Converse', 'Umbro', 'Hurley International', 'NIKE Deutschland GmbH', 'NIKE Mexico Holdings LLC', 'NIKE Vietnam Co', 'Cole Haan Co Store', 'NIKE Flight', 'Umbro Sportwear Ltd', 'Yugen Kaisha Hurley Japan', 'Converse Footwear Technical Service (Zhongshan) Co Ltd', 'Hurley999 UK Ltd', 'BRS NIKE Taiwan Inc', 'Converse Trading Co B.V.', 'Bragano Trading S.r.l.', 'Converse Canada Holding B.V.', 'Converse Hong Kong Ltd', 'PT Hurley Indonesia', 'NIKE 360 Holding B.V.', 'NIKE SALES (MALAYSIA) SDN. BHD.', 'NIKE Chile B.V.', 'NIKE Tailwind', 'Savier Inc', 'NIKE GmbH', 'NIKE Poland Sp.zo.o', 'NIKE Huarache', 'NIKE Finland OY', 'Umbro Schweiz Ltd', 'Converse Sporting Goods (China) Co Ltd', 'NIKE India Holding B.V.', 'NIKE Servicios de Mexico S. de R.L. de C.V.', 'Twin Dragons Holding B.V.', 'NIKE Licenciamentos do Brasil Ltda', 'NIKE UK Holding B.V.', 'NIKE BH B.V.', 'NIKE International Ltd', 'NIKE Sports (China) Co Ltd', 'Converse Netherlands B.V.', 'Exeter Hong Kong Ltd', 'PT NIKE Indonesia', 'NIKE Argentina Srl', 'PMG International Ltd', 'Cole Haan Hong Kong Ltd', 'Umbro Worldwide Ltd', 'NIKE de Chile Ltda', 'Umbro HK Ltd', 'NIKE European Operations Netherlands B.V.', 'Umbro Licensing Ltd', 'Converse Canada Corp', 'NIKE (Suzhou) Sports Co Ltd', 'NIKE Hellas EPE', 'NIKE Retail LLC', 'Manchester United Merchandising Ltd', 'NIKE Cortez', 'Umbro Asia Sourcing Ltd', 'NIKE Africa Ltd', 'Exeter Brands Group LLC', 'NIKE Asia Holding B.V.', 'NIKE Group Holding B.V.', 'NIKE Retail B.V.', 'American NIKE SL', 'Cole Haan Japan', 'Umbro.com', 'NIKE (UK) Ltd', 'NIKE Russia LLC', 'NIKE Laser Holding B.V.', 'NIKE TN Inc', 'Umbro Finance Ltd', 'NIKE Denmark ApS', 'NIKE Max LLC', 'NIKE Vapor Ltd', 'NIKE Japan Corp', 'NIKE Canada Corp', 'NIKE Italy S.R.L.', 'NIKE Suzhou Holding HK Ltd', 'NIKE Europe Holding B.V.', 'NIKE Zoom LLC', 'Umbro JV Ltd', 'NIKE Global Trading PTE. LTD', 'NIKE Philippines Inc', 'Futbol Club Barcelona SL', 'NIKE France SAS.', 'NIKE (Switzerland) GmbH', 'NIKE Holding LLC', 'NIKE Retail Poland sp. z o. o.', 'Hurley 999 SL', 'NIKE Canada Holding B.V.', 'NIKE Sweden AB', 'NIKE (Thailand) Ltd', 'NIKE Hong Kong Ltd', 'NIKE Retail Services Inc', 'NIKE Finance Ltd', 'Umbro Ltd', 'NIKE China Holding HK Ltd', 'NIKE International Holding B.V.', 'NIKE Sourcing India Private Ltd', 'NIKE do Brasil Comercio e Participacoes Ltda', 'NIKE New Zealand Co', 'NIKE Vision Timing & Techlab LP', 'Triax Insurance Inc', 'Umbro International JV', 'Umbro International Holdings Ltd', 'NIKE Australia Pty. Ltd', 'NIKE International LLC', 'NIKE South Africa Ltd', 'NIKE Galaxy Holding B.V.', 'Hurley Australia Pty Ltd', 'Juventus Merchandising S.r.l.', 'NIKE Jump Ltd', 'Umbro International Ltd', 'NIKE Dunk Holding B.V.', 'NIKE NZ Holding B.V.', 'NIKE Waffle', 'NIKE Lavadome', 'NIKE Trading Co B.V.', 'NIKE IHM Inc', 'Twin Dragons Global Ltd', 'Converse Hong Kong Holding Co Ltd', 'NIKE de Mexico S de R.L. de C.V.', 'NIKE Logistics Yugen Kaisha', 'NIKE USA Inc', 'Converse (Asia Pacific) Ltd', 'NIKE Australia Holding B.V.', 'NIKE International Holding Inc', 'NIKE South Africa Holdings LLC', 'NIKE Sports Korea Co Ltd', 'NIKE Israel Ltd', 'NIKE CA LLC', 'NIKE Global Holding B.V.', 'NIKE Offshore Holding B.V.', 'USISL Inc', 'NIKE Global Services PTE. LTD', 'NIKE Pegasus', 'Hurley International Holding B.V.', 'NIKE India Private Ltd', 'NIKE SINGAPORE PTE LTD', 'Nike Vision', 'Cole Haan', 'Nike Golf']",Tiered-Forest,"Nike owns several companies and brands, including Roshe, Hurley, and Nike Golf, among others.",True
WebQTest-751,webqsp,test,who owns google 2012?,"Based on the context provided, the candidate answer lists Google Patents, Chromium Embedded Framework, and Google Fusion Tables. These are all products or projects owned by Google. Therefore, the answer to ""who owns google 2012?"" is:

**Google (the company itself).**","['Vic Gundotra', 'Patrick Pichette', 'Nikesh Arora', 'David Drummond', 'Larry Page']",Tiered-Forest,"Based on the context provided, the candidate answer lists Google Patents, Chromium Embedded Framework, and Google Fusion Tables. These are all products or projects owned by Google. Therefore, the answer to ""who owns google 2012?"" is:

**Google (the company itself).**",False
WebQTest-1387,webqsp,test,what time zone is toronto gmt?,Toronto is in the GMT-5 time zone during Eastern Standard Time and GMT-4 during Eastern Daylight Time.,['Eastern Time Zone'],Tiered-Forest,Toronto is in the GMT-5 time zone during Eastern Standard Time and GMT-4 during Eastern Daylight Time.,False
WebQTest-1174,webqsp,test,what cancer did jackie kennedy die of?,Jackie Kennedy died of non-Hodgkin lymphoma. She was diagnosed in early 1994 and died in May of that year.,['Lymphoma'],Tiered-Forest,Jackie Kennedy died of non-Hodgkin lymphoma. She was diagnosed in early 1994 and died in May of that year.,True
WebQTest-1861,webqsp,test,what is the government system of saudi arabia?,"Saudi Arabia has an absolute monarchy system, with the King as the head of state and government.","['Unitary state', 'Islamic state', 'Absolute monarchy']",Tiered-Forest,"Saudi Arabia has an absolute monarchy system, with the King as the head of state and government.",True
WebQTest-1591,webqsp,test,what was obama's former occupation?,"Barack Obama's former occupation before becoming president was a U.S. Senator from Illinois and, before that, a constitutional law professor and community organizer. The listed movies are unrelated to his actual career.","['Lawyer', 'Writer', 'Politician', 'Law professor', 'Author']",Tiered-Forest,"Barack Obama's former occupation before becoming president was a U.S. Senator from Illinois and, before that, a constitutional law professor and community organizer. The listed movies are unrelated to his actual career.",True
WebQTest-787,webqsp,test,where is the riviera casino?,"The Riviera Casino is located in Las Vegas, Nevada.",['Las Vegas'],Tiered-Forest,"The Riviera Casino is located in Las Vegas, Nevada.",True
WebQTest-1249,webqsp,test,what is the state flower of new mexico?,"The candidate answer is unrelated to the question. The state flower of New Mexico is the **yucca flower**, specifically the Yucca glauca.",['Yucca flower'],Tiered-Forest,"The candidate answer is unrelated to the question. The state flower of New Mexico is the **yucca flower**, specifically the Yucca glauca.",True
WebQTest-1765,webqsp,test,what region is turkey considered?,Turkey is considered to be primarily in Asia Minor (Anatolia) and partially in Southeastern Europe.,['Eurasia'],Tiered-Forest,Turkey is considered to be primarily in Asia Minor (Anatolia) and partially in Southeastern Europe.,False
WebQTest-814,webqsp,test,where is harley davidson corporate headquarters?,"Harley-Davidson's corporate headquarters is located in Milwaukee, Wisconsin, USA.",['Milwaukee'],Tiered-Forest,"Harley-Davidson's corporate headquarters is located in Milwaukee, Wisconsin, USA.",True
WebQTest-362,webqsp,test,when did conflict start in ireland?,"The conflict in Ireland, often referred to as the Troubles, began in the late 1960s.","['Irish War of Independence', ""Nine Years' War"", 'Irish Confederate Wars', 'Irish Rebellion of 1798', 'Wars of the Three Kingdoms', 'Irish Civil War', 'Siege of Smerwick', 'Anglo-Spanish War', 'Williamite War in Ireland', 'Jacobite risings', ""Expédition d'Irlande"", 'Irish Rebellion of 1641', 'Cromwellian conquest of Ireland', 'Desmond Rebellions', 'Planned French invasion of Britain', 'Sack of Dun Gallimhe', 'Battle of Tochar Cruachain-Bri-Ele', 'Battle of Ros-Mhic-Thriúin', 'Guerrilla phase of the Irish Civil War', 'Battle of Affane', 'Siege of Drogheda', 'Battle of the Curragh', 'Battle of Knockdoe', 'Irish Free State offensive', 'Siege of Waterford', 'Norman invasion of Ireland', 'Bruce campaign in Ireland', 'Battle of Belahoe', 'Second Desmond Rebellion', 'Battle of Glentaisie', 'Siege of Wexford']",Tiered-Forest,"The conflict in Ireland, often referred to as the Troubles, began in the late 1960s.",False
WebQTest-1922,webqsp,test,what offices did theodore roosevelt hold?,"Theodore Roosevelt held the following offices:

1. **President of the United States** (1901–1909)
2. **Vice President of the United States** (March–September 1901)
3. **Governor of New York** (1899–1900)
4. **Assistant Secretary of the Navy** (1897–1898)
5. **Member of the U.S. Civil Service Commission** (1889–1895)
6. **Minority Leader of the New York State Assembly** (1883)
7. **Member of the New York State Assembly** (1882–1884)

He was also the **New York City Police Commissioner** (1895–1897) and a **Colonel in the U.S. Army** (Rough Riders), but these are appointed or military roles, not elected ""offices"" in the strict political sense.","['President', 'Member of the Legislative Assembly', 'Assistant Secretary', 'Vice President', 'Governor']",Tiered-Forest,"Theodore Roosevelt held the following offices:

1. **President of the United States** (1901–1909)
2. **Vice President of the United States** (March–September 1901)
3. **Governor of New York** (1899–1900)
4. **Assistant Secretary of the Navy** (1897–1898)
5. **Member of the U.S. Civil Service Commission** (1889–1895)
6. **Minority Leader of the New York State Assembly** (1883)
7. **Member of the New York State Assembly** (1882–1884)

He was also the **New York City Police Commissioner** (1895–1897) and a **Colonel in the U.S. Army** (Rough Riders), but these are appointed or military roles, not elected ""offices"" in the strict political sense.",True
WebQTest-1460,webqsp,test,what was gregor mendel contribution?,"Gregor Mendel's contribution was establishing the fundamental principles of heredity through his experiments with pea plants. He discovered that traits are passed from parents to offspring via discrete units (now called genes), which follow specific patterns of inheritance—namely the laws of segregation and independent assortment. This work laid the foundation for the modern science of genetics.","['Monk', 'Botanist', 'Scientist']",Tiered-Forest,"Gregor Mendel's contribution was establishing the fundamental principles of heredity through his experiments with pea plants. He discovered that traits are passed from parents to offspring via discrete units (now called genes), which follow specific patterns of inheritance—namely the laws of segregation and independent assortment. This work laid the foundation for the modern science of genetics.",False
WebQTest-1057,webqsp,test,what concentration camp did anne frank died in?,Anne Frank died in the Bergen-Belsen concentration camp in early 1945.,['Bergen-Belsen concentration camp'],Tiered-Forest,Anne Frank died in the Bergen-Belsen concentration camp in early 1945.,True
WebQTest-1368,webqsp,test,who formed the american federation of labor?,The American Federation of Labor was formed by Samuel Gompers.,['Samuel Gompers'],Tiered-Forest,The American Federation of Labor was formed by Samuel Gompers.,True
WebQTest-1584,webqsp,test,what disease did bernie mac die of?,"Bernie Mac died from complications of pneumonia, specifically related to sarcoidosis, an inflammatory lung disease he had been in remission from for years.","['Sarcoidosis', 'Complications from pneumonia']",Tiered-Forest,"Bernie Mac died from complications of pneumonia, specifically related to sarcoidosis, an inflammatory lung disease he had been in remission from for years.",True
WebQTest-1855,webqsp,test,what airport do you fly into in paris?,"You can fly into Paris Charles de Gaulle Airport (CDG), Paris Orly Airport (ORY), or Paris Beauvais-Tillé Airport (BVA).","['Paris Orly Airport', 'Charles de Gaulle Airport']",Tiered-Forest,"You can fly into Paris Charles de Gaulle Airport (CDG), Paris Orly Airport (ORY), or Paris Beauvais-Tillé Airport (BVA).",True
WebQTest-1551,webqsp,test,what year did seattle seahawks go to the super bowl?,The Seattle Seahawks went to the Super Bowl in 2014 (Super Bowl XLIX).,"['Super Bowl XL', 'Super Bowl XLVIII']",Tiered-Forest,The Seattle Seahawks went to the Super Bowl in 2014 (Super Bowl XLIX).,True
WebQTest-97,webqsp,test,what songs does smokey robinson sing?,"Smokey Robinson does not sing the songs ""Soul,"" ""Hollywood Homicide,"" or ""Last Holiday."" Those are songs by other artists.

Smokey Robinson sings famous songs like:
* ""The Tracks of My Tears""
* ""Tears of a Clown""
* ""You've Really Got a Hold on Me""
* ""I Second That Emotion""
* ""Being with You""","['The Tears of a Clown', 'Shop Around', ""You've Really Got a Hold on Me"", 'Blame It on Love', 'Just Like You', ""If You Wanna Make Love (Come 'round Here)"", ""Don't Play Another Love Song"", 'Tell Me Tomorrow', 'Being With You', 'Just a Touch Away', 'Baby Come Close', 'Let Me Be the Clock', 'Tracks of My Tears', ""Crusin'"", 'Jingle Bells', 'Pops, We Love You (disco)', 'The Tracks of My Tears', 'The Track of My Tears', 'Whole Lot of Shakin’ in My Heart (Since I Met You)', 'Bad Girl', 'I’ve Got You Under My Skin', 'God Rest Ye Merry Gentlemen', 'Come by Here (Kum Ba Ya)', 'One Heartbeat', ""It's Time to Stop Shoppin' Around"", 'Why Do Happy Memories Hurt So Bad', ""You Don't Know What It's Like"", ""What's Too Much"", 'Love Brought Us Here', ""Love Don't Give No Reason"", 'Keep Me', 'The Way You Do (The Things You Do)', 'Get Ready', 'You Really Got a Hold on Me', 'Ooh Baby Baby', ""Ain't That Peculiar"", 'My Girl', 'Quiet Storm', ""Cruisin'"", 'Melody Man', 'We’ve Come Too Far to End It Now', 'Save Me', 'With Your Love Came', 'I Can’t Stand to See You Cry (Commercial version)', 'Just to See Her', 'Just My Soul Responding', 'My World', ""Fallin'"", ""You've Really Go a Hold on Me"", 'Going to a Go Go', ""Mickey's Monkey"", ""Baby That's Backatcha"", 'I Second That Emotion', 'More Love', 'Yester Love', 'Ooo Baby Baby', ""I've Made Love to You a Thousand Times"", 'Quiet Storm (single version)', 'Christmas Every Day', 'So Bad', 'Noël', 'Tears Of A Clown', ""It's Christmas Time"", 'When Smokey Sings Tears Of A Clown', 'Quiet Storm (Groove Boutique remix)', 'I Can’t Stand to See You Cry (Stereo Promo version)', 'Virgin Man', 'Nearness of You', 'Everything for Christmas', 'Deck the Halls', 'Christmas Greeting', 'Away in the Manger / Coventry Carol', 'The Agony and the Ecstasy', 'Wedding Song', 'Love Letters', 'Coincidentally', ""It's A Good Night"", 'I Love The Nearness Of You', ""The Hurt's On You"", 'Share It', 'Theme From the Big Time', ""Did You Know (Berry's Theme)"", 'You Go to My Head', ""I'm in the Mood for Love"", 'Our Love Is Here to Stay', 'Fly Me to the Moon (In Other Words)', 'Night and Day', ""I'm Glad There Is You"", 'More Than You Know', 'Speak Low', 'Time After Time', ""I Can't Give You Anything but Love"", 'I Like Your Face', ""I've Got You Under My Skin"", 'Tea for Two', 'Why', 'Double Good Everything', 'Rewind', 'Be Who You Are', 'I Love Your Face', ""I Can't Get Enough"", 'Rack Me Back', 'When A Woman Cries', 'You Take Me Away', 'Skid Row', 'Love Is The Light', 'Everything You Touch', ""Love' n Life"", 'Same Old Love', ""I Can't Find"", 'Take Me Through The Night', ""Don't Wanna Be Just Physical"", 'Come to Me Soon', 'You Made Me Feel Love', 'Jasmin', 'Easy', 'Just Another Kiss', 'Unless You Do It Again', 'Love So Fine', ""Can't Fight Love"", 'The Tracks of My Tears (live)', ""And I Don't Love You (Larry Levan instrumental dub)"", 'Walk on By', 'As You Do', 'Never My Love / Never Can Say Goodbye', 'Tell Me Tomorrow, Part 1', 'If You Want My Love', 'Food For Thought', 'Will You Still Love Me Tomorrow', 'You Cannot Laugh Alone', 'Vitamin U', 'In My Corner', 'If You Wanna Make Love', 'I Hear The Children Singing', 'A Silent Partner in a Three-Way Love Affair', 'Holly', 'Will You Love Me Tomorrow?', 'The Family Song', 'Wanna Know My Mind', 'I Care About Detroit', ""And I Don't Love You"", ""It's a Good Feeling"", 'I Second That Emotions', 'Crusin', 'You Are Forever', 'Going to a Go-Go', 'Cruisin', 'Ooo Baby Baby (live)', 'Aqui Con Tigo (Being With You)', ""Who's Sad"", 'Aqui Contigo (Being With You) (Eric Bodi Rivera Mix)', ""I'll Keep My Light In My Window"", ""It's Fantastic"", ""We've Saved The Best For Last (Kenny G with Smokey Robinson)"", 'Christmas Everyday', 'Shoe Soul', 'Whatcha Gonna Do', 'One Time', 'Girlfriend', ""You're the One for Me (feat. Joss Stone)"", 'Love Bath', ""You're Just My Life (feat. India.Arie)"", 'That Place', 'I Want You Back', ""Please Don't Take Your Love (feat. Carlos Santana)"", 'Satisfy You', 'Time Flies', ""Don't Know Why"", 'You Are So Beautiful (feat. Dave Koz)', 'Sweet Harmony', 'I Am, I Am', 'Heavy On Pride (Light On Love)', 'Be Kind To The Growing Mind (with The Temptations)', ""Season's Greetings from Smokey Robinson"", 'Noel', 'A Child Is Waiting', 'The Christmas Song', 'If You Can Want', ""Yes It's You Lady"", 'Quiet Storm (Groove Boutique Chill Jazz mix)', 'Tell Me Tomorrow (12\\"" extended mix)', 'Just To See Her Again', 'Ebony Eyes (Duet with Rick James)', 'Blame It On Love (Duet with Barbara Mitchell)', 'I Have Prayed On It', ""Love Don' Give No Reason (12 Inch Club Mix)"", 'Quiet Storm (Groove Boutique Chill Jazz mix feat. Ray Ayers)', ""Mother's Son"", ""There Will Come A Day ( I'm Gonna Happen To You )"", 'Tracks Of My Tears (Live)', 'Little Girl, Little Girl', 'Going to a Gogo', 'Happy (Love Theme From Lady Sings the Blues)', 'Medley: Never My Love / Never Can Say Goodbye', 'Will You Love Me Tomorrow', 'My Guy', 'Pops, We Love You', 'I Am I Am', 'Open', 'Daylight & Darkness', ""There Will Come a Day (I'm Gonna Happen to You)"", 'Ebony Eyes', ""We've Saved the Best for Last"", 'A Tattoo', 'I Praise & Worship You Father', 'The Tracks of My Heart', 'Jesus Told Me To Love You', ""She's Only a Baby Herself"", 'Let Your Light Shine On Me', ""It's Her Turn to Live"", 'Just Passing Through', 'Asleep on My Love', 'I Know You by Heart', 'Tears of a Sweet Free Clown', 'Santa Claus is Coming to Town', 'Ever Had A Dream', ""Gang Bangin'"", 'Fulfill Your Need', 'Standing On Jesus', 'The Love Between Me and My Kids', 'The Road to Damascus', 'He Can Fix Anything', 'We Are The Warriors', ""(It's The) Same Old Love"", 'Little Girl Little Girl', 'Te Quiero Como Si No Hubiera Un Manana', ""Because of You It's the Best It's Ever Been"", 'Sleepless Nights', 'Hold on to Your Love', 'Photograph in My Mind', 'Be Kind to the Growing Mind', 'Driving Thru Life in the Fast Lane', 'Gone Forever', ""Girl I'm Standing There"", 'No Time to Stop Believing', 'Train of Thought', 'Close Encounters of the First Kind', 'Hanging on by a Thread', 'Why Are You Running From My Love', 'Wishful Thinking', 'Some People Will Do Anything for Love', 'And I Love Her', 'First Time on a Ferris Wheel (Love Theme From \\""Berry Gordy\'s The Last Dragon\\"")', 'Winter Wonderland', 'The Christmas Song (Chestnuts Roasting on an Open Fire) (feat. The Temptations)', 'Be Careful What You Wish For', 'Really Gonna Miss You', 'Be Careful What You Wish For (instrumental)', 'Please Come Home for Christmas']",Tiered-Forest,"Smokey Robinson does not sing the songs ""Soul,"" ""Hollywood Homicide,"" or ""Last Holiday."" Those are songs by other artists.

Smokey Robinson sings famous songs like:
* ""The Tracks of My Tears""
* ""Tears of a Clown""
* ""You've Really Got a Hold on Me""
* ""I Second That Emotion""
* ""Being with You""",True
WebQTest-126,webqsp,test,who wrote the jana gana mana?,"The national anthem of India, ""Jana Gana Mana,"" was written by **Rabindranath Tagore**.","['Ram Singh Thakur', 'Rabindranath Tagore']",Tiered-Forest,"The national anthem of India, ""Jana Gana Mana,"" was written by **Rabindranath Tagore**.",True
WebQTest-56,webqsp,test,what county is kansas city kansas?,"Kansas City, Kansas is located in Johnson County, Kansas.",['Wyandotte County'],Tiered-Forest,"Kansas City, Kansas is located in Johnson County, Kansas.",False
WebQTest-619,webqsp,test,who played victoria barkley?,"The candidate answer lists three actors, but only one played Victoria Barkley: **Barbara Stanwyck**. She played the role in the TV series *The Big Valley*.

Linda Evans played Audra Barkley, and Richard Long played Jarrod Barkley.

**Answer: Barbara Stanwyck**",['Barbara Stanwyck'],Tiered-Forest,"The candidate answer lists three actors, but only one played Victoria Barkley: **Barbara Stanwyck**. She played the role in the TV series *The Big Valley*.

Linda Evans played Audra Barkley, and Richard Long played Jarrod Barkley.

**Answer: Barbara Stanwyck**",True
WebQTest-701,webqsp,test,what team is reggie bush on 2011?,"In 2011, Reggie Bush played for the Miami Dolphins.","['Miami Dolphins', 'New Orleans Saints']",Tiered-Forest,"In 2011, Reggie Bush played for the Miami Dolphins.",True
WebQTest-1420,webqsp,test,what does monsanto own?,"Monsanto owned several agricultural companies and technologies before being acquired by Bayer in 2018, including seeds and agricultural chemicals.","['Agrochemical', 'Seed', 'Chemical industry', 'Agriculture']",Tiered-Forest,"Monsanto owned several agricultural companies and technologies before being acquired by Bayer in 2018, including seeds and agricultural chemicals.",True
WebQTest-1001,webqsp,test,what country is nicki minaj from?,"Nicki Minaj was born in Saint James, Port of Spain, Trinidad and Tobago. She moved to Queens, New York City, United States, when she was five years old.

**Answer:** Trinidad and Tobago (and later the United States).",['United States of America'],Tiered-Forest,"Nicki Minaj was born in Saint James, Port of Spain, Trinidad and Tobago. She moved to Queens, New York City, United States, when she was five years old.

**Answer:** Trinidad and Tobago (and later the United States).",False
WebQTest-1833,webqsp,test,what kind of government does brazil has?,"Brazil has a **federal presidential constitutional republic**.  

This means:  
- **Federal**: Power is divided between the national government and 26 states plus one federal district.  
- **Presidential**: The President is both head of state and head of government, elected separately from the legislature.  
- **Constitutional republic**: Governed by a constitution with elected representatives and separation of powers (executive, legislative, judicial).","['Presidential system', 'Constitutional republic', 'Federal republic']",Tiered-Forest,"Brazil has a **federal presidential constitutional republic**.  

This means:  
- **Federal**: Power is divided between the national government and 26 states plus one federal district.  
- **Presidential**: The President is both head of state and head of government, elected separately from the legislature.  
- **Constitutional republic**: Governed by a constitution with elected representatives and separation of powers (executive, legislative, judicial).",True
WebQTest-923,webqsp,test,what countries does england border?,"England borders only one country, which is Wales, and they are part of the United Kingdom.","['Scotland', 'Wales']",Tiered-Forest,"England borders only one country, which is Wales, and they are part of the United Kingdom.",True
WebQTest-88,webqsp,test,who is willow smith mom name?,Willow Smith's mother is Jada Pinkett Smith.,['Jada Pinkett Smith'],Tiered-Forest,Willow Smith's mother is Jada Pinkett Smith.,True
WebQTest-1905,webqsp,test,where was auschwitz concentration camp located?,"Auschwitz concentration camp was located in Oświęcim, Poland.","['Oświęcim', 'Auschwitz-Birkenau State Museum', 'Poland']",Tiered-Forest,"Auschwitz concentration camp was located in Oświęcim, Poland.",True
WebQTest-1559,webqsp,test,what to do san jose ca?,"You can explore the Tech Museum of Innovation, tour the unique Winchester Mystery House, or relax in the parks and cafes of downtown San Jose.","['Winchester Mystery House', 'Rosicrucian Egyptian Museum', 'The Tech Museum of Innovation', 'Alum Rock Park', 'San Jose Museum of Quilts & Textiles', 'Japantown', 'San Jose Museum of Art', 'Kelley Park', 'Happy Hollow Park & Zoo', 'Cinequest Film Festival', 'Downtown San Jose', 'Santana Row', 'San Jose Municipal Rose Garden', 'Rock ‘n’ Roll San Jose Half Marathon', ""Children's Discovery Museum of San Jose""]",Tiered-Forest,"You can explore the Tech Museum of Innovation, tour the unique Winchester Mystery House, or relax in the parks and cafes of downtown San Jose.",True
WebQTest-68,webqsp,test,who plays the voice of kitt in knight rider?,"The voice of KITT in *Knight Rider* was primarily played by **William Daniels**.

The candidate answer (Peter Parros, David Hasselhoff, Patricia McPherson) is incorrect. Parros and McPherson were actors on the show, and Hasselhoff played the human lead, Michael Knight.",['William Daniels'],Tiered-Forest,"The voice of KITT in *Knight Rider* was primarily played by **William Daniels**.

The candidate answer (Peter Parros, David Hasselhoff, Patricia McPherson) is incorrect. Parros and McPherson were actors on the show, and Hasselhoff played the human lead, Michael Knight.",True
WebQTest-1039,webqsp,test,where does sherrod brown live?,"Sherrod Brown lives in Columbus, Ohio.","['Avon', 'Mansfield']",Tiered-Forest,"Sherrod Brown lives in Columbus, Ohio.",False
WebQTest-206,webqsp,test,what position does brandon roy play?,Brandon Roy played as a point guard in professional basketball.,"['Point guard', 'Shooting guard', 'Small forward']",Tiered-Forest,Brandon Roy played as a point guard in professional basketball.,True
WebQTest-278,webqsp,test,who's dating claire danes?,Claire Danes is married to actor Hugh Dancy. They have been together since 2009 and married in 2012.,['Hugh Dancy'],Tiered-Forest,Claire Danes is married to actor Hugh Dancy. They have been together since 2009 and married in 2012.,True
WebQTest-1631,webqsp,test,who is the texas state senator?,"The Texas State Senate consists of multiple senators representing different districts, so there isn't a single person who can be referred to as ""the Texas state senator.""","['Phil Gramm', 'Lloyd Bentsen', 'John Cornyn', 'Kay Bailey Hutchison', 'Ralph Yarborough', 'John Hemphill', 'John Tower', 'James Pinckney Henderson', ""W. Lee O'Daniel"", 'Thomas Jefferson Rusk', 'Charles Allen Culberson', 'John Henninger Reagan', 'Roger Q. Mills', 'Richard Coke', 'Price Daniel', 'Bob Krueger', 'Louis Wigfall', 'William A. Blakley', 'Joseph Weldon Bailey', 'Andrew Jackson Houston', 'Horace Chilton', 'Morris Sheppard', 'Matthias Ward', 'Ted Cruz', 'James W. Flanagan', 'Samuel B. Maxey', 'Morgan C. Hamilton', 'Earle Bradford Mayfield', 'Tom Connally', 'Rienzi Melville Johnston', 'Lyndon B. Johnson', 'Sam Houston']",Tiered-Forest,"The Texas State Senate consists of multiple senators representing different districts, so there isn't a single person who can be referred to as ""the Texas state senator.""",False
WebQTest-1885,webqsp,test,what does god shiva represent?,"Shiva represents the cycle of destruction and regeneration, which is a necessary part of the cosmic order. He embodies asceticism, meditation, and the transcendence of worldly attachments, while also being the source of cosmic power and the divine dancer (Nataraja) who destroys the universe to prepare for its renewal.",['Hinduism'],Tiered-Forest,"Shiva represents the cycle of destruction and regeneration, which is a necessary part of the cosmic order. He embodies asceticism, meditation, and the transcendence of worldly attachments, while also being the source of cosmic power and the divine dancer (Nataraja) who destroys the universe to prepare for its renewal.",False
WebQTest-910,webqsp,test,where did alexander graham bell die?,"Alexander Graham Bell died in Beinn Bhreagh, his estate near Baddeck, Nova Scotia, Canada.","['Beinn Bhreagh, Nova Scotia']",Tiered-Forest,"Alexander Graham Bell died in Beinn Bhreagh, his estate near Baddeck, Nova Scotia, Canada.",False
WebQTest-406,webqsp,test,who is the coach of the sf giants?,"The coach of the San Francisco Giants is Willie Mays Yastrzemski, who serves as the hitting coach.","['Bill Hayes', 'Tim Flannery', 'Dave Righetti', 'Carney Lansford', 'Roberto Kelly', 'Ron Wotus', 'Mark Gardner']",Tiered-Forest,"The coach of the San Francisco Giants is Willie Mays Yastrzemski, who serves as the hitting coach.",False
WebQTest-1364,webqsp,test,what do they speak in scotland?,"In Scotland, English is the primary language, but Scottish English and Scots are also spoken.",['English Language'],Tiered-Forest,"In Scotland, English is the primary language, but Scottish English and Scots are also spoken.",False
WebQTest-1844,webqsp,test,who plays robin hood in prince of thieves?,"In *Robin Hood: Prince of Thieves*, the character of Robin Hood is played by **Kevin Costner**.

* Kevin Reynolds was the director.
* Sean Connery had a cameo as King Richard.",['Kevin Costner'],Tiered-Forest,"In *Robin Hood: Prince of Thieves*, the character of Robin Hood is played by **Kevin Costner**.

* Kevin Reynolds was the director.
* Sean Connery had a cameo as King Richard.",True
WebQTest-1664,webqsp,test,what form of currency does germany use?,Germany uses the **euro (€)** as its currency.,['Euro'],Tiered-Forest,Germany uses the **euro (€)** as its currency.,True
WebQTest-1593,webqsp,test,where is the thames river source?,"The Thames River's source is near Kemble in Gloucestershire, England.",['Thames Head'],Tiered-Forest,"The Thames River's source is near Kemble in Gloucestershire, England.",False
WebQTest-340,webqsp,test,who is richard pryor son?,"Jo Jo Dancer, Your Life Is Calling, Richard Pryor: Here and Now, Car Wash","['Franklin Pryor', 'Richard Pryor Jr.', 'Steven Pryor']",Tiered-Forest,"Jo Jo Dancer, Your Life Is Calling, Richard Pryor: Here and Now, Car Wash",False
WebQTest-543,webqsp,test,what college did martin luther king jr go to?,Martin Luther King Jr. attended **Morehouse College** for his undergraduate degree.,"['Morehouse College', 'Crozer Theological Seminary', 'Boston University']",Tiered-Forest,Martin Luther King Jr. attended **Morehouse College** for his undergraduate degree.,True
WebQTest-831,webqsp,test,what type of religion does argentina have?,"Argentina does not have an official state religion, but Catholicism is the predominant faith practiced by a majority of the population.","['Judaism', 'Protestantism', 'Catholicism']",Tiered-Forest,"Argentina does not have an official state religion, but Catholicism is the predominant faith practiced by a majority of the population.",True
WebQTest-281,webqsp,test,what type of sports do japanese play?,"Japanese play a variety of sports, including traditional ones like sumo and karate, as well as popular international sports like soccer, baseball, and basketball.","[""Japan women's national volleyball team"", ""Japan men's national volleyball team"", 'Japan national football team', ""Japan women's national handball team"", 'Japan national baseball team', 'Japan national handball team', 'Bridgestone-Anchor', 'Burning']",Tiered-Forest,"Japanese play a variety of sports, including traditional ones like sumo and karate, as well as popular international sports like soccer, baseball, and basketball.",False
WebQTest-1225,webqsp,test,what kourtney kardashian boyfriends name?,"Keeping Up with the Kardashians, Kourtney and Kim Take Miami, Khloé & Lamar",['Scott Disick'],Tiered-Forest,"Keeping Up with the Kardashians, Kourtney and Kim Take Miami, Khloé & Lamar",False
WebQTest-1836,webqsp,test,where laura ingalls wilder lived?,"Laura Ingalls Wilder lived in several places throughout her life, primarily in the American Midwest during the period of westward expansion. Key locations include:

*   **Wisconsin:** Born in 1867 near Pepin (the ""Little House in the Big Woods"").
*   **Kansas:** Lived near Independence as a young child (the ""Little House on the Prairie"").
*   **Minnesota:** Lived near Walnut Grove (the setting for ""On the Banks of Plum Creek"").
*   **Iowa:** Lived in Burr Oak (not featured in her main series).
*   **South Dakota:** Spent her later childhood and teenage years in De Smet (the setting for five of her books). This is where she met and married Almanzo Wilder.
*   **Missouri:** As an adult, she and Almanzo moved to Mansfield, Missouri, in 1894. She lived and wrote her ""Little House"" books at Rocky","['De Smet', 'Pepin', 'Kansas', 'Burr Oak', 'Walnut Grove', 'Mansfield']",Tiered-Forest,"Laura Ingalls Wilder lived in several places throughout her life, primarily in the American Midwest during the period of westward expansion. Key locations include:

*   **Wisconsin:** Born in 1867 near Pepin (the ""Little House in the Big Woods"").
*   **Kansas:** Lived near Independence as a young child (the ""Little House on the Prairie"").
*   **Minnesota:** Lived near Walnut Grove (the setting for ""On the Banks of Plum Creek"").
*   **Iowa:** Lived in Burr Oak (not featured in her main series).
*   **South Dakota:** Spent her later childhood and teenage years in De Smet (the setting for five of her books). This is where she met and married Almanzo Wilder.
*   **Missouri:** As an adult, she and Almanzo moved to Mansfield, Missouri, in 1894. She lived and wrote her ""Little House"" books at Rocky",True
WebQTest-834,webqsp,test,where did the battle of waterloo occur?,"The Battle of Waterloo occurred in Waterloo, Belgium.",['Waterloo'],Tiered-Forest,"The Battle of Waterloo occurred in Waterloo, Belgium.",True
WebQTest-1741,webqsp,test,where is the headquarters of bank of america?,"The headquarters of Bank of America is located in Charlotte, North Carolina.",['Charlotte'],Tiered-Forest,"The headquarters of Bank of America is located in Charlotte, North Carolina.",True
